IGM HI transmissions exp(-tau) (HeI and HeII not included!). Please
reference: Meiksin A., 2005, MNRAS, 365, 807 in any publications using these results.
-------------------------------------------------------------------------------------
lam (A)  z=1.5    z=2.0    z=2.5    z=3.0    z=3.5    z=4.0    z=4.5    z=5.0    z=5.5    z=6.0    z=6.5    z=7.0
1730.0 0.323241 0.150055 0.074558 0.038532 0.020407 0.010983 0.005976 0.003277 0.001807 0.001001 0.000556 0.000310
1731.0 0.323538 0.150066 0.074510 0.038482 0.020369 0.010956 0.005958 0.003266 0.001800 0.000996 0.000553 0.000308
1732.0 0.323836 0.150077 0.074462 0.038433 0.020330 0.010929 0.005940 0.003254 0.001793 0.000992 0.000550 0.000306
1733.0 0.324135 0.150089 0.074414 0.038383 0.020292 0.010902 0.005922 0.003243 0.001785 0.000987 0.000548 0.000304
1734.0 0.324436 0.150101 0.074367 0.038334 0.020253 0.010875 0.005905 0.003231 0.001778 0.000983 0.000545 0.000303
1735.0 0.324738 0.150114 0.074319 0.038285 0.020215 0.010848 0.005887 0.003220 0.001771 0.000978 0.000542 0.000301
1736.0 0.325042 0.150127 0.074272 0.038235 0.020177 0.010822 0.005869 0.003208 0.001764 0.000974 0.000539 0.000299
1737.0 0.325346 0.150140 0.074225 0.038187 0.020139 0.010795 0.005851 0.003197 0.001756 0.000969 0.000536 0.000298
1738.0 0.325653 0.150154 0.074179 0.038138 0.020101 0.010769 0.005834 0.003185 0.001749 0.000965 0.000534 0.000296
1739.0 0.325960 0.150168 0.074132 0.038089 0.020063 0.010742 0.005816 0.003174 0.001742 0.000960 0.000531 0.000294
1740.0 0.326269 0.150182 0.074085 0.038040 0.020025 0.010716 0.005799 0.003163 0.001735 0.000956 0.000528 0.000293
1741.0 0.326580 0.150197 0.074039 0.037992 0.019988 0.010690 0.005781 0.003152 0.001728 0.000951 0.000526 0.000291
1742.0 0.326892 0.150213 0.073993 0.037944 0.019950 0.010663 0.005764 0.003140 0.001721 0.000947 0.000523 0.000289
1743.0 0.327205 0.150229 0.073948 0.037896 0.019913 0.010637 0.005747 0.003129 0.001714 0.000943 0.000520 0.000288
1744.0 0.327519 0.150245 0.073902 0.037848 0.019876 0.010611 0.005729 0.003118 0.001707 0.000938 0.000518 0.000286
1745.0 0.327835 0.150262 0.073857 0.037800 0.019839 0.010585 0.005712 0.003107 0.001700 0.000934 0.000515 0.000285
1746.0 0.328153 0.150279 0.073812 0.037752 0.019802 0.010559 0.005695 0.003096 0.001693 0.000930 0.000512 0.000283
1747.0 0.328472 0.150296 0.073767 0.037704 0.019765 0.010534 0.005678 0.003085 0.001686 0.000925 0.000510 0.000281
1748.0 0.328792 0.150314 0.073722 0.037657 0.019728 0.010508 0.005661 0.003074 0.001679 0.000921 0.000507 0.000280
1749.0 0.329114 0.150333 0.073677 0.037610 0.019691 0.010482 0.005644 0.003063 0.001672 0.000917 0.000504 0.000278
1750.0 0.329437 0.150351 0.073633 0.037563 0.019654 0.010457 0.005627 0.003052 0.001666 0.000913 0.000502 0.000277
1751.0 0.329761 0.150371 0.073589 0.037515 0.019618 0.010431 0.005610 0.003042 0.001659 0.000909 0.000499 0.000275
1752.0 0.330087 0.150390 0.073545 0.037469 0.019581 0.010406 0.005593 0.003031 0.001652 0.000904 0.000497 0.000274
1753.0 0.330415 0.150410 0.073501 0.037422 0.019545 0.010380 0.005577 0.003020 0.001645 0.000900 0.000494 0.000272
1754.0 0.330744 0.150431 0.073458 0.037375 0.019509 0.010355 0.005560 0.003010 0.001639 0.000896 0.000492 0.000270
1755.0 0.331074 0.150452 0.073414 0.037329 0.019473 0.010330 0.005543 0.002999 0.001632 0.000892 0.000489 0.000269
1756.0 0.331406 0.150473 0.073371 0.037282 0.019437 0.010305 0.005527 0.002988 0.001625 0.000888 0.000487 0.000267
1757.0 0.331739 0.150495 0.073328 0.037236 0.019401 0.010280 0.005510 0.002978 0.001619 0.000884 0.000484 0.000266
1758.0 0.332074 0.150517 0.073285 0.037190 0.019365 0.010255 0.005494 0.002967 0.001612 0.000880 0.000482 0.000264
1759.0 0.332410 0.150539 0.073243 0.037144 0.019329 0.010230 0.005477 0.002957 0.001606 0.000876 0.000479 0.000263
1760.0 0.332747 0.150562 0.073201 0.037098 0.019293 0.010205 0.005461 0.002946 0.001599 0.000872 0.000477 0.000261
1761.0 0.333087 0.150586 0.073158 0.037052 0.019258 0.010181 0.005445 0.002936 0.001593 0.000868 0.000474 0.000260
1762.0 0.333427 0.150610 0.073117 0.037007 0.019222 0.010156 0.005429 0.002926 0.001586 0.000864 0.000472 0.000259
1763.0 0.333769 0.150634 0.073075 0.036961 0.019187 0.010131 0.005412 0.002915 0.001580 0.000860 0.000470 0.000257
1764.0 0.334113 0.150659 0.073033 0.036916 0.019152 0.010107 0.005396 0.002905 0.001573 0.000856 0.000467 0.000256
1765.0 0.334458 0.150684 0.072992 0.036871 0.019117 0.010083 0.005380 0.002895 0.001567 0.000852 0.000465 0.000254
1766.0 0.334804 0.150709 0.072951 0.036826 0.019082 0.010058 0.005364 0.002885 0.001561 0.000848 0.000462 0.000253
1767.0 0.335153 0.150735 0.072910 0.036781 0.019047 0.010034 0.005348 0.002875 0.001554 0.000844 0.000460 0.000251
1768.0 0.335502 0.150762 0.072869 0.036736 0.019012 0.010010 0.005332 0.002864 0.001548 0.000840 0.000458 0.000250
1769.0 0.335853 0.150789 0.072828 0.036691 0.018977 0.009986 0.005317 0.002854 0.001542 0.000836 0.000455 0.000249
1770.0 0.336206 0.150816 0.072788 0.036647 0.018942 0.009962 0.005301 0.002844 0.001535 0.000833 0.000453 0.000247
1771.0 0.336560 0.150844 0.072748 0.036603 0.018908 0.009938 0.005285 0.002834 0.001529 0.000829 0.000451 0.000246
1772.0 0.336915 0.150872 0.072708 0.036558 0.018873 0.009914 0.005269 0.002824 0.001523 0.000825 0.000448 0.000244
1773.0 0.337273 0.150900 0.072668 0.036514 0.018839 0.009890 0.005254 0.002814 0.001517 0.000821 0.000446 0.000243
1774.0 0.337631 0.150929 0.072628 0.036470 0.018805 0.009866 0.005238 0.002805 0.001511 0.000817 0.000444 0.000242
1775.0 0.337992 0.150959 0.072589 0.036426 0.018771 0.009842 0.005223 0.002795 0.001505 0.000814 0.000442 0.000240
1776.0 0.338354 0.150989 0.072550 0.036382 0.018737 0.009819 0.005207 0.002785 0.001499 0.000810 0.000439 0.000239
1777.0 0.338717 0.151019 0.072511 0.036339 0.018703 0.009795 0.005192 0.002775 0.001492 0.000806 0.000437 0.000238
1778.0 0.339082 0.151050 0.072472 0.036295 0.018669 0.009772 0.005176 0.002765 0.001486 0.000803 0.000435 0.000236
1779.0 0.339448 0.151081 0.072433 0.036252 0.018635 0.009748 0.005161 0.002756 0.001480 0.000799 0.000433 0.000235
1780.0 0.339816 0.151113 0.072395 0.036209 0.018601 0.009725 0.005146 0.002746 0.001474 0.000795 0.000430 0.000234
1781.0 0.340186 0.151145 0.072357 0.036166 0.018568 0.009702 0.005131 0.002736 0.001469 0.000792 0.000428 0.000232
1782.0 0.340557 0.151177 0.072319 0.036123 0.018534 0.009679 0.005116 0.002727 0.001463 0.000788 0.000426 0.000231
1783.0 0.340930 0.151210 0.072281 0.036080 0.018501 0.009656 0.005100 0.002717 0.001457 0.000784 0.000424 0.000230
1784.0 0.341304 0.151243 0.072243 0.036037 0.018467 0.009633 0.005085 0.002708 0.001451 0.000781 0.000422 0.000228
1785.0 0.341680 0.151277 0.072206 0.035994 0.018434 0.009610 0.005070 0.002698 0.001445 0.000777 0.000420 0.000227
1786.0 0.342058 0.151311 0.072168 0.035952 0.018401 0.009587 0.005055 0.002689 0.001439 0.000774 0.000417 0.000226
1787.0 0.342437 0.151346 0.072131 0.035909 0.018368 0.009564 0.005041 0.002680 0.001433 0.000770 0.000415 0.000225
1788.0 0.342818 0.151381 0.072095 0.035867 0.018335 0.009541 0.005026 0.002670 0.001428 0.000767 0.000413 0.000223
1789.0 0.343200 0.151417 0.072058 0.035825 0.018302 0.009518 0.005011 0.002661 0.001422 0.000763 0.000411 0.000222
1790.0 0.343584 0.151453 0.072021 0.035783 0.018269 0.009496 0.004996 0.002652 0.001416 0.000760 0.000409 0.000221
1791.0 0.343970 0.151489 0.071985 0.035741 0.018237 0.009473 0.004982 0.002642 0.001410 0.000756 0.000407 0.000220
1792.0 0.344357 0.151526 0.071949 0.035699 0.018204 0.009451 0.004967 0.002633 0.001405 0.000753 0.000405 0.000218
1793.0 0.344746 0.151563 0.071913 0.035658 0.018172 0.009428 0.004952 0.002624 0.001399 0.000749 0.000403 0.000217
1794.0 0.345137 0.151601 0.071877 0.035616 0.018139 0.009406 0.004938 0.002615 0.001393 0.000746 0.000401 0.000216
1795.0 0.345529 0.151639 0.071842 0.035575 0.018107 0.009384 0.004923 0.002606 0.001388 0.000743 0.000399 0.000215
1796.0 0.345922 0.151678 0.071806 0.035534 0.018075 0.009362 0.004909 0.002597 0.001382 0.000739 0.000397 0.000213
1797.0 0.346318 0.151717 0.071771 0.035493 0.018043 0.009339 0.004894 0.002588 0.001377 0.000736 0.000395 0.000212
1798.0 0.346715 0.151756 0.071736 0.035452 0.018011 0.009317 0.004880 0.002579 0.001371 0.000732 0.000393 0.000211
1799.0 0.347114 0.151796 0.071702 0.035411 0.017979 0.009295 0.004866 0.002570 0.001366 0.000729 0.000391 0.000210
1800.0 0.347514 0.151837 0.071667 0.035370 0.017947 0.009273 0.004852 0.002561 0.001360 0.000726 0.000389 0.000209
1801.0 0.347917 0.151878 0.071633 0.035329 0.017915 0.009251 0.004837 0.002552 0.001355 0.000723 0.000387 0.000208
1802.0 0.348320 0.151919 0.071598 0.035289 0.017883 0.009230 0.004823 0.002543 0.001349 0.000719 0.000385 0.000206
1803.0 0.348726 0.151961 0.071564 0.035248 0.017852 0.009208 0.004809 0.002534 0.001344 0.000716 0.000383 0.000205
1804.0 0.349133 0.152003 0.071531 0.035208 0.017820 0.009186 0.004795 0.002525 0.001338 0.000713 0.000381 0.000204
1805.0 0.349542 0.152046 0.071497 0.035168 0.017789 0.009165 0.004781 0.002516 0.001333 0.000709 0.000379 0.000203
1806.0 0.349953 0.152089 0.071464 0.035128 0.017758 0.009143 0.004767 0.002508 0.001328 0.000706 0.000377 0.000202
1807.0 0.350365 0.152132 0.071430 0.035088 0.017726 0.009122 0.004753 0.002499 0.001322 0.000703 0.000375 0.000201
1808.0 0.350779 0.152176 0.071397 0.035048 0.017695 0.009100 0.004739 0.002490 0.001317 0.000700 0.000373 0.000200
1809.0 0.351195 0.152221 0.071365 0.035008 0.017664 0.009079 0.004726 0.002482 0.001312 0.000697 0.000371 0.000198
1810.0 0.351612 0.152266 0.071332 0.034969 0.017633 0.009058 0.004712 0.002473 0.001306 0.000693 0.000369 0.000197
1811.0 0.352032 0.152311 0.071299 0.034929 0.017602 0.009036 0.004698 0.002464 0.001301 0.000690 0.000368 0.000196
1812.0 0.352453 0.152357 0.071267 0.034890 0.017571 0.009015 0.004684 0.002456 0.001296 0.000687 0.000366 0.000195
1813.0 0.352875 0.152403 0.071235 0.034851 0.017541 0.008994 0.004671 0.002447 0.001291 0.000684 0.000364 0.000194
1814.0 0.353300 0.152450 0.071203 0.034812 0.017510 0.008973 0.004657 0.002439 0.001286 0.000681 0.000362 0.000193
1815.0 0.353726 0.152497 0.071171 0.034773 0.017480 0.008952 0.004644 0.002431 0.001280 0.000678 0.000360 0.000192
1816.0 0.354154 0.152545 0.071140 0.034734 0.017449 0.008931 0.004630 0.002422 0.001275 0.000675 0.000358 0.000191
1817.0 0.354584 0.152593 0.071108 0.034695 0.017419 0.008910 0.004617 0.002414 0.001270 0.000672 0.000357 0.000190
1818.0 0.355015 0.152642 0.071077 0.034657 0.017388 0.008890 0.004603 0.002405 0.001265 0.000669 0.000355 0.000189
1819.0 0.355449 0.152691 0.071046 0.034618 0.017358 0.008869 0.004590 0.002397 0.001260 0.000666 0.000353 0.000188
1820.0 0.355884 0.152740 0.071016 0.034580 0.017328 0.008848 0.004577 0.002389 0.001255 0.000663 0.000351 0.000187
1821.0 0.356321 0.152790 0.070985 0.034541 0.017298 0.008828 0.004563 0.002381 0.001250 0.000660 0.000349 0.000186
1822.0 0.356759 0.152841 0.070955 0.034503 0.017268 0.008807 0.004550 0.002372 0.001245 0.000657 0.000348 0.000185
1823.0 0.357200 0.152891 0.070925 0.034465 0.017238 0.008787 0.004537 0.002364 0.001240 0.000654 0.000346 0.000183
1824.0 0.357642 0.152943 0.070895 0.034427 0.017208 0.008766 0.004524 0.002356 0.001235 0.000651 0.000344 0.000182
1825.0 0.358086 0.152995 0.070865 0.034389 0.017179 0.008746 0.004511 0.002348 0.001230 0.000648 0.000342 0.000181
1826.0 0.358532 0.153047 0.070835 0.034352 0.017149 0.008726 0.004498 0.002340 0.001225 0.000645 0.000341 0.000180
1827.0 0.358980 0.153100 0.070806 0.034314 0.017120 0.008705 0.004485 0.002332 0.001220 0.000642 0.000339 0.000179
1828.0 0.359430 0.153153 0.070776 0.034277 0.017090 0.008685 0.004472 0.002324 0.001216 0.000639 0.000337 0.000178
1829.0 0.359881 0.153206 0.070747 0.034239 0.017061 0.008665 0.004459 0.002316 0.001211 0.000636 0.000335 0.000177
1830.0 0.360335 0.153261 0.070718 0.034202 0.017032 0.008645 0.004446 0.002308 0.001206 0.000633 0.000334 0.000176
1831.0 0.360790 0.153315 0.070690 0.034165 0.017002 0.008625 0.004433 0.002300 0.001201 0.000630 0.000332 0.000175
1832.0 0.361247 0.153370 0.070661 0.034128 0.016973 0.008605 0.004420 0.002292 0.001196 0.000627 0.000330 0.000174
1833.0 0.361706 0.153426 0.070633 0.034091 0.016944 0.008585 0.004408 0.002284 0.001191 0.000625 0.000329 0.000173
1834.0 0.362167 0.153482 0.070605 0.034054 0.016915 0.008566 0.004395 0.002276 0.001187 0.000622 0.000327 0.000173
1835.0 0.362629 0.153538 0.070577 0.034018 0.016886 0.008546 0.004382 0.002268 0.001182 0.000619 0.000325 0.000172
1836.0 0.363094 0.153595 0.070549 0.033981 0.016858 0.008526 0.004370 0.002260 0.001177 0.000616 0.000324 0.000171
1837.0 0.363560 0.153653 0.070522 0.033945 0.016829 0.008506 0.004357 0.002253 0.001173 0.000613 0.000322 0.000170
1838.0 0.364029 0.153711 0.070494 0.033908 0.016800 0.008487 0.004345 0.002245 0.001168 0.000611 0.000321 0.000169
1839.0 0.364499 0.153769 0.070467 0.033872 0.016772 0.008467 0.004332 0.002237 0.001163 0.000608 0.000319 0.000168
1840.0 0.364971 0.153828 0.070440 0.033836 0.016743 0.008448 0.004320 0.002230 0.001159 0.000605 0.000317 0.000167
1841.0 0.365445 0.153887 0.070413 0.033800 0.016715 0.008429 0.004307 0.002222 0.001154 0.000602 0.000316 0.000166
1842.0 0.365921 0.153947 0.070386 0.033764 0.016686 0.008409 0.004295 0.002214 0.001149 0.000600 0.000314 0.000165
1843.0 0.366399 0.154007 0.070360 0.033728 0.016658 0.008390 0.004283 0.002207 0.001145 0.000597 0.000312 0.000164
1844.0 0.366879 0.154068 0.070334 0.033693 0.016630 0.008371 0.004270 0.002199 0.001140 0.000594 0.000311 0.000163
1845.0 0.367361 0.154129 0.070308 0.033657 0.016602 0.008352 0.004258 0.002192 0.001136 0.000592 0.000309 0.000162
1846.0 0.367845 0.154191 0.070282 0.033622 0.016574 0.008333 0.004246 0.002184 0.001131 0.000589 0.000308 0.000161
1847.0 0.368331 0.154253 0.070256 0.033586 0.016546 0.008314 0.004234 0.002177 0.001127 0.000586 0.000306 0.000160
1848.0 0.368818 0.154316 0.070231 0.033551 0.016518 0.008295 0.004222 0.002169 0.001122 0.000584 0.000305 0.000160
1849.0 0.369308 0.154379 0.070205 0.033516 0.016491 0.008276 0.004210 0.002162 0.001118 0.000581 0.000303 0.000159
1850.0 0.369800 0.154443 0.070180 0.033481 0.016463 0.008257 0.004198 0.002154 0.001113 0.000578 0.000302 0.000158
1851.0 0.370293 0.154507 0.070155 0.033446 0.016435 0.008238 0.004186 0.002147 0.001109 0.000576 0.000300 0.000157
1852.0 0.370789 0.154572 0.070130 0.033411 0.016408 0.008219 0.004174 0.002140 0.001105 0.000573 0.000299 0.000156
1853.0 0.371287 0.154637 0.070106 0.033377 0.016380 0.008201 0.004162 0.002132 0.001100 0.000571 0.000297 0.000155
1854.0 0.371786 0.154703 0.070082 0.033342 0.016353 0.008182 0.004150 0.002125 0.001096 0.000568 0.000296 0.000154
1855.0 0.372288 0.154769 0.070057 0.033308 0.016326 0.008163 0.004138 0.002118 0.001092 0.000565 0.000294 0.000153
1856.0 0.372792 0.154835 0.070033 0.033273 0.016298 0.008145 0.004126 0.002111 0.001087 0.000563 0.000293 0.000153
1857.0 0.373298 0.154902 0.070009 0.033239 0.016271 0.008126 0.004114 0.002103 0.001083 0.000560 0.000291 0.000152
1858.0 0.373806 0.154970 0.069986 0.033205 0.016244 0.008108 0.004103 0.002096 0.001079 0.000558 0.000290 0.000151
1859.0 0.374316 0.155038 0.069962 0.033171 0.016217 0.008090 0.004091 0.002089 0.001074 0.000555 0.000288 0.000150
1860.0 0.374827 0.155107 0.069939 0.033137 0.016190 0.008071 0.004079 0.002082 0.001070 0.000553 0.000287 0.000149
1861.0 0.375341 0.155176 0.069916 0.033103 0.016163 0.008053 0.004068 0.002075 0.001066 0.000550 0.000285 0.000148
1862.0 0.375858 0.155245 0.069893 0.033070 0.016137 0.008035 0.004056 0.002068 0.001062 0.000548 0.000284 0.000148
1863.0 0.376376 0.155315 0.069870 0.033036 0.016110 0.008017 0.004045 0.002061 0.001057 0.000545 0.000282 0.000147
1864.0 0.376896 0.155386 0.069848 0.033002 0.016083 0.007999 0.004033 0.002054 0.001053 0.000543 0.000281 0.000146
1865.0 0.377418 0.155457 0.069825 0.032969 0.016057 0.007981 0.004022 0.002047 0.001049 0.000541 0.000280 0.000145
1866.0 0.377943 0.155528 0.069803 0.032936 0.016030 0.007963 0.004011 0.002040 0.001045 0.000538 0.000278 0.000144
1867.0 0.378469 0.155600 0.069781 0.032903 0.016004 0.007945 0.003999 0.002033 0.001041 0.000536 0.000277 0.000143
1868.0 0.378998 0.155673 0.069759 0.032870 0.015978 0.007927 0.003988 0.002026 0.001037 0.000533 0.000275 0.000143
1869.0 0.379529 0.155746 0.069738 0.032837 0.015951 0.007909 0.003977 0.002019 0.001033 0.000531 0.000274 0.000142
1870.0 0.380062 0.155820 0.069716 0.032804 0.015925 0.007891 0.003965 0.002012 0.001029 0.000529 0.000273 0.000141
1871.0 0.380597 0.155894 0.069695 0.032771 0.015899 0.007874 0.003954 0.002006 0.001025 0.000526 0.000271 0.000140
1872.0 0.381134 0.155968 0.069674 0.032738 0.015873 0.007856 0.003943 0.001999 0.001020 0.000524 0.000270 0.000140
1873.0 0.381673 0.156043 0.069653 0.032706 0.015847 0.007838 0.003932 0.001992 0.001016 0.000521 0.000269 0.000139
1874.0 0.382215 0.156119 0.069633 0.032673 0.015821 0.007821 0.003921 0.001985 0.001012 0.000519 0.000267 0.000138
1875.0 0.382758 0.156195 0.069612 0.032641 0.015796 0.007803 0.003910 0.001978 0.001008 0.000517 0.000266 0.000137
1876.0 0.383304 0.156271 0.069592 0.032609 0.015770 0.007786 0.003899 0.001972 0.001004 0.000514 0.000265 0.000136
1877.0 0.383852 0.156348 0.069572 0.032577 0.015744 0.007768 0.003888 0.001965 0.001001 0.000512 0.000263 0.000136
1878.0 0.384402 0.156426 0.069552 0.032545 0.015719 0.007751 0.003877 0.001958 0.000997 0.000510 0.000262 0.000135
1879.0 0.384955 0.156504 0.069532 0.032513 0.015693 0.007734 0.003866 0.001952 0.000993 0.000508 0.000261 0.000134
1880.0 0.385509 0.156583 0.069512 0.032481 0.015668 0.007717 0.003855 0.001945 0.000989 0.000505 0.000259 0.000133
1881.0 0.386066 0.156662 0.069493 0.032449 0.015642 0.007699 0.003844 0.001939 0.000985 0.000503 0.000258 0.000133
1882.0 0.386625 0.156742 0.069474 0.032418 0.015617 0.007682 0.003833 0.001932 0.000981 0.000501 0.000257 0.000132
1883.0 0.387187 0.156822 0.069455 0.032386 0.015592 0.007665 0.003823 0.001926 0.000977 0.000499 0.000255 0.000131
1884.0 0.387750 0.156903 0.069436 0.032355 0.015567 0.007648 0.003812 0.001919 0.000973 0.000496 0.000254 0.000131
1885.0 0.388316 0.156984 0.069417 0.032324 0.015542 0.007631 0.003801 0.001913 0.000969 0.000494 0.000253 0.000130
1886.0 0.388884 0.157066 0.069399 0.032292 0.015517 0.007614 0.003790 0.001906 0.000966 0.000492 0.000252 0.000129
1887.0 0.389454 0.157148 0.069380 0.032261 0.015492 0.007597 0.003780 0.001900 0.000962 0.000490 0.000250 0.000128
1888.0 0.390027 0.157230 0.069362 0.032230 0.015467 0.007581 0.003769 0.001893 0.000958 0.000487 0.000249 0.000128
1889.0 0.390602 0.157314 0.069344 0.032199 0.015442 0.007564 0.003759 0.001887 0.000954 0.000485 0.000248 0.000127
1890.0 0.391179 0.157398 0.069327 0.032169 0.015417 0.007547 0.003748 0.001881 0.000951 0.000483 0.000247 0.000126
1891.0 0.391759 0.157482 0.069309 0.032138 0.015393 0.007530 0.003738 0.001874 0.000947 0.000481 0.000245 0.000126
1892.0 0.392340 0.157567 0.069292 0.032108 0.015368 0.007514 0.003727 0.001868 0.000943 0.000479 0.000244 0.000125
1893.0 0.392924 0.157652 0.069274 0.032077 0.015343 0.007497 0.003717 0.001862 0.000939 0.000477 0.000243 0.000124
1894.0 0.393511 0.157738 0.069257 0.032047 0.015319 0.007481 0.003707 0.001855 0.000936 0.000475 0.000242 0.000123
1895.0 0.394100 0.157825 0.069241 0.032016 0.015295 0.007464 0.003696 0.001849 0.000932 0.000472 0.000240 0.000123
1896.0 0.394691 0.157911 0.069224 0.031986 0.015270 0.007448 0.003686 0.001843 0.000928 0.000470 0.000239 0.000122
1897.0 0.395284 0.157999 0.069207 0.031956 0.015246 0.007431 0.003676 0.001837 0.000925 0.000468 0.000238 0.000121
1898.0 0.395880 0.158087 0.069191 0.031926 0.015222 0.007415 0.003665 0.001831 0.000921 0.000466 0.000237 0.000121
1899.0 0.396478 0.158176 0.069175 0.031896 0.015198 0.007399 0.003655 0.001825 0.000918 0.000464 0.000236 0.000120
1900.0 0.397079 0.158265 0.069159 0.031867 0.015174 0.007382 0.003645 0.001818 0.000914 0.000462 0.000234 0.000119
1901.0 0.397682 0.158354 0.069143 0.031837 0.015150 0.007366 0.003635 0.001812 0.000910 0.000460 0.000233 0.000119
1902.0 0.398287 0.158445 0.069128 0.031807 0.015126 0.007350 0.003625 0.001806 0.000907 0.000458 0.000232 0.000118
1903.0 0.398895 0.158535 0.069113 0.031778 0.015102 0.007334 0.003615 0.001800 0.000903 0.000456 0.000231 0.000117
1904.0 0.399505 0.158626 0.069097 0.031748 0.015078 0.007318 0.003605 0.001794 0.000900 0.000454 0.000230 0.000117
1905.0 0.400118 0.158718 0.069082 0.031719 0.015055 0.007302 0.003595 0.001788 0.000896 0.000452 0.000229 0.000116
1906.0 0.400733 0.158811 0.069068 0.031690 0.015031 0.007286 0.003585 0.001782 0.000893 0.000450 0.000228 0.000115
1907.0 0.401350 0.158903 0.069053 0.031661 0.015007 0.007270 0.003575 0.001776 0.000889 0.000448 0.000226 0.000115
1908.0 0.401971 0.158997 0.069039 0.031632 0.014984 0.007254 0.003565 0.001770 0.000886 0.000446 0.000225 0.000114
1909.0 0.402593 0.159091 0.069024 0.031603 0.014961 0.007239 0.003555 0.001764 0.000882 0.000444 0.000224 0.000114
1910.0 0.403218 0.159185 0.069010 0.031574 0.014937 0.007223 0.003545 0.001758 0.000879 0.000442 0.000223 0.000113
1911.0 0.403845 0.159280 0.068996 0.031546 0.014914 0.007207 0.003535 0.001753 0.000876 0.000440 0.000222 0.000112
1912.0 0.404475 0.159376 0.068983 0.031517 0.014891 0.007191 0.003526 0.001747 0.000872 0.000438 0.000221 0.000112
1913.0 0.405107 0.159472 0.068969 0.031489 0.014867 0.007176 0.003516 0.001741 0.000869 0.000436 0.000220 0.000111
1914.0 0.405742 0.159569 0.068956 0.031460 0.014844 0.007160 0.003506 0.001735 0.000865 0.000434 0.000219 0.000110
1915.0 0.406380 0.159666 0.068943 0.031432 0.014821 0.007145 0.003496 0.001729 0.000862 0.000432 0.000218 0.000110
1916.0 0.407020 0.159764 0.068930 0.031404 0.014798 0.007129 0.003487 0.001724 0.000859 0.000430 0.000216 0.000109
1917.0 0.407662 0.159862 0.068917 0.031376 0.014775 0.007114 0.003477 0.001718 0.000855 0.000428 0.000215 0.000109
1918.0 0.408307 0.159961 0.068904 0.031348 0.014753 0.007098 0.003468 0.001712 0.000852 0.000426 0.000214 0.000108
1919.0 0.408955 0.160061 0.068892 0.031320 0.014730 0.007083 0.003458 0.001706 0.000849 0.000424 0.000213 0.000107
1920.0 0.409605 0.160161 0.068880 0.031292 0.014707 0.007068 0.003449 0.001701 0.000845 0.000423 0.000212 0.000107
1921.0 0.410258 0.160261 0.068868 0.031264 0.014685 0.007053 0.003439 0.001695 0.000842 0.000421 0.000211 0.000106
1922.0 0.410913 0.160362 0.068856 0.031237 0.014662 0.007037 0.003430 0.001689 0.000839 0.000419 0.000210 0.000106
1923.0 0.411571 0.160464 0.068844 0.031209 0.014639 0.007022 0.003420 0.001684 0.000835 0.000417 0.000209 0.000105
1924.0 0.412231 0.160567 0.068833 0.031182 0.014617 0.007007 0.003411 0.001678 0.000832 0.000415 0.000208 0.000105
1925.0 0.412894 0.160669 0.068821 0.031154 0.014595 0.006992 0.003401 0.001673 0.000829 0.000413 0.000207 0.000104
1926.0 0.413560 0.160773 0.068810 0.031127 0.014572 0.006977 0.003392 0.001667 0.000826 0.000411 0.000206 0.000103
1927.0 0.414229 0.160877 0.068799 0.031100 0.014550 0.006962 0.003383 0.001662 0.000823 0.000410 0.000205 0.000103
1928.0 0.414900 0.160981 0.068789 0.031073 0.014528 0.006947 0.003374 0.001656 0.000819 0.000408 0.000204 0.000102
1929.0 0.415573 0.161086 0.068778 0.031046 0.014506 0.006932 0.003364 0.001651 0.000816 0.000406 0.000203 0.000102
1930.0 0.416250 0.161192 0.068768 0.031019 0.014484 0.006917 0.003355 0.001645 0.000813 0.000404 0.000202 0.000101
1931.0 0.416929 0.161298 0.068758 0.030992 0.014462 0.006903 0.003346 0.001640 0.000810 0.000402 0.000201 0.000101
1932.0 0.417611 0.161405 0.068747 0.030966 0.014440 0.006888 0.003337 0.001634 0.000807 0.000401 0.000200 0.000100
1933.0 0.418295 0.161513 0.068738 0.030939 0.014418 0.006873 0.003328 0.001629 0.000804 0.000399 0.000199 0.000099
1934.0 0.418982 0.161621 0.068728 0.030913 0.014396 0.006858 0.003319 0.001623 0.000801 0.000397 0.000198 0.000099
1935.0 0.419672 0.161729 0.068719 0.030886 0.014374 0.006844 0.003310 0.001618 0.000797 0.000395 0.000197 0.000098
1936.0 0.420365 0.161838 0.068709 0.030860 0.014352 0.006829 0.003301 0.001613 0.000794 0.000394 0.000196 0.000098
1937.0 0.421060 0.161948 0.068700 0.030834 0.014331 0.006815 0.003292 0.001607 0.000791 0.000392 0.000195 0.000097
1938.0 0.421758 0.162058 0.068691 0.030808 0.014309 0.006800 0.003283 0.001602 0.000788 0.000390 0.000194 0.000097
1939.0 0.422459 0.162169 0.068683 0.030782 0.014288 0.006786 0.003274 0.001597 0.000785 0.000388 0.000193 0.000096
1940.0 0.423163 0.162281 0.068674 0.030756 0.014266 0.006771 0.003265 0.001592 0.000782 0.000387 0.000192 0.000096
1941.0 0.423869 0.162393 0.068666 0.030730 0.014245 0.006757 0.003256 0.001586 0.000779 0.000385 0.000191 0.000095
1942.0 0.424579 0.162506 0.068657 0.030704 0.014224 0.006743 0.003247 0.001581 0.000776 0.000383 0.000190 0.000095
1943.0 0.425291 0.162619 0.068650 0.030679 0.014202 0.006728 0.003238 0.001576 0.000773 0.000382 0.000189 0.000094
1944.0 0.426006 0.162733 0.068642 0.030653 0.014181 0.006714 0.003229 0.001571 0.000770 0.000380 0.000188 0.000094
1945.0 0.426723 0.162847 0.068634 0.030628 0.014160 0.006700 0.003221 0.001566 0.000767 0.000378 0.000187 0.000093
1946.0 0.427444 0.162962 0.068627 0.030602 0.014139 0.006686 0.003212 0.001560 0.000764 0.000377 0.000186 0.000093
1947.0 0.428167 0.163077 0.068619 0.030577 0.014118 0.006672 0.003203 0.001555 0.000761 0.000375 0.000185 0.000092
1948.0 0.428894 0.163194 0.068612 0.030552 0.014097 0.006658 0.003195 0.001550 0.000758 0.000373 0.000185 0.000092
1949.0 0.429623 0.163311 0.068606 0.030527 0.014076 0.006644 0.003186 0.001545 0.000755 0.000372 0.000184 0.000091
1950.0 0.430355 0.163428 0.068599 0.030502 0.014055 0.006630 0.003177 0.001540 0.000752 0.000370 0.000183 0.000091
1951.0 0.431090 0.163546 0.068592 0.030477 0.014034 0.006616 0.003169 0.001535 0.000750 0.000368 0.000182 0.000090
1952.0 0.431828 0.163665 0.068586 0.030452 0.014014 0.006602 0.003160 0.001530 0.000747 0.000367 0.000181 0.000090
1953.0 0.432568 0.163784 0.068580 0.030427 0.013993 0.006588 0.003152 0.001525 0.000744 0.000365 0.000180 0.000089
1954.0 0.433312 0.163904 0.068574 0.030403 0.013972 0.006574 0.003143 0.001520 0.000741 0.000363 0.000179 0.000089
1955.0 0.434059 0.164024 0.068568 0.030378 0.013952 0.006560 0.003135 0.001515 0.000738 0.000362 0.000178 0.000088
1956.0 0.434808 0.164145 0.068563 0.030354 0.013931 0.006547 0.003126 0.001510 0.000735 0.000360 0.000177 0.000088
1957.0 0.435561 0.164267 0.068557 0.030330 0.013911 0.006533 0.003118 0.001505 0.000732 0.000359 0.000176 0.000087
1958.0 0.436317 0.164389 0.068552 0.030305 0.013891 0.006519 0.003109 0.001500 0.000730 0.000357 0.000176 0.000087
1959.0 0.437075 0.164512 0.068547 0.030281 0.013870 0.006506 0.003101 0.001495 0.000727 0.000356 0.000175 0.000086
1960.0 0.437837 0.164635 0.068542 0.030257 0.013850 0.006492 0.003093 0.001490 0.000724 0.000354 0.000174 0.000086
1961.0 0.438601 0.164759 0.068538 0.030233 0.013830 0.006478 0.003084 0.001485 0.000721 0.000352 0.000173 0.000085
1962.0 0.439369 0.164884 0.068533 0.030209 0.013810 0.006465 0.003076 0.001481 0.000719 0.000351 0.000172 0.000085
1963.0 0.440140 0.165009 0.068529 0.030185 0.013790 0.006451 0.003068 0.001476 0.000716 0.000349 0.000171 0.000084
1964.0 0.440913 0.165135 0.068525 0.030162 0.013770 0.006438 0.003060 0.001471 0.000713 0.000348 0.000170 0.000084
1965.0 0.441690 0.165262 0.068521 0.030138 0.013750 0.006425 0.003051 0.001466 0.000710 0.000346 0.000170 0.000083
1966.0 0.442470 0.165389 0.068517 0.030115 0.013730 0.006411 0.003043 0.001461 0.000708 0.000345 0.000169 0.000083
1967.0 0.443253 0.165517 0.068513 0.030091 0.013710 0.006398 0.003035 0.001457 0.000705 0.000343 0.000168 0.000082
1968.0 0.444039 0.165646 0.068510 0.030068 0.013690 0.006385 0.003027 0.001452 0.000702 0.000342 0.000167 0.000082
1969.0 0.444828 0.165775 0.068507 0.030044 0.013670 0.006372 0.003019 0.001447 0.000699 0.000340 0.000166 0.000082
1970.0 0.445621 0.165904 0.068504 0.030021 0.013651 0.006358 0.003011 0.001442 0.000697 0.000339 0.000165 0.000081
1971.0 0.446416 0.166035 0.068501 0.029998 0.013631 0.006345 0.003003 0.001438 0.000694 0.000337 0.000165 0.000081
1972.0 0.447215 0.166166 0.068499 0.029975 0.013611 0.006332 0.002995 0.001433 0.000691 0.000336 0.000164 0.000080
1973.0 0.448016 0.166297 0.068496 0.029952 0.013592 0.006319 0.002987 0.001428 0.000689 0.000334 0.000163 0.000080
1974.0 0.448821 0.166429 0.068494 0.029929 0.013572 0.006306 0.002979 0.001424 0.000686 0.000333 0.000162 0.000079
1975.0 0.449630 0.166562 0.068492 0.029907 0.013553 0.006293 0.002971 0.001419 0.000684 0.000331 0.000161 0.000079
1976.0 0.450441 0.166696 0.068490 0.029884 0.013534 0.006280 0.002963 0.001414 0.000681 0.000330 0.000161 0.000078
1977.0 0.451256 0.166830 0.068488 0.029862 0.013514 0.006267 0.002955 0.001410 0.000678 0.000328 0.000160 0.000078
1978.0 0.452073 0.166965 0.068487 0.029839 0.013495 0.006254 0.002947 0.001405 0.000676 0.000327 0.000159 0.000078
1979.0 0.452895 0.167100 0.068486 0.029817 0.013476 0.006241 0.002939 0.001401 0.000673 0.000326 0.000158 0.000077
1980.0 0.453719 0.167236 0.068485 0.029794 0.013457 0.006229 0.002932 0.001396 0.000671 0.000324 0.000157 0.000077
1981.0 0.454547 0.167373 0.068484 0.029772 0.013438 0.006216 0.002924 0.001392 0.000668 0.000323 0.000157 0.000076
1982.0 0.455377 0.167511 0.068483 0.029750 0.013419 0.006203 0.002916 0.001387 0.000666 0.000321 0.000156 0.000076
1983.0 0.456211 0.167649 0.068482 0.029728 0.013400 0.006191 0.002908 0.001383 0.000663 0.000320 0.000155 0.000075
1984.0 0.457049 0.167787 0.068482 0.029706 0.013381 0.006178 0.002901 0.001378 0.000660 0.000319 0.000154 0.000075
1985.0 0.457890 0.167927 0.068482 0.029684 0.013362 0.006165 0.002893 0.001374 0.000658 0.000317 0.000154 0.000075
1986.0 0.458734 0.168067 0.068482 0.029662 0.013343 0.006153 0.002885 0.001369 0.000655 0.000316 0.000153 0.000074
1987.0 0.459582 0.168207 0.068482 0.029641 0.013325 0.006140 0.002878 0.001365 0.000653 0.000314 0.000152 0.000074
1988.0 0.460433 0.168349 0.068483 0.029619 0.013306 0.006128 0.002870 0.001360 0.000650 0.000313 0.000151 0.000073
1989.0 0.461287 0.168491 0.068483 0.029598 0.013287 0.006115 0.002863 0.001356 0.000648 0.000312 0.000151 0.000073
1990.0 0.462144 0.168633 0.068484 0.029576 0.013269 0.006103 0.002855 0.001352 0.000646 0.000310 0.000150 0.000073
1991.0 0.463006 0.168777 0.068485 0.029555 0.013250 0.006090 0.002847 0.001347 0.000643 0.000309 0.000149 0.000072
1992.0 0.463870 0.168921 0.068486 0.029534 0.013232 0.006078 0.002840 0.001343 0.000641 0.000308 0.000148 0.000072
1993.0 0.464738 0.169066 0.068487 0.029512 0.013213 0.006066 0.002832 0.001339 0.000638 0.000306 0.000148 0.000071
1994.0 0.465609 0.169211 0.068489 0.029491 0.013195 0.006053 0.002825 0.001334 0.000636 0.000305 0.000147 0.000071
1995.0 0.466484 0.169357 0.068491 0.029470 0.013177 0.006041 0.002818 0.001330 0.000633 0.000304 0.000146 0.000071
1996.0 0.467363 0.169504 0.068493 0.029450 0.013158 0.006029 0.002810 0.001326 0.000631 0.000302 0.000145 0.000070
1997.0 0.468245 0.169651 0.068495 0.029429 0.013140 0.006017 0.002803 0.001321 0.000629 0.000301 0.000145 0.000070
1998.0 0.469130 0.169799 0.068497 0.029408 0.013122 0.006005 0.002795 0.001317 0.000626 0.000300 0.000144 0.000070
1999.0 0.470019 0.169948 0.068499 0.029387 0.013104 0.005993 0.002788 0.001313 0.000624 0.000298 0.000143 0.000069
2000.0 0.470912 0.170097 0.068502 0.029367 0.013086 0.005981 0.002781 0.001309 0.000621 0.000297 0.000143 0.000069
2001.0 0.471807 0.170247 0.068505 0.029346 0.013068 0.005969 0.002773 0.001305 0.000619 0.000296 0.000142 0.000068
2002.0 0.472707 0.170398 0.068508 0.029326 0.013050 0.005957 0.002766 0.001300 0.000617 0.000294 0.000141 0.000068
2003.0 0.473610 0.170550 0.068511 0.029306 0.013032 0.005945 0.002759 0.001296 0.000614 0.000293 0.000141 0.000068
2004.0 0.474517 0.170702 0.068515 0.029285 0.013014 0.005933 0.002752 0.001292 0.000612 0.000292 0.000140 0.000067
2005.0 0.475428 0.170855 0.068518 0.029265 0.012997 0.005921 0.002745 0.001288 0.000610 0.000291 0.000139 0.000067
2006.0 0.476342 0.171008 0.068522 0.029245 0.012979 0.005909 0.002737 0.001284 0.000607 0.000289 0.000138 0.000067
2007.0 0.477259 0.171162 0.068526 0.029225 0.012961 0.005897 0.002730 0.001280 0.000605 0.000288 0.000138 0.000066
2008.0 0.478180 0.171317 0.068530 0.029205 0.012944 0.005885 0.002723 0.001276 0.000603 0.000287 0.000137 0.000066
2009.0 0.479106 0.171473 0.068535 0.029185 0.012926 0.005874 0.002716 0.001272 0.000601 0.000286 0.000136 0.000065
2010.0 0.480034 0.171629 0.068539 0.029166 0.012908 0.005862 0.002709 0.001267 0.000598 0.000284 0.000136 0.000065
2011.0 0.480967 0.171786 0.068544 0.029146 0.012891 0.005850 0.002702 0.001263 0.000596 0.000283 0.000135 0.000065
2012.0 0.481903 0.171944 0.068549 0.029127 0.012874 0.005839 0.002695 0.001259 0.000594 0.000282 0.000134 0.000064
2013.0 0.482843 0.172103 0.068554 0.029107 0.012856 0.005827 0.002688 0.001255 0.000592 0.000281 0.000134 0.000064
2014.0 0.483786 0.172262 0.068559 0.029088 0.012839 0.005815 0.002681 0.001251 0.000589 0.000279 0.000133 0.000064
2015.0 0.484734 0.172422 0.068565 0.029068 0.012822 0.005804 0.002674 0.001247 0.000587 0.000278 0.000132 0.000063
2016.0 0.485685 0.172582 0.068571 0.029049 0.012804 0.005792 0.002667 0.001243 0.000585 0.000277 0.000132 0.000063
2017.0 0.486640 0.172744 0.068577 0.029030 0.012787 0.005781 0.002660 0.001239 0.000583 0.000276 0.000131 0.000063
2018.0 0.487599 0.172906 0.068583 0.029011 0.012770 0.005769 0.002653 0.001235 0.000581 0.000275 0.000131 0.000062
2019.0 0.488562 0.173068 0.068589 0.028992 0.012753 0.005758 0.002646 0.001232 0.000578 0.000273 0.000130 0.000062
2020.0 0.489528 0.173232 0.068596 0.028973 0.012736 0.005747 0.002639 0.001228 0.000576 0.000272 0.000129 0.000062
2021.0 0.490499 0.173396 0.068602 0.028954 0.012719 0.005735 0.002633 0.001224 0.000574 0.000271 0.000129 0.000061
2022.0 0.491473 0.173561 0.068609 0.028936 0.012702 0.005724 0.002626 0.001220 0.000572 0.000270 0.000128 0.000061
2023.0 0.492451 0.173727 0.068616 0.028917 0.012685 0.005713 0.002619 0.001216 0.000570 0.000269 0.000127 0.000061
2024.0 0.493433 0.173893 0.068624 0.028899 0.012669 0.005701 0.002612 0.001212 0.000568 0.000268 0.000127 0.000060
2025.0 0.494419 0.174060 0.068631 0.028880 0.012652 0.005690 0.002606 0.001208 0.000565 0.000266 0.000126 0.000060
2026.0 0.495409 0.174228 0.068639 0.028862 0.012635 0.005679 0.002599 0.001204 0.000563 0.000265 0.000126 0.000060
2027.0 0.496403 0.174397 0.068646 0.028843 0.012618 0.005668 0.002592 0.001201 0.000561 0.000264 0.000125 0.000059
2028.0 0.497401 0.174566 0.068655 0.028825 0.012602 0.005657 0.002585 0.001197 0.000559 0.000263 0.000124 0.000059
2029.0 0.498403 0.174736 0.068663 0.028807 0.012585 0.005646 0.002579 0.001193 0.000557 0.000262 0.000124 0.000059
2030.0 0.499409 0.174907 0.068671 0.028789 0.012569 0.005635 0.002572 0.001189 0.000555 0.000261 0.000123 0.000058
2031.0 0.500419 0.175079 0.068680 0.028771 0.012552 0.005624 0.002566 0.001185 0.000553 0.000260 0.000123 0.000058
2032.0 0.501433 0.175251 0.068689 0.028753 0.012536 0.005613 0.002559 0.001182 0.000551 0.000258 0.000122 0.000058
2033.0 0.502451 0.175424 0.068698 0.028735 0.012519 0.005602 0.002552 0.001178 0.000549 0.000257 0.000121 0.000057
2034.0 0.503474 0.175598 0.068707 0.028718 0.012503 0.005591 0.002546 0.001174 0.000547 0.000256 0.000121 0.000057
2035.0 0.504500 0.175772 0.068716 0.028700 0.012487 0.005580 0.002539 0.001170 0.000545 0.000255 0.000120 0.000057
2036.0 0.505531 0.175948 0.068726 0.028682 0.012471 0.005569 0.002533 0.001167 0.000543 0.000254 0.000120 0.000056
2037.0 0.506565 0.176124 0.068736 0.028665 0.012455 0.005558 0.002526 0.001163 0.000541 0.000253 0.000119 0.000056
2038.0 0.507604 0.176301 0.068746 0.028647 0.012438 0.005547 0.002520 0.001159 0.000538 0.000252 0.000118 0.000056
2039.0 0.508647 0.176478 0.068756 0.028630 0.012422 0.005537 0.002513 0.001156 0.000536 0.000251 0.000118 0.000056
2040.0 0.509694 0.176657 0.068766 0.028613 0.012406 0.005526 0.002507 0.001152 0.000534 0.000250 0.000117 0.000055
2041.0 0.510746 0.176836 0.068777 0.028596 0.012390 0.005515 0.002501 0.001149 0.000532 0.000249 0.000117 0.000055
2042.0 0.511801 0.177016 0.068788 0.028579 0.012374 0.005505 0.002494 0.001145 0.000530 0.000248 0.000116 0.000055
2043.0 0.512861 0.177196 0.068799 0.028562 0.012358 0.005494 0.002488 0.001141 0.000529 0.000246 0.000116 0.000054
2044.0 0.513925 0.177378 0.068810 0.028545 0.012343 0.005483 0.002482 0.001138 0.000527 0.000245 0.000115 0.000054
2045.0 0.514994 0.177560 0.068821 0.028528 0.012327 0.005473 0.002475 0.001134 0.000525 0.000244 0.000114 0.000054
2046.0 0.516067 0.177743 0.068833 0.028511 0.012311 0.005462 0.002469 0.001131 0.000523 0.000243 0.000114 0.000053
2047.0 0.517144 0.177927 0.068845 0.028494 0.012295 0.005452 0.002463 0.001127 0.000521 0.000242 0.000113 0.000053
2048.0 0.518225 0.178112 0.068857 0.028478 0.012280 0.005441 0.002456 0.001123 0.000519 0.000241 0.000113 0.000053
2049.0 0.519311 0.178297 0.068869 0.028461 0.012264 0.005431 0.002450 0.001120 0.000517 0.000240 0.000112 0.000053
2050.0 0.520401 0.178483 0.068881 0.028445 0.012249 0.005420 0.002444 0.001116 0.000515 0.000239 0.000112 0.000052
2051.0 0.521496 0.178670 0.068894 0.028429 0.012233 0.005410 0.002438 0.001113 0.000513 0.000238 0.000111 0.000052
2052.0 0.522595 0.178858 0.068906 0.028412 0.012218 0.005400 0.002432 0.001109 0.000511 0.000237 0.000111 0.000052
2053.0 0.523699 0.179046 0.068919 0.028396 0.012202 0.005389 0.002425 0.001106 0.000509 0.000236 0.000110 0.000051
2054.0 0.524806 0.179236 0.068933 0.028380 0.012187 0.005379 0.002419 0.001103 0.000507 0.000235 0.000109 0.000051
2055.0 0.525919 0.179426 0.068946 0.028364 0.012171 0.005369 0.002413 0.001099 0.000505 0.000234 0.000109 0.000051
2056.0 0.527036 0.179617 0.068959 0.028348 0.012156 0.005359 0.002407 0.001096 0.000504 0.000233 0.000108 0.000051
2057.0 0.528157 0.179809 0.068973 0.028332 0.012141 0.005348 0.002401 0.001092 0.000502 0.000232 0.000108 0.000050
2058.0 0.529283 0.180001 0.068987 0.028316 0.012126 0.005338 0.002395 0.001089 0.000500 0.000231 0.000107 0.000050
2059.0 0.530414 0.180195 0.069001 0.028301 0.012111 0.005328 0.002389 0.001085 0.000498 0.000230 0.000107 0.000050
2060.0 0.531549 0.180389 0.069016 0.028285 0.012096 0.005318 0.002383 0.001082 0.000496 0.000229 0.000106 0.000050
2061.0 0.532689 0.180584 0.069030 0.028269 0.012080 0.005308 0.002377 0.001079 0.000494 0.000228 0.000106 0.000049
2062.0 0.533833 0.180780 0.069045 0.028254 0.012065 0.005298 0.002371 0.001075 0.000492 0.000227 0.000105 0.000049
2063.0 0.534983 0.180976 0.069060 0.028239 0.012050 0.005288 0.002365 0.001072 0.000491 0.000226 0.000105 0.000049
2064.0 0.536136 0.181174 0.069075 0.028223 0.012036 0.005278 0.002359 0.001069 0.000489 0.000225 0.000104 0.000049
2065.0 0.537295 0.181372 0.069091 0.028208 0.012021 0.005268 0.002353 0.001065 0.000487 0.000224 0.000104 0.000048
2066.0 0.538458 0.181571 0.069106 0.028193 0.012006 0.005258 0.002347 0.001062 0.000485 0.000223 0.000103 0.000048
2067.0 0.539626 0.181771 0.069122 0.028178 0.011991 0.005248 0.002341 0.001059 0.000483 0.000222 0.000103 0.000048
2068.0 0.540798 0.181972 0.069138 0.028163 0.011976 0.005238 0.002335 0.001055 0.000482 0.000221 0.000102 0.000047
2069.0 0.541975 0.182174 0.069154 0.028148 0.011962 0.005228 0.002330 0.001052 0.000480 0.000220 0.000102 0.000047
2070.0 0.543158 0.182376 0.069170 0.028133 0.011947 0.005219 0.002324 0.001049 0.000478 0.000219 0.000101 0.000047
2071.0 0.544345 0.182579 0.069187 0.028118 0.011932 0.005209 0.002318 0.001046 0.000476 0.000219 0.000101 0.000047
2072.0 0.545536 0.182783 0.069204 0.028104 0.011918 0.005199 0.002312 0.001042 0.000474 0.000218 0.000100 0.000046
2073.0 0.546733 0.182989 0.069221 0.028089 0.011903 0.005189 0.002306 0.001039 0.000473 0.000217 0.000100 0.000046
2074.0 0.547935 0.183194 0.069238 0.028074 0.011889 0.005180 0.002301 0.001036 0.000471 0.000216 0.000099 0.000046
2075.0 0.549141 0.183401 0.069255 0.028060 0.011874 0.005170 0.002295 0.001033 0.000469 0.000215 0.000099 0.000046
2076.0 0.550353 0.183609 0.069273 0.028046 0.011860 0.005160 0.002289 0.001029 0.000468 0.000214 0.000098 0.000045
2077.0 0.551569 0.183817 0.069291 0.028031 0.011846 0.005151 0.002283 0.001026 0.000466 0.000213 0.000098 0.000045
2078.0 0.552790 0.184026 0.069309 0.028017 0.011831 0.005141 0.002278 0.001023 0.000464 0.000212 0.000097 0.000045
2079.0 0.554017 0.184237 0.069327 0.028003 0.011817 0.005131 0.002272 0.001020 0.000462 0.000211 0.000097 0.000045
2080.0 0.555248 0.184448 0.069345 0.027989 0.011803 0.005122 0.002266 0.001017 0.000461 0.000210 0.000097 0.000044
2081.0 0.556484 0.184660 0.069364 0.027975 0.011789 0.005112 0.002261 0.001014 0.000459 0.000209 0.000096 0.000044
2082.0 0.557725 0.184872 0.069383 0.027961 0.011775 0.005103 0.002255 0.001010 0.000457 0.000208 0.000096 0.000044
2083.0 0.558972 0.185086 0.069402 0.027947 0.011761 0.005093 0.002250 0.001007 0.000456 0.000208 0.000095 0.000044
2084.0 0.560224 0.185300 0.069421 0.027933 0.011747 0.005084 0.002244 0.001004 0.000454 0.000207 0.000095 0.000044
2085.0 0.561480 0.185516 0.069441 0.027920 0.011733 0.005075 0.002238 0.001001 0.000452 0.000206 0.000094 0.000043
2086.0 0.562742 0.185732 0.069460 0.027906 0.011719 0.005065 0.002233 0.000998 0.000451 0.000205 0.000094 0.000043
2087.0 0.564009 0.185949 0.069480 0.027893 0.011705 0.005056 0.002227 0.000995 0.000449 0.000204 0.000093 0.000043
2088.0 0.565282 0.186167 0.069500 0.027879 0.011691 0.005047 0.002222 0.000992 0.000447 0.000203 0.000093 0.000043
2089.0 0.566559 0.186386 0.069521 0.027866 0.011677 0.005037 0.002216 0.000989 0.000446 0.000202 0.000092 0.000042
2090.0 0.567841 0.186606 0.069541 0.027852 0.011663 0.005028 0.002211 0.000986 0.000444 0.000202 0.000092 0.000042
2091.0 0.569129 0.186827 0.069562 0.027839 0.011650 0.005019 0.002205 0.000983 0.000442 0.000201 0.000092 0.000042
2092.0 0.570423 0.187049 0.069583 0.027826 0.011636 0.005010 0.002200 0.000980 0.000441 0.000200 0.000091 0.000042
2093.0 0.571721 0.187271 0.069604 0.027813 0.011622 0.005000 0.002195 0.000977 0.000439 0.000199 0.000091 0.000041
2094.0 0.573025 0.187495 0.069625 0.027800 0.011609 0.004991 0.002189 0.000974 0.000438 0.000198 0.000090 0.000041
2095.0 0.574334 0.187719 0.069647 0.027787 0.011595 0.004982 0.002184 0.000971 0.000436 0.000197 0.000090 0.000041
2096.0 0.575649 0.187944 0.069669 0.027774 0.011581 0.004973 0.002178 0.000968 0.000434 0.000196 0.000089 0.000041
2097.0 0.576969 0.188170 0.069691 0.027762 0.011568 0.004964 0.002173 0.000965 0.000433 0.000196 0.000089 0.000041
2098.0 0.578295 0.188397 0.069713 0.027749 0.011555 0.004955 0.002168 0.000962 0.000431 0.000195 0.000088 0.000040
2099.0 0.579626 0.188625 0.069735 0.027736 0.011541 0.004946 0.002163 0.000959 0.000430 0.000194 0.000088 0.000040
2100.0 0.580962 0.188854 0.069758 0.027724 0.011528 0.004937 0.002157 0.000956 0.000428 0.000193 0.000088 0.000040
2101.0 0.582304 0.189084 0.069780 0.027711 0.011514 0.004928 0.002152 0.000953 0.000426 0.000192 0.000087 0.000040
2102.0 0.583652 0.189315 0.069804 0.027699 0.011501 0.004919 0.002147 0.000950 0.000425 0.000191 0.000087 0.000040
2103.0 0.585004 0.189547 0.069827 0.027687 0.011488 0.004910 0.002141 0.000947 0.000423 0.000191 0.000086 0.000039
2104.0 0.586363 0.189780 0.069850 0.027675 0.011475 0.004901 0.002136 0.000944 0.000422 0.000190 0.000086 0.000039
2105.0 0.587727 0.190013 0.069874 0.027662 0.011462 0.004892 0.002131 0.000942 0.000420 0.000189 0.000086 0.000039
2106.0 0.589097 0.190248 0.069898 0.027650 0.011449 0.004883 0.002126 0.000939 0.000419 0.000188 0.000085 0.000039
2107.0 0.590473 0.190483 0.069922 0.027638 0.011435 0.004875 0.002121 0.000936 0.000417 0.000187 0.000085 0.000038
2108.0 0.591854 0.190720 0.069946 0.027626 0.011422 0.004866 0.002115 0.000933 0.000416 0.000187 0.000084 0.000038
2109.0 0.593241 0.190957 0.069971 0.027615 0.011409 0.004857 0.002110 0.000930 0.000414 0.000186 0.000084 0.000038
2110.0 0.594634 0.191195 0.069996 0.027603 0.011397 0.004848 0.002105 0.000927 0.000413 0.000185 0.000084 0.000038
2111.0 0.596032 0.191435 0.070020 0.027591 0.011384 0.004840 0.002100 0.000924 0.000411 0.000184 0.000083 0.000038
2112.0 0.597436 0.191675 0.070046 0.027580 0.011371 0.004831 0.002095 0.000922 0.000410 0.000184 0.000083 0.000037
2113.0 0.598847 0.191916 0.070071 0.027568 0.011358 0.004822 0.002090 0.000919 0.000408 0.000183 0.000082 0.000037
2114.0 0.600263 0.192159 0.070097 0.027557 0.011345 0.004814 0.002085 0.000916 0.000407 0.000182 0.000082 0.000037
2115.0 0.601685 0.192402 0.070122 0.027545 0.011332 0.004805 0.002080 0.000913 0.000405 0.000181 0.000082 0.000037
2116.0 0.603112 0.192646 0.070148 0.027534 0.011320 0.004797 0.002075 0.000911 0.000404 0.000180 0.000081 0.000037
2117.0 0.604546 0.192891 0.070175 0.027523 0.011307 0.004788 0.002070 0.000908 0.000402 0.000180 0.000081 0.000036
2118.0 0.605986 0.193137 0.070201 0.027512 0.011294 0.004779 0.002065 0.000905 0.000401 0.000179 0.000080 0.000036
2119.0 0.607432 0.193384 0.070228 0.027500 0.011282 0.004771 0.002060 0.000902 0.000399 0.000178 0.000080 0.000036
2120.0 0.608883 0.193632 0.070255 0.027489 0.011269 0.004762 0.002055 0.000900 0.000398 0.000177 0.000080 0.000036
2121.0 0.610341 0.193881 0.070282 0.027479 0.011257 0.004754 0.002050 0.000897 0.000397 0.000177 0.000079 0.000036
2122.0 0.611805 0.194132 0.070309 0.027468 0.011244 0.004746 0.002045 0.000894 0.000395 0.000176 0.000079 0.000035
2123.0 0.613274 0.194383 0.070337 0.027457 0.011232 0.004737 0.002040 0.000891 0.000394 0.000175 0.000078 0.000035
2124.0 0.614751 0.194635 0.070365 0.027446 0.011219 0.004729 0.002035 0.000889 0.000392 0.000174 0.000078 0.000035
2125.0 0.616233 0.194888 0.070393 0.027436 0.011207 0.004720 0.002030 0.000886 0.000391 0.000174 0.000078 0.000035
2126.0 0.617721 0.195142 0.070421 0.027425 0.011195 0.004712 0.002025 0.000883 0.000389 0.000173 0.000077 0.000035
2127.0 0.619216 0.195397 0.070449 0.027415 0.011183 0.004704 0.002020 0.000881 0.000388 0.000172 0.000077 0.000035
2128.0 0.620717 0.195653 0.070478 0.027404 0.011170 0.004695 0.002016 0.000878 0.000387 0.000172 0.000077 0.000034
2129.0 0.622224 0.195910 0.070507 0.027394 0.011158 0.004687 0.002011 0.000875 0.000385 0.000171 0.000076 0.000034
2130.0 0.623737 0.196168 0.070536 0.027384 0.011146 0.004679 0.002006 0.000873 0.000384 0.000170 0.000076 0.000034
2131.0 0.625257 0.196428 0.070565 0.027373 0.011134 0.004671 0.002001 0.000870 0.000382 0.000169 0.000076 0.000034
2132.0 0.626783 0.196688 0.070595 0.027363 0.011122 0.004663 0.001996 0.000868 0.000381 0.000169 0.000075 0.000034
2133.0 0.628316 0.196949 0.070625 0.027353 0.011110 0.004654 0.001992 0.000865 0.000380 0.000168 0.000075 0.000033
2134.0 0.629855 0.197212 0.070655 0.027343 0.011098 0.004646 0.001987 0.000862 0.000378 0.000167 0.000074 0.000033
2135.0 0.631400 0.197475 0.070685 0.027333 0.011086 0.004638 0.001982 0.000860 0.000377 0.000167 0.000074 0.000033
2136.0 0.632952 0.197739 0.070715 0.027324 0.011074 0.004630 0.001977 0.000857 0.000376 0.000166 0.000074 0.000033
2137.0 0.634510 0.198005 0.070746 0.027314 0.011062 0.004622 0.001973 0.000855 0.000374 0.000165 0.000073 0.000033
2138.0 0.636075 0.198271 0.070777 0.027304 0.011050 0.004614 0.001968 0.000852 0.000373 0.000165 0.000073 0.000033
2139.0 0.637647 0.198539 0.070808 0.027295 0.011038 0.004606 0.001963 0.000849 0.000372 0.000164 0.000073 0.000032
2140.0 0.639225 0.198807 0.070839 0.027285 0.011027 0.004598 0.001959 0.000847 0.000370 0.000163 0.000072 0.000032
2141.0 0.640810 0.199077 0.070871 0.027276 0.011015 0.004590 0.001954 0.000844 0.000369 0.000162 0.000072 0.000032
2142.0 0.642401 0.199348 0.070903 0.027267 0.011003 0.004582 0.001949 0.000842 0.000368 0.000162 0.000072 0.000032
2143.0 0.644000 0.199620 0.070935 0.027257 0.010992 0.004574 0.001945 0.000839 0.000366 0.000161 0.000071 0.000032
2144.0 0.645604 0.199892 0.070967 0.027248 0.010980 0.004566 0.001940 0.000837 0.000365 0.000160 0.000071 0.000032
2145.0 0.647216 0.200166 0.070999 0.027239 0.010968 0.004558 0.001935 0.000834 0.000364 0.000160 0.000071 0.000031
2146.0 0.648834 0.200441 0.071032 0.027230 0.010957 0.004550 0.001931 0.000832 0.000362 0.000159 0.000070 0.000031
2147.0 0.650460 0.200717 0.071065 0.027221 0.010945 0.004543 0.001926 0.000829 0.000361 0.000158 0.000070 0.000031
2148.0 0.652092 0.200995 0.071098 0.027212 0.010934 0.004535 0.001922 0.000827 0.000360 0.000158 0.000070 0.000031
2149.0 0.653731 0.201273 0.071132 0.027203 0.010922 0.004527 0.001917 0.000824 0.000358 0.000157 0.000069 0.000031
2150.0 0.655377 0.201552 0.071165 0.027194 0.010911 0.004519 0.001913 0.000822 0.000357 0.000156 0.000069 0.000031
2151.0 0.657030 0.201833 0.071199 0.027186 0.010900 0.004511 0.001908 0.000820 0.000356 0.000156 0.000069 0.000030
2152.0 0.658690 0.202114 0.071233 0.027177 0.010888 0.004504 0.001904 0.000817 0.000355 0.000155 0.000068 0.000030
2153.0 0.660357 0.202397 0.071268 0.027169 0.010877 0.004496 0.001899 0.000815 0.000353 0.000155 0.000068 0.000030
2154.0 0.662031 0.202681 0.071302 0.027160 0.010866 0.004488 0.001895 0.000812 0.000352 0.000154 0.000068 0.000030
2155.0 0.663712 0.202966 0.071337 0.027152 0.010855 0.004481 0.001890 0.000810 0.000351 0.000153 0.000067 0.000030
2156.0 0.665400 0.203252 0.071372 0.027143 0.010843 0.004473 0.001886 0.000807 0.000350 0.000153 0.000067 0.000030
2157.0 0.667096 0.203539 0.071407 0.027135 0.010832 0.004465 0.001882 0.000805 0.000348 0.000152 0.000067 0.000029
2158.0 0.668799 0.203827 0.071443 0.027127 0.010821 0.004458 0.001877 0.000803 0.000347 0.000151 0.000066 0.000029
2159.0 0.670508 0.204117 0.071478 0.027119 0.010810 0.004450 0.001873 0.000800 0.000346 0.000151 0.000066 0.000029
2160.0 0.672225 0.204407 0.071514 0.027111 0.010799 0.004443 0.001868 0.000798 0.000345 0.000150 0.000066 0.000029
2161.0 0.673950 0.204699 0.071551 0.027103 0.010788 0.004435 0.001864 0.000796 0.000343 0.000149 0.000065 0.000029
2162.0 0.675682 0.204992 0.071587 0.027095 0.010777 0.004428 0.001860 0.000793 0.000342 0.000149 0.000065 0.000029
2163.0 0.677421 0.205286 0.071624 0.027087 0.010766 0.004420 0.001855 0.000791 0.000341 0.000148 0.000065 0.000028
2164.0 0.679168 0.205581 0.071661 0.027080 0.010755 0.004413 0.001851 0.000789 0.000340 0.000148 0.000065 0.000028
2165.0 0.680922 0.205877 0.071698 0.027072 0.010745 0.004405 0.001847 0.000786 0.000339 0.000147 0.000064 0.000028
2166.0 0.682683 0.206175 0.071735 0.027064 0.010734 0.004398 0.001842 0.000784 0.000337 0.000146 0.000064 0.000028
2167.0 0.684452 0.206473 0.071773 0.027057 0.010723 0.004391 0.001838 0.000782 0.000336 0.000146 0.000064 0.000028
2168.0 0.686229 0.206773 0.071811 0.027050 0.010712 0.004383 0.001834 0.000779 0.000335 0.000145 0.000063 0.000028
2169.0 0.688013 0.207074 0.071849 0.027042 0.010702 0.004376 0.001830 0.000777 0.000334 0.000145 0.000063 0.000028
2170.0 0.689805 0.207376 0.071887 0.027035 0.010691 0.004369 0.001825 0.000775 0.000333 0.000144 0.000063 0.000027
2171.0 0.691604 0.207680 0.071925 0.027028 0.010680 0.004361 0.001821 0.000772 0.000331 0.000143 0.000062 0.000027
2172.0 0.693411 0.207984 0.071964 0.027021 0.010670 0.004354 0.001817 0.000770 0.000330 0.000143 0.000062 0.000027
2173.0 0.695226 0.208290 0.072003 0.027014 0.010659 0.004347 0.001813 0.000768 0.000329 0.000142 0.000062 0.000027
2174.0 0.697049 0.208597 0.072043 0.027007 0.010649 0.004339 0.001808 0.000766 0.000328 0.000142 0.000062 0.000027
2175.0 0.698879 0.208905 0.072082 0.027000 0.010638 0.004332 0.001804 0.000763 0.000327 0.000141 0.000061 0.000027
2176.0 0.700718 0.209214 0.072122 0.026993 0.010628 0.004325 0.001800 0.000761 0.000326 0.000140 0.000061 0.000027
2177.0 0.702564 0.209525 0.072162 0.026986 0.010617 0.004318 0.001796 0.000759 0.000324 0.000140 0.000061 0.000026
2178.0 0.704418 0.209836 0.072202 0.026979 0.010607 0.004311 0.001792 0.000757 0.000323 0.000139 0.000060 0.000026
2179.0 0.706281 0.210149 0.072243 0.026973 0.010597 0.004304 0.001788 0.000754 0.000322 0.000139 0.000060 0.000026
2180.0 0.708150 0.210463 0.072283 0.026966 0.010586 0.004296 0.001784 0.000752 0.000321 0.000138 0.000060 0.000026
2181.0 0.710029 0.210779 0.072324 0.026960 0.010576 0.004289 0.001779 0.000750 0.000320 0.000138 0.000060 0.000026
2182.0 0.711915 0.211095 0.072365 0.026953 0.010566 0.004282 0.001775 0.000748 0.000319 0.000137 0.000059 0.000026
2183.0 0.713809 0.211413 0.072407 0.026947 0.010556 0.004275 0.001771 0.000746 0.000318 0.000136 0.000059 0.000026
2184.0 0.715712 0.211732 0.072449 0.026941 0.010546 0.004268 0.001767 0.000744 0.000316 0.000136 0.000059 0.000025
2185.0 0.717623 0.212052 0.072491 0.026935 0.010535 0.004261 0.001763 0.000741 0.000315 0.000135 0.000058 0.000025
2186.0 0.719542 0.212374 0.072533 0.026929 0.010525 0.004254 0.001759 0.000739 0.000314 0.000135 0.000058 0.000025
2187.0 0.721469 0.212697 0.072575 0.026923 0.010515 0.004247 0.001755 0.000737 0.000313 0.000134 0.000058 0.000025
2188.0 0.723405 0.213021 0.072618 0.026917 0.010505 0.004240 0.001751 0.000735 0.000312 0.000134 0.000058 0.000025
2189.0 0.725349 0.213346 0.072661 0.026911 0.010495 0.004233 0.001747 0.000733 0.000311 0.000133 0.000057 0.000025
2190.0 0.727301 0.213673 0.072704 0.026905 0.010485 0.004226 0.001743 0.000731 0.000310 0.000133 0.000057 0.000025
2191.0 0.729262 0.214001 0.072748 0.026899 0.010475 0.004220 0.001739 0.000728 0.000309 0.000132 0.000057 0.000025
2192.0 0.731231 0.214330 0.072791 0.026894 0.010465 0.004213 0.001735 0.000726 0.000308 0.000131 0.000057 0.000024
2193.0 0.733209 0.214660 0.072835 0.026888 0.010456 0.004206 0.001731 0.000724 0.000307 0.000131 0.000056 0.000024
2194.0 0.735196 0.214992 0.072879 0.026883 0.010446 0.004199 0.001727 0.000722 0.000305 0.000130 0.000056 0.000024
2195.0 0.737191 0.215325 0.072924 0.026877 0.010436 0.004192 0.001723 0.000720 0.000304 0.000130 0.000056 0.000024
2196.0 0.739195 0.215659 0.072969 0.026872 0.010426 0.004185 0.001719 0.000718 0.000303 0.000129 0.000055 0.000024
2197.0 0.741207 0.215995 0.073014 0.026867 0.010417 0.004179 0.001716 0.000716 0.000302 0.000129 0.000055 0.000024
2198.0 0.743229 0.216332 0.073059 0.026861 0.010407 0.004172 0.001712 0.000714 0.000301 0.000128 0.000055 0.000024
2199.0 0.745259 0.216670 0.073104 0.026856 0.010397 0.004165 0.001708 0.000712 0.000300 0.000128 0.000055 0.000024
2200.0 0.747297 0.217009 0.073150 0.026851 0.010388 0.004158 0.001704 0.000710 0.000299 0.000127 0.000054 0.000023
2201.0 0.749345 0.217350 0.073196 0.026846 0.010378 0.004152 0.001700 0.000708 0.000298 0.000127 0.000054 0.000023
2202.0 0.751402 0.217693 0.073242 0.026841 0.010368 0.004145 0.001696 0.000706 0.000297 0.000126 0.000054 0.000023
2203.0 0.753468 0.218036 0.073289 0.026836 0.010359 0.004138 0.001692 0.000704 0.000296 0.000126 0.000054 0.000023
2204.0 0.755542 0.218381 0.073335 0.026832 0.010350 0.004132 0.001689 0.000702 0.000295 0.000125 0.000053 0.000023
2205.0 0.757626 0.218727 0.073382 0.026827 0.010340 0.004125 0.001685 0.000700 0.000294 0.000125 0.000053 0.000023
2206.0 0.759719 0.219075 0.073430 0.026822 0.010331 0.004119 0.001681 0.000698 0.000293 0.000124 0.000053 0.000023
2207.0 0.761820 0.219424 0.073477 0.026818 0.010321 0.004112 0.001677 0.000696 0.000292 0.000124 0.000053 0.000023
2208.0 0.763931 0.219774 0.073525 0.026813 0.010312 0.004105 0.001673 0.000694 0.000291 0.000123 0.000052 0.000022
2209.0 0.766052 0.220125 0.073573 0.026809 0.010303 0.004099 0.001670 0.000692 0.000290 0.000123 0.000052 0.000022
2210.0 0.768182 0.220478 0.073621 0.026805 0.010293 0.004092 0.001666 0.000690 0.000289 0.000122 0.000052 0.000022
2211.0 0.770321 0.220832 0.073670 0.026800 0.010284 0.004086 0.001662 0.000688 0.000288 0.000122 0.000052 0.000022
2212.0 0.772469 0.221188 0.073719 0.026796 0.010275 0.004079 0.001658 0.000686 0.000287 0.000121 0.000051 0.000022
2213.0 0.774627 0.221545 0.073768 0.026792 0.010266 0.004073 0.001655 0.000684 0.000286 0.000121 0.000051 0.000022
2214.0 0.776794 0.221904 0.073817 0.026788 0.010257 0.004067 0.001651 0.000682 0.000285 0.000120 0.000051 0.000022
2215.0 0.778971 0.222263 0.073866 0.026784 0.010247 0.004060 0.001647 0.000680 0.000284 0.000120 0.000051 0.000022
2216.0 0.781158 0.222625 0.073916 0.026780 0.010238 0.004054 0.001644 0.000678 0.000283 0.000119 0.000050 0.000022
2217.0 0.783353 0.222987 0.073967 0.026776 0.010229 0.004047 0.001640 0.000676 0.000282 0.000119 0.000050 0.000021
2218.0 0.785559 0.223351 0.074017 0.026773 0.010220 0.004041 0.001636 0.000674 0.000281 0.000118 0.000050 0.000021
2219.0 0.787774 0.223717 0.074068 0.026769 0.010211 0.004035 0.001633 0.000672 0.000280 0.000118 0.000050 0.000021
2220.0 0.789999 0.224084 0.074119 0.026765 0.010202 0.004028 0.001629 0.000670 0.000279 0.000117 0.000050 0.000021
2221.0 0.792234 0.224452 0.074170 0.026762 0.010193 0.004022 0.001625 0.000668 0.000278 0.000117 0.000049 0.000021
2222.0 0.794479 0.224822 0.074221 0.026758 0.010185 0.004016 0.001622 0.000666 0.000277 0.000116 0.000049 0.000021
2223.0 0.796734 0.225193 0.074273 0.026755 0.010176 0.004009 0.001618 0.000664 0.000276 0.000116 0.000049 0.000021
2224.0 0.798999 0.225566 0.074325 0.026752 0.010167 0.004003 0.001615 0.000662 0.000275 0.000115 0.000049 0.000021
2225.0 0.801274 0.225940 0.074377 0.026749 0.010158 0.003997 0.001611 0.000661 0.000274 0.000115 0.000048 0.000021
2226.0 0.803558 0.226315 0.074430 0.026745 0.010149 0.003991 0.001608 0.000659 0.000273 0.000114 0.000048 0.000020
2227.0 0.805853 0.226692 0.074483 0.026742 0.010141 0.003985 0.001604 0.000657 0.000272 0.000114 0.000048 0.000020
2228.0 0.808158 0.227071 0.074536 0.026739 0.010132 0.003978 0.001600 0.000655 0.000271 0.000113 0.000048 0.000020
2229.0 0.810473 0.227450 0.074589 0.026736 0.010123 0.003972 0.001597 0.000653 0.000270 0.000113 0.000048 0.000020
2230.0 0.812798 0.227832 0.074642 0.026733 0.010115 0.003966 0.001593 0.000651 0.000269 0.000113 0.000047 0.000020
2231.0 0.815135 0.228215 0.074697 0.026731 0.010106 0.003960 0.001590 0.000649 0.000269 0.000112 0.000047 0.000020
2232.0 0.817481 0.228599 0.074751 0.026728 0.010098 0.003954 0.001586 0.000648 0.000268 0.000112 0.000047 0.000020
2233.0 0.819838 0.228985 0.074805 0.026725 0.010089 0.003948 0.001583 0.000646 0.000267 0.000111 0.000047 0.000020
2234.0 0.822205 0.229372 0.074860 0.026723 0.010080 0.003942 0.001579 0.000644 0.000266 0.000111 0.000046 0.000020
2235.0 0.824583 0.229761 0.074915 0.026720 0.010072 0.003936 0.001576 0.000642 0.000265 0.000110 0.000046 0.000019
2236.0 0.826971 0.230151 0.074970 0.026718 0.010064 0.003930 0.001573 0.000640 0.000264 0.000110 0.000046 0.000019
2237.0 0.829369 0.230543 0.075026 0.026716 0.010055 0.003924 0.001569 0.000638 0.000263 0.000109 0.000046 0.000019
2238.0 0.831779 0.230936 0.075081 0.026713 0.010047 0.003918 0.001566 0.000637 0.000262 0.000109 0.000046 0.000019
2239.0 0.834199 0.231331 0.075137 0.026711 0.010038 0.003912 0.001562 0.000635 0.000261 0.000108 0.000045 0.000019
2240.0 0.836631 0.231727 0.075194 0.026709 0.010030 0.003906 0.001559 0.000633 0.000260 0.000108 0.000045 0.000019
2241.0 0.839072 0.232125 0.075251 0.026707 0.010022 0.003900 0.001555 0.000631 0.000259 0.000108 0.000045 0.000019
2242.0 0.841525 0.232525 0.075307 0.026705 0.010014 0.003894 0.001552 0.000629 0.000259 0.000107 0.000045 0.000019
2243.0 0.843989 0.232926 0.075365 0.026703 0.010005 0.003888 0.001549 0.000628 0.000258 0.000107 0.000045 0.000019
2244.0 0.846464 0.233328 0.075422 0.026701 0.009997 0.003882 0.001545 0.000626 0.000257 0.000106 0.000044 0.000019
2245.0 0.848950 0.233732 0.075480 0.026700 0.009989 0.003876 0.001542 0.000624 0.000256 0.000106 0.000044 0.000018
2246.0 0.851447 0.234138 0.075538 0.026698 0.009981 0.003870 0.001539 0.000622 0.000255 0.000105 0.000044 0.000018
2247.0 0.853956 0.234546 0.075596 0.026696 0.009973 0.003864 0.001535 0.000621 0.000254 0.000105 0.000044 0.000018
2248.0 0.856475 0.234954 0.075655 0.026695 0.009965 0.003859 0.001532 0.000619 0.000253 0.000105 0.000044 0.000018
2249.0 0.859007 0.235365 0.075714 0.026693 0.009957 0.003853 0.001529 0.000617 0.000252 0.000104 0.000043 0.000018
2250.0 0.861548 0.235777 0.075773 0.026692 0.009949 0.003847 0.001525 0.000615 0.000252 0.000104 0.000043 0.000018
2251.0 0.864101 0.236190 0.075833 0.026691 0.009941 0.003841 0.001522 0.000614 0.000251 0.000103 0.000043 0.000018
2252.0 0.866667 0.236606 0.075892 0.026689 0.009933 0.003836 0.001519 0.000612 0.000250 0.000103 0.000043 0.000018
2253.0 0.869244 0.237023 0.075952 0.026688 0.009925 0.003830 0.001515 0.000610 0.000249 0.000102 0.000043 0.000018
2254.0 0.871832 0.237441 0.076013 0.026687 0.009917 0.003824 0.001512 0.000609 0.000248 0.000102 0.000042 0.000018
2255.0 0.874432 0.237861 0.076073 0.026686 0.009909 0.003818 0.001509 0.000607 0.000247 0.000102 0.000042 0.000018
2256.0 0.877043 0.238283 0.076134 0.026685 0.009901 0.003813 0.001506 0.000605 0.000246 0.000101 0.000042 0.000017
2257.0 0.879667 0.238706 0.076196 0.026684 0.009894 0.003807 0.001502 0.000603 0.000246 0.000101 0.000042 0.000017
2258.0 0.882303 0.239131 0.076257 0.026684 0.009886 0.003801 0.001499 0.000602 0.000245 0.000100 0.000042 0.000017
2259.0 0.884950 0.239558 0.076319 0.026683 0.009878 0.003796 0.001496 0.000600 0.000244 0.000100 0.000041 0.000017
2260.0 0.887610 0.239986 0.076381 0.026682 0.009871 0.003790 0.001493 0.000598 0.000243 0.000100 0.000041 0.000017
2261.0 0.890281 0.240416 0.076443 0.026682 0.009863 0.003785 0.001490 0.000597 0.000242 0.000099 0.000041 0.000017
2262.0 0.892964 0.240848 0.076506 0.026681 0.009855 0.003779 0.001486 0.000595 0.000241 0.000099 0.000041 0.000017
2263.0 0.895659 0.241281 0.076569 0.026681 0.009848 0.003773 0.001483 0.000593 0.000241 0.000098 0.000041 0.000017
2264.0 0.898367 0.241716 0.076632 0.026680 0.009840 0.003768 0.001480 0.000592 0.000240 0.000098 0.000040 0.000017
2265.0 0.901088 0.242153 0.076696 0.026680 0.009833 0.003762 0.001477 0.000590 0.000239 0.000098 0.000040 0.000017
2266.0 0.903820 0.242591 0.076760 0.026680 0.009825 0.003757 0.001474 0.000589 0.000238 0.000097 0.000040 0.000017
2267.0 0.906565 0.243031 0.076824 0.026680 0.009818 0.003751 0.001471 0.000587 0.000237 0.000097 0.000040 0.000016
2268.0 0.909322 0.243473 0.076888 0.026680 0.009810 0.003746 0.001467 0.000585 0.000237 0.000096 0.000040 0.000016
2269.0 0.912092 0.243916 0.076953 0.026680 0.009803 0.003740 0.001464 0.000584 0.000236 0.000096 0.000039 0.000016
2270.0 0.914874 0.244362 0.077018 0.026680 0.009795 0.003735 0.001461 0.000582 0.000235 0.000096 0.000039 0.000016
2271.0 0.917669 0.244808 0.077084 0.026680 0.009788 0.003729 0.001458 0.000580 0.000234 0.000095 0.000039 0.000016
2272.0 0.920478 0.245257 0.077149 0.026680 0.009781 0.003724 0.001455 0.000579 0.000233 0.000095 0.000039 0.000016
2273.0 0.923298 0.245708 0.077215 0.026681 0.009773 0.003719 0.001452 0.000577 0.000233 0.000095 0.000039 0.000016
2274.0 0.926132 0.246160 0.077282 0.026681 0.009766 0.003713 0.001449 0.000576 0.000232 0.000094 0.000039 0.000016
2275.0 0.928979 0.246614 0.077348 0.026682 0.009759 0.003708 0.001446 0.000574 0.000231 0.000094 0.000038 0.000016
2276.0 0.931838 0.247070 0.077415 0.026682 0.009752 0.003702 0.001443 0.000572 0.000230 0.000093 0.000038 0.000016
2277.0 0.934711 0.247527 0.077482 0.026683 0.009744 0.003697 0.001440 0.000571 0.000229 0.000093 0.000038 0.000016
2278.0 0.937596 0.247986 0.077550 0.026683 0.009737 0.003692 0.001437 0.000569 0.000229 0.000093 0.000038 0.000016
2279.0 0.940495 0.248447 0.077618 0.026684 0.009730 0.003687 0.001434 0.000568 0.000228 0.000092 0.000038 0.000015
2280.0 0.941525 0.248910 0.077686 0.026685 0.009723 0.003681 0.001431 0.000566 0.000227 0.000092 0.000038 0.000015
2281.0 0.941428 0.249375 0.077754 0.026686 0.009716 0.003676 0.001428 0.000565 0.000226 0.000092 0.000037 0.000015
2282.0 0.941403 0.249841 0.077823 0.026687 0.009709 0.003671 0.001425 0.000563 0.000226 0.000091 0.000037 0.000015
2283.0 0.941505 0.250309 0.077892 0.026688 0.009702 0.003665 0.001422 0.000562 0.000225 0.000091 0.000037 0.000015
2284.0 0.941632 0.250780 0.077961 0.026689 0.009695 0.003660 0.001419 0.000560 0.000224 0.000091 0.000037 0.000015
2285.0 0.941743 0.251252 0.078031 0.026691 0.009688 0.003655 0.001416 0.000558 0.000223 0.000090 0.000037 0.000015
2286.0 0.941925 0.251725 0.078101 0.026692 0.009681 0.003650 0.001413 0.000557 0.000223 0.000090 0.000037 0.000015
2287.0 0.942005 0.252201 0.078171 0.026693 0.009674 0.003645 0.001410 0.000555 0.000222 0.000089 0.000036 0.000015
2288.0 0.942119 0.252678 0.078242 0.026695 0.009667 0.003639 0.001407 0.000554 0.000221 0.000089 0.000036 0.000015
2289.0 0.942275 0.253158 0.078313 0.026696 0.009661 0.003634 0.001404 0.000552 0.000220 0.000089 0.000036 0.000015
2290.0 0.942485 0.253639 0.078384 0.026698 0.009654 0.003629 0.001401 0.000551 0.000220 0.000088 0.000036 0.000015
2291.0 0.942389 0.254122 0.078456 0.026700 0.009647 0.003624 0.001398 0.000549 0.000219 0.000088 0.000036 0.000015
2292.0 0.942671 0.254607 0.078528 0.026701 0.009640 0.003619 0.001395 0.000548 0.000218 0.000088 0.000036 0.000014
2293.0 0.943046 0.255094 0.078600 0.026703 0.009634 0.003614 0.001392 0.000546 0.000217 0.000087 0.000035 0.000014
2294.0 0.942952 0.255583 0.078672 0.026705 0.009627 0.003609 0.001389 0.000545 0.000217 0.000087 0.000035 0.000014
2295.0 0.942857 0.256073 0.078745 0.026707 0.009620 0.003604 0.001386 0.000543 0.000216 0.000087 0.000035 0.000014
2296.0 0.943362 0.256566 0.078819 0.026709 0.009614 0.003599 0.001384 0.000542 0.000215 0.000086 0.000035 0.000014
2297.0 0.943268 0.257060 0.078892 0.026711 0.009607 0.003594 0.001381 0.000540 0.000214 0.000086 0.000035 0.000014
2298.0 0.943175 0.257557 0.078966 0.026713 0.009600 0.003589 0.001378 0.000539 0.000214 0.000086 0.000035 0.000014
2299.0 0.943860 0.258055 0.079040 0.026716 0.009594 0.003584 0.001375 0.000538 0.000213 0.000085 0.000034 0.000014
2300.0 0.943768 0.258556 0.079115 0.026718 0.009587 0.003579 0.001372 0.000536 0.000212 0.000085 0.000034 0.000014
2301.0 0.943675 0.259058 0.079189 0.026721 0.009581 0.003574 0.001369 0.000535 0.000212 0.000085 0.000034 0.000014
2302.0 0.943582 0.259562 0.079264 0.026723 0.009574 0.003569 0.001366 0.000533 0.000211 0.000084 0.000034 0.000014
2303.0 0.944529 0.260068 0.079340 0.026726 0.009568 0.003564 0.001364 0.000532 0.000210 0.000084 0.000034 0.000014
2304.0 0.944437 0.260577 0.079416 0.026728 0.009562 0.003559 0.001361 0.000530 0.000209 0.000084 0.000034 0.000014
2305.0 0.944346 0.261087 0.079492 0.026731 0.009555 0.003554 0.001358 0.000529 0.000209 0.000083 0.000033 0.000014
2306.0 0.944254 0.261599 0.079568 0.026734 0.009549 0.003549 0.001355 0.000527 0.000208 0.000083 0.000033 0.000013
2307.0 0.944163 0.262113 0.079645 0.026737 0.009543 0.003544 0.001352 0.000526 0.000207 0.000083 0.000033 0.000013
2308.0 0.945501 0.262629 0.079722 0.026740 0.009536 0.003539 0.001350 0.000525 0.000207 0.000082 0.000033 0.000013
2309.0 0.945411 0.263148 0.079800 0.026743 0.009530 0.003535 0.001347 0.000523 0.000206 0.000082 0.000033 0.000013
2310.0 0.945321 0.263668 0.079878 0.026746 0.009524 0.003530 0.001344 0.000522 0.000205 0.000082 0.000033 0.000013
2311.0 0.945232 0.264190 0.079956 0.026749 0.009518 0.003525 0.001341 0.000520 0.000205 0.000081 0.000033 0.000013
2312.0 0.945142 0.264714 0.080034 0.026752 0.009511 0.003520 0.001339 0.000519 0.000204 0.000081 0.000032 0.000013
2313.0 0.945052 0.265241 0.080113 0.026756 0.009505 0.003515 0.001336 0.000518 0.000203 0.000081 0.000032 0.000013
2314.0 0.944962 0.265769 0.080192 0.026759 0.009499 0.003511 0.001333 0.000516 0.000203 0.000080 0.000032 0.000013
2315.0 0.944871 0.266300 0.080272 0.026763 0.009493 0.003506 0.001331 0.000515 0.000202 0.000080 0.000032 0.000013
2316.0 0.946673 0.266832 0.080351 0.026766 0.009487 0.003501 0.001328 0.000513 0.000201 0.000080 0.000032 0.000013
2317.0 0.946585 0.267367 0.080432 0.026770 0.009481 0.003496 0.001325 0.000512 0.000201 0.000079 0.000032 0.000013
2318.0 0.946498 0.267904 0.080512 0.026774 0.009475 0.003492 0.001322 0.000511 0.000200 0.000079 0.000032 0.000013
2319.0 0.946411 0.268443 0.080593 0.026778 0.009469 0.003487 0.001320 0.000509 0.000199 0.000079 0.000031 0.000013
2320.0 0.946323 0.268984 0.080674 0.026782 0.009463 0.003482 0.001317 0.000508 0.000199 0.000078 0.000031 0.000013
2321.0 0.946235 0.269527 0.080756 0.026786 0.009457 0.003477 0.001314 0.000507 0.000198 0.000078 0.000031 0.000012
2322.0 0.946147 0.270072 0.080838 0.026790 0.009451 0.003473 0.001312 0.000505 0.000197 0.000078 0.000031 0.000012
2323.0 0.946060 0.270620 0.080920 0.026794 0.009445 0.003468 0.001309 0.000504 0.000197 0.000078 0.000031 0.000012
2324.0 0.945972 0.271169 0.081003 0.026798 0.009440 0.003464 0.001307 0.000503 0.000196 0.000077 0.000031 0.000012
2325.0 0.945883 0.271721 0.081086 0.026802 0.009434 0.003459 0.001304 0.000501 0.000195 0.000077 0.000031 0.000012
2326.0 0.945795 0.272275 0.081169 0.026807 0.009428 0.003454 0.001301 0.000500 0.000195 0.000077 0.000030 0.000012
2327.0 0.948285 0.272831 0.081253 0.026811 0.009422 0.003450 0.001299 0.000499 0.000194 0.000076 0.000030 0.000012
2328.0 0.948201 0.273389 0.081337 0.026816 0.009417 0.003445 0.001296 0.000497 0.000193 0.000076 0.000030 0.000012
2329.0 0.948117 0.273950 0.081421 0.026820 0.009411 0.003441 0.001293 0.000496 0.000193 0.000076 0.000030 0.000012
2330.0 0.948033 0.274513 0.081506 0.026825 0.009405 0.003436 0.001291 0.000495 0.000192 0.000075 0.000030 0.000012
2331.0 0.947948 0.275077 0.081591 0.026830 0.009400 0.003432 0.001288 0.000493 0.000192 0.000075 0.000030 0.000012
2332.0 0.947864 0.275645 0.081676 0.026834 0.009394 0.003427 0.001286 0.000492 0.000191 0.000075 0.000030 0.000012
2333.0 0.947779 0.276214 0.081762 0.026839 0.009388 0.003423 0.001283 0.000491 0.000190 0.000075 0.000029 0.000012
2334.0 0.947694 0.276786 0.081848 0.026844 0.009383 0.003418 0.001281 0.000489 0.000190 0.000074 0.000029 0.000012
2335.0 0.947609 0.277359 0.081935 0.026849 0.009377 0.003414 0.001278 0.000488 0.000189 0.000074 0.000029 0.000012
2336.0 0.947524 0.277936 0.082022 0.026855 0.009372 0.003409 0.001275 0.000487 0.000188 0.000074 0.000029 0.000012
2337.0 0.947439 0.278514 0.082109 0.026860 0.009366 0.003405 0.001273 0.000485 0.000188 0.000073 0.000029 0.000011
2338.0 0.947354 0.279095 0.082196 0.026865 0.009361 0.003400 0.001270 0.000484 0.000187 0.000073 0.000029 0.000011
2339.0 0.947269 0.279678 0.082284 0.026871 0.009355 0.003396 0.001268 0.000483 0.000187 0.000073 0.000029 0.000011
2340.0 0.947184 0.280263 0.082373 0.026876 0.009350 0.003391 0.001265 0.000482 0.000186 0.000073 0.000029 0.000011
2341.0 0.947098 0.280851 0.082461 0.026882 0.009345 0.003387 0.001263 0.000480 0.000185 0.000072 0.000028 0.000011
2342.0 0.947013 0.281440 0.082550 0.026887 0.009339 0.003383 0.001260 0.000479 0.000185 0.000072 0.000028 0.000011
2343.0 0.946927 0.282033 0.082640 0.026893 0.009334 0.003378 0.001258 0.000478 0.000184 0.000072 0.000028 0.000011
2344.0 0.946841 0.282628 0.082730 0.026899 0.009329 0.003374 0.001255 0.000477 0.000184 0.000071 0.000028 0.000011
2345.0 0.950449 0.283225 0.082820 0.026905 0.009323 0.003370 0.001253 0.000475 0.000183 0.000071 0.000028 0.000011
2346.0 0.950369 0.283824 0.082910 0.026910 0.009318 0.003365 0.001250 0.000474 0.000182 0.000071 0.000028 0.000011
2347.0 0.950289 0.284425 0.083001 0.026916 0.009313 0.003361 0.001248 0.000473 0.000182 0.000071 0.000028 0.000011
2348.0 0.950209 0.285030 0.083093 0.026923 0.009308 0.003357 0.001246 0.000472 0.000181 0.000070 0.000028 0.000011
2349.0 0.950129 0.285636 0.083184 0.026929 0.009303 0.003352 0.001243 0.000470 0.000181 0.000070 0.000027 0.000011
2350.0 0.950049 0.286245 0.083277 0.026935 0.009298 0.003348 0.001241 0.000469 0.000180 0.000070 0.000027 0.000011
2351.0 0.949969 0.286856 0.083369 0.026941 0.009292 0.003344 0.001238 0.000468 0.000179 0.000070 0.000027 0.000011
2352.0 0.949888 0.287470 0.083462 0.026948 0.009287 0.003339 0.001236 0.000467 0.000179 0.000069 0.000027 0.000011
2353.0 0.949808 0.288086 0.083555 0.026954 0.009282 0.003335 0.001233 0.000465 0.000178 0.000069 0.000027 0.000011
2354.0 0.949727 0.288705 0.083649 0.026961 0.009277 0.003331 0.001231 0.000464 0.000178 0.000069 0.000027 0.000011
2355.0 0.949646 0.289326 0.083743 0.026968 0.009272 0.003327 0.001229 0.000463 0.000177 0.000068 0.000027 0.000010
2356.0 0.949566 0.289950 0.083837 0.026974 0.009267 0.003323 0.001226 0.000462 0.000177 0.000068 0.000027 0.000010
2357.0 0.949485 0.290576 0.083932 0.026981 0.009262 0.003318 0.001224 0.000461 0.000176 0.000068 0.000026 0.000010
2358.0 0.949404 0.291204 0.084027 0.026988 0.009258 0.003314 0.001221 0.000459 0.000175 0.000068 0.000026 0.000010
2359.0 0.949323 0.291835 0.084122 0.026995 0.009253 0.003310 0.001219 0.000458 0.000175 0.000067 0.000026 0.000010
2360.0 0.949241 0.292469 0.084218 0.027002 0.009248 0.003306 0.001217 0.000457 0.000174 0.000067 0.000026 0.000010
2361.0 0.949160 0.293105 0.084315 0.027009 0.009243 0.003302 0.001214 0.000456 0.000174 0.000067 0.000026 0.000010
2362.0 0.949079 0.293743 0.084411 0.027016 0.009238 0.003298 0.001212 0.000455 0.000173 0.000067 0.000026 0.000010
2363.0 0.948997 0.294384 0.084508 0.027024 0.009233 0.003294 0.001210 0.000453 0.000173 0.000066 0.000026 0.000010
2364.0 0.948916 0.295028 0.084606 0.027031 0.009229 0.003290 0.001207 0.000452 0.000172 0.000066 0.000026 0.000010
2365.0 0.948834 0.295674 0.084704 0.027039 0.009224 0.003285 0.001205 0.000451 0.000171 0.000066 0.000026 0.000010
2366.0 0.948753 0.296323 0.084802 0.027046 0.009219 0.003281 0.001203 0.000450 0.000171 0.000066 0.000025 0.000010
2367.0 0.948671 0.296974 0.084901 0.027054 0.009215 0.003277 0.001200 0.000449 0.000170 0.000065 0.000025 0.000010
2368.0 0.948589 0.297629 0.085000 0.027061 0.009210 0.003273 0.001198 0.000448 0.000170 0.000065 0.000025 0.000010
2369.0 0.948507 0.298285 0.085099 0.027069 0.009205 0.003269 0.001196 0.000447 0.000169 0.000065 0.000025 0.000010
2370.0 0.948425 0.298944 0.085199 0.027077 0.009201 0.003265 0.001193 0.000445 0.000169 0.000065 0.000025 0.000010
2371.0 0.948343 0.299606 0.085299 0.027085 0.009196 0.003261 0.001191 0.000444 0.000168 0.000064 0.000025 0.000010
2372.0 0.948260 0.300271 0.085400 0.027093 0.009192 0.003257 0.001189 0.000443 0.000168 0.000064 0.000025 0.000010
2373.0 0.948178 0.300938 0.085501 0.027101 0.009187 0.003253 0.001187 0.000442 0.000167 0.000064 0.000025 0.000010
2374.0 0.948095 0.301608 0.085603 0.027109 0.009183 0.003249 0.001184 0.000441 0.000167 0.000064 0.000025 0.000010
2375.0 0.953553 0.302281 0.085705 0.027118 0.009178 0.003245 0.001182 0.000440 0.000166 0.000063 0.000024 0.000009
2376.0 0.953479 0.302956 0.085807 0.027126 0.009174 0.003241 0.001180 0.000439 0.000165 0.000063 0.000024 0.000009
2377.0 0.953405 0.303634 0.085910 0.027135 0.009169 0.003237 0.001178 0.000437 0.000165 0.000063 0.000024 0.000009
2378.0 0.953331 0.304314 0.086013 0.027143 0.009165 0.003234 0.001175 0.000436 0.000164 0.000063 0.000024 0.000009
2379.0 0.953257 0.304998 0.086116 0.027152 0.009161 0.003230 0.001173 0.000435 0.000164 0.000062 0.000024 0.000009
2380.0 0.953183 0.305684 0.086220 0.027160 0.009156 0.003226 0.001171 0.000434 0.000163 0.000062 0.000024 0.000009
2381.0 0.953109 0.306373 0.086325 0.027169 0.009152 0.003222 0.001169 0.000433 0.000163 0.000062 0.000024 0.000009
2382.0 0.953035 0.307065 0.086430 0.027178 0.009148 0.003218 0.001166 0.000432 0.000162 0.000062 0.000024 0.000009
2383.0 0.952961 0.307759 0.086535 0.027187 0.009143 0.003214 0.001164 0.000431 0.000162 0.000061 0.000024 0.000009
2384.0 0.952886 0.308456 0.086640 0.027196 0.009139 0.003210 0.001162 0.000430 0.000161 0.000061 0.000023 0.000009
2385.0 0.952812 0.309156 0.086746 0.027205 0.009135 0.003206 0.001160 0.000429 0.000161 0.000061 0.000023 0.000009
2386.0 0.952737 0.309859 0.086853 0.027214 0.009131 0.003203 0.001158 0.000427 0.000160 0.000061 0.000023 0.000009
2387.0 0.952663 0.310565 0.086960 0.027224 0.009127 0.003199 0.001156 0.000426 0.000160 0.000061 0.000023 0.000009
2388.0 0.952588 0.311273 0.087067 0.027233 0.009123 0.003195 0.001153 0.000425 0.000159 0.000060 0.000023 0.000009
2389.0 0.952513 0.311985 0.087175 0.027242 0.009118 0.003191 0.001151 0.000424 0.000159 0.000060 0.000023 0.000009
2390.0 0.952438 0.312699 0.087283 0.027252 0.009114 0.003188 0.001149 0.000423 0.000158 0.000060 0.000023 0.000009
2391.0 0.952363 0.313416 0.087392 0.027262 0.009110 0.003184 0.001147 0.000422 0.000158 0.000060 0.000023 0.000009
2392.0 0.952288 0.314136 0.087501 0.027271 0.009106 0.003180 0.001145 0.000421 0.000157 0.000059 0.000023 0.000009
2393.0 0.952213 0.314859 0.087610 0.027281 0.009102 0.003176 0.001143 0.000420 0.000157 0.000059 0.000023 0.000009
2394.0 0.952138 0.315585 0.087720 0.027291 0.009098 0.003173 0.001140 0.000419 0.000156 0.000059 0.000022 0.000009
2395.0 0.952063 0.316314 0.087831 0.027301 0.009094 0.003169 0.001138 0.000418 0.000156 0.000059 0.000022 0.000009
2396.0 0.951987 0.317046 0.087941 0.027311 0.009091 0.003165 0.001136 0.000417 0.000155 0.000058 0.000022 0.000008
2397.0 0.951912 0.317780 0.088053 0.027321 0.009087 0.003161 0.001134 0.000416 0.000155 0.000058 0.000022 0.000008
2398.0 0.951836 0.318518 0.088164 0.027331 0.009083 0.003158 0.001132 0.000415 0.000154 0.000058 0.000022 0.000008
2399.0 0.951761 0.319258 0.088276 0.027342 0.009079 0.003154 0.001130 0.000414 0.000154 0.000058 0.000022 0.000008
2400.0 0.951685 0.320002 0.088389 0.027352 0.009075 0.003150 0.001128 0.000413 0.000153 0.000058 0.000022 0.000008
2401.0 0.951609 0.320749 0.088502 0.027362 0.009071 0.003147 0.001126 0.000411 0.000153 0.000057 0.000022 0.000008
2402.0 0.951533 0.321498 0.088615 0.027373 0.009068 0.003143 0.001124 0.000410 0.000152 0.000057 0.000022 0.000008
2403.0 0.951458 0.322251 0.088729 0.027384 0.009064 0.003140 0.001122 0.000409 0.000152 0.000057 0.000022 0.000008
2404.0 0.951382 0.323007 0.088844 0.027394 0.009060 0.003136 0.001119 0.000408 0.000151 0.000057 0.000021 0.000008
2405.0 0.951305 0.323766 0.088959 0.027405 0.009056 0.003132 0.001117 0.000407 0.000151 0.000057 0.000021 0.000008
2406.0 0.951229 0.324528 0.089074 0.027416 0.009053 0.003129 0.001115 0.000406 0.000150 0.000056 0.000021 0.000008
2407.0 0.951153 0.325293 0.089189 0.027427 0.009049 0.003125 0.001113 0.000405 0.000150 0.000056 0.000021 0.000008
2408.0 0.951076 0.326061 0.089306 0.027438 0.009046 0.003122 0.001111 0.000404 0.000149 0.000056 0.000021 0.000008
2409.0 0.951000 0.326832 0.089422 0.027449 0.009042 0.003118 0.001109 0.000403 0.000149 0.000056 0.000021 0.000008
2410.0 0.950923 0.327606 0.089539 0.027460 0.009038 0.003115 0.001107 0.000402 0.000148 0.000055 0.000021 0.000008
2411.0 0.950847 0.328384 0.089657 0.027472 0.009035 0.003111 0.001105 0.000401 0.000148 0.000055 0.000021 0.000008
2412.0 0.950770 0.329165 0.089775 0.027483 0.009031 0.003108 0.001103 0.000400 0.000148 0.000055 0.000021 0.000008
2413.0 0.950693 0.329948 0.089893 0.027495 0.009028 0.003104 0.001101 0.000399 0.000147 0.000055 0.000021 0.000008
2414.0 0.950616 0.330736 0.090012 0.027506 0.009025 0.003101 0.001099 0.000398 0.000147 0.000055 0.000021 0.000008
2415.0 0.950539 0.331526 0.090132 0.027518 0.009021 0.003097 0.001097 0.000397 0.000146 0.000054 0.000020 0.000008
2416.0 0.950462 0.332319 0.090251 0.027530 0.009018 0.003094 0.001095 0.000396 0.000146 0.000054 0.000020 0.000008
2417.0 0.950385 0.333116 0.090372 0.027542 0.009014 0.003090 0.001093 0.000395 0.000145 0.000054 0.000020 0.000008
2418.0 0.950308 0.333916 0.090493 0.027554 0.009011 0.003087 0.001091 0.000394 0.000145 0.000054 0.000020 0.000008
2419.0 0.950231 0.334719 0.090614 0.027566 0.009008 0.003083 0.001089 0.000393 0.000144 0.000054 0.000020 0.000008
2420.0 0.950153 0.335526 0.090736 0.027578 0.009004 0.003080 0.001087 0.000392 0.000144 0.000053 0.000020 0.000008
2421.0 0.950076 0.336336 0.090858 0.027590 0.009001 0.003076 0.001085 0.000391 0.000143 0.000053 0.000020 0.000007
2422.0 0.949998 0.337149 0.090981 0.027602 0.008998 0.003073 0.001083 0.000390 0.000143 0.000053 0.000020 0.000007
2423.0 0.949921 0.337965 0.091104 0.027615 0.008995 0.003070 0.001081 0.000389 0.000143 0.000053 0.000020 0.000007
2424.0 0.949843 0.338785 0.091227 0.027627 0.008991 0.003066 0.001079 0.000389 0.000142 0.000053 0.000020 0.000007
2425.0 0.949765 0.339609 0.091352 0.027640 0.008988 0.003063 0.001077 0.000388 0.000142 0.000052 0.000020 0.000007
2426.0 0.949687 0.340435 0.091476 0.027652 0.008985 0.003060 0.001076 0.000387 0.000141 0.000052 0.000019 0.000007
2427.0 0.949609 0.341265 0.091601 0.027665 0.008982 0.003056 0.001074 0.000386 0.000141 0.000052 0.000019 0.000007
2428.0 0.949531 0.342098 0.091727 0.027678 0.008979 0.003053 0.001072 0.000385 0.000140 0.000052 0.000019 0.000007
2429.0 0.949453 0.342935 0.091853 0.027691 0.008976 0.003050 0.001070 0.000384 0.000140 0.000052 0.000019 0.000007
2430.0 0.949375 0.343775 0.091979 0.027704 0.008973 0.003046 0.001068 0.000383 0.000139 0.000051 0.000019 0.000007
2431.0 0.949296 0.344619 0.092107 0.027717 0.008970 0.003043 0.001066 0.000382 0.000139 0.000051 0.000019 0.000007
2432.0 0.958384 0.345466 0.092234 0.027730 0.008967 0.003040 0.001064 0.000381 0.000139 0.000051 0.000019 0.000007
2433.0 0.958320 0.346317 0.092362 0.027743 0.008964 0.003036 0.001062 0.000380 0.000138 0.000051 0.000019 0.000007
2434.0 0.958256 0.347171 0.092491 0.027757 0.008961 0.003033 0.001060 0.000379 0.000138 0.000051 0.000019 0.000007
2435.0 0.958192 0.348028 0.092620 0.027770 0.008958 0.003030 0.001058 0.000378 0.000137 0.000050 0.000019 0.000007
2436.0 0.958127 0.348890 0.092749 0.027784 0.008955 0.003027 0.001056 0.000377 0.000137 0.000050 0.000019 0.000007
2437.0 0.958063 0.349754 0.092879 0.027797 0.008952 0.003023 0.001055 0.000376 0.000136 0.000050 0.000019 0.000007
2438.0 0.957999 0.350622 0.093010 0.027811 0.008949 0.003020 0.001053 0.000375 0.000136 0.000050 0.000018 0.000007
2439.0 0.957934 0.351494 0.093141 0.027825 0.008946 0.003017 0.001051 0.000374 0.000136 0.000050 0.000018 0.000007
2440.0 0.957870 0.352370 0.093272 0.027839 0.008944 0.003014 0.001049 0.000374 0.000135 0.000050 0.000018 0.000007
2441.0 0.957805 0.353249 0.093405 0.027853 0.008941 0.003011 0.001047 0.000373 0.000135 0.000049 0.000018 0.000007
2442.0 0.957741 0.354131 0.093537 0.027867 0.008938 0.003007 0.001045 0.000372 0.000134 0.000049 0.000018 0.000007
2443.0 0.957676 0.355018 0.093670 0.027881 0.008935 0.003004 0.001043 0.000371 0.000134 0.000049 0.000018 0.000007
2444.0 0.957611 0.355908 0.093804 0.027895 0.008933 0.003001 0.001042 0.000370 0.000134 0.000049 0.000018 0.000007
2445.0 0.957546 0.356802 0.093938 0.027910 0.008930 0.002998 0.001040 0.000369 0.000133 0.000049 0.000018 0.000007
2446.0 0.957482 0.357699 0.094073 0.027924 0.008927 0.002995 0.001038 0.000368 0.000133 0.000048 0.000018 0.000007
2447.0 0.957417 0.358600 0.094208 0.027939 0.008925 0.002992 0.001036 0.000367 0.000132 0.000048 0.000018 0.000007
2448.0 0.957352 0.359505 0.094344 0.027953 0.008922 0.002989 0.001034 0.000366 0.000132 0.000048 0.000018 0.000007
2449.0 0.957286 0.360414 0.094480 0.027968 0.008920 0.002985 0.001033 0.000365 0.000131 0.000048 0.000018 0.000007
2450.0 0.957221 0.361326 0.094617 0.027983 0.008917 0.002982 0.001031 0.000365 0.000131 0.000048 0.000018 0.000006
2451.0 0.957156 0.362242 0.094754 0.027998 0.008915 0.002979 0.001029 0.000364 0.000131 0.000048 0.000017 0.000006
2452.0 0.957091 0.363162 0.094892 0.028013 0.008912 0.002976 0.001027 0.000363 0.000130 0.000047 0.000017 0.000006
2453.0 0.957025 0.364086 0.095030 0.028028 0.008910 0.002973 0.001025 0.000362 0.000130 0.000047 0.000017 0.000006
2454.0 0.956960 0.365014 0.095169 0.028043 0.008907 0.002970 0.001024 0.000361 0.000129 0.000047 0.000017 0.000006
2455.0 0.956894 0.365945 0.095308 0.028059 0.008905 0.002967 0.001022 0.000360 0.000129 0.000047 0.000017 0.000006
2456.0 0.956829 0.366881 0.095448 0.028074 0.008902 0.002964 0.001020 0.000359 0.000129 0.000047 0.000017 0.000006
2457.0 0.956763 0.367820 0.095589 0.028089 0.008900 0.002961 0.001018 0.000358 0.000128 0.000046 0.000017 0.000006
2458.0 0.956697 0.368763 0.095730 0.028105 0.008898 0.002958 0.001017 0.000358 0.000128 0.000046 0.000017 0.000006
2459.0 0.956631 0.369710 0.095871 0.028121 0.008895 0.002955 0.001015 0.000357 0.000127 0.000046 0.000017 0.000006
2460.0 0.956565 0.370661 0.096013 0.028137 0.008893 0.002952 0.001013 0.000356 0.000127 0.000046 0.000017 0.000006
2461.0 0.956500 0.371616 0.096156 0.028152 0.008891 0.002949 0.001011 0.000355 0.000127 0.000046 0.000017 0.000006
2462.0 0.956433 0.372575 0.096299 0.028168 0.008888 0.002946 0.001010 0.000354 0.000126 0.000046 0.000017 0.000006
2463.0 0.956367 0.373538 0.096443 0.028184 0.008886 0.002943 0.001008 0.000353 0.000126 0.000045 0.000017 0.000006
2464.0 0.956301 0.374506 0.096587 0.028201 0.008884 0.002940 0.001006 0.000352 0.000126 0.000045 0.000016 0.000006
2465.0 0.956235 0.375477 0.096732 0.028217 0.008882 0.002937 0.001004 0.000352 0.000125 0.000045 0.000016 0.000006
2466.0 0.956169 0.376452 0.096877 0.028233 0.008880 0.002934 0.001003 0.000351 0.000125 0.000045 0.000016 0.000006
2467.0 0.956102 0.377431 0.097023 0.028250 0.008878 0.002931 0.001001 0.000350 0.000124 0.000045 0.000016 0.000006
2468.0 0.956036 0.378415 0.097170 0.028266 0.008875 0.002928 0.000999 0.000349 0.000124 0.000045 0.000016 0.000006
2469.0 0.955969 0.379402 0.097317 0.028283 0.008873 0.002926 0.000998 0.000348 0.000124 0.000044 0.000016 0.000006
2470.0 0.955903 0.380394 0.097465 0.028300 0.008871 0.002923 0.000996 0.000347 0.000123 0.000044 0.000016 0.000006
2471.0 0.955836 0.381389 0.097613 0.028316 0.008869 0.002920 0.000994 0.000347 0.000123 0.000044 0.000016 0.000006
2472.0 0.955769 0.382389 0.097762 0.028333 0.008867 0.002917 0.000992 0.000346 0.000123 0.000044 0.000016 0.000006
2473.0 0.955702 0.383394 0.097911 0.028350 0.008865 0.002914 0.000991 0.000345 0.000122 0.000044 0.000016 0.000006
2474.0 0.955635 0.384402 0.098061 0.028367 0.008863 0.002911 0.000989 0.000344 0.000122 0.000044 0.000016 0.000006
2475.0 0.955568 0.385414 0.098212 0.028385 0.008861 0.002908 0.000987 0.000343 0.000121 0.000043 0.000016 0.000006
2476.0 0.955501 0.386432 0.098363 0.028402 0.008860 0.002906 0.000986 0.000343 0.000121 0.000043 0.000016 0.000006
2477.0 0.955434 0.387453 0.098514 0.028419 0.008858 0.002903 0.000984 0.000342 0.000121 0.000043 0.000016 0.000006
2478.0 0.955367 0.388478 0.098667 0.028437 0.008856 0.002900 0.000982 0.000341 0.000120 0.000043 0.000016 0.000006
2479.0 0.955300 0.389508 0.098819 0.028454 0.008854 0.002897 0.000981 0.000340 0.000120 0.000043 0.000015 0.000006
2480.0 0.955233 0.390542 0.098973 0.028472 0.008852 0.002894 0.000979 0.000339 0.000120 0.000043 0.000015 0.000006
2481.0 0.955165 0.391581 0.099127 0.028490 0.008850 0.002892 0.000978 0.000338 0.000119 0.000043 0.000015 0.000006
2482.0 0.955098 0.392624 0.099281 0.028508 0.008849 0.002889 0.000976 0.000338 0.000119 0.000042 0.000015 0.000006
2483.0 0.955030 0.393671 0.099437 0.028526 0.008847 0.002886 0.000974 0.000337 0.000119 0.000042 0.000015 0.000006
2484.0 0.954962 0.394723 0.099592 0.028544 0.008845 0.002883 0.000973 0.000336 0.000118 0.000042 0.000015 0.000005
2485.0 0.954895 0.395779 0.099749 0.028562 0.008844 0.002881 0.000971 0.000335 0.000118 0.000042 0.000015 0.000005
2486.0 0.954827 0.396840 0.099906 0.028581 0.008842 0.002878 0.000969 0.000335 0.000117 0.000042 0.000015 0.000005
2487.0 0.954759 0.397905 0.100063 0.028599 0.008840 0.002875 0.000968 0.000334 0.000117 0.000042 0.000015 0.000005
2488.0 0.954691 0.398975 0.100222 0.028617 0.008839 0.002872 0.000966 0.000333 0.000117 0.000041 0.000015 0.000005
2489.0 0.954623 0.400049 0.100380 0.028636 0.008837 0.002870 0.000965 0.000332 0.000116 0.000041 0.000015 0.000005
2490.0 0.954555 0.401128 0.100540 0.028655 0.008836 0.002867 0.000963 0.000331 0.000116 0.000041 0.000015 0.000005
2491.0 0.954487 0.402211 0.100700 0.028674 0.008834 0.002864 0.000961 0.000331 0.000116 0.000041 0.000015 0.000005
2492.0 0.954419 0.403299 0.100860 0.028693 0.008833 0.002862 0.000960 0.000330 0.000115 0.000041 0.000015 0.000005
2493.0 0.954351 0.404392 0.101022 0.028712 0.008831 0.002859 0.000958 0.000329 0.000115 0.000041 0.000015 0.000005
2494.0 0.954282 0.405489 0.101183 0.028731 0.008830 0.002856 0.000957 0.000328 0.000115 0.000041 0.000014 0.000005
2495.0 0.954214 0.406591 0.101346 0.028750 0.008828 0.002854 0.000955 0.000328 0.000114 0.000040 0.000014 0.000005
2496.0 0.954145 0.407697 0.101509 0.028769 0.008827 0.002851 0.000954 0.000327 0.000114 0.000040 0.000014 0.000005
2497.0 0.954077 0.408809 0.101673 0.028789 0.008825 0.002848 0.000952 0.000326 0.000114 0.000040 0.000014 0.000005
2498.0 0.954008 0.409925 0.101837 0.028808 0.008824 0.002846 0.000950 0.000325 0.000113 0.000040 0.000014 0.000005
2499.0 0.953940 0.411046 0.102002 0.028828 0.008823 0.002843 0.000949 0.000325 0.000113 0.000040 0.000014 0.000005
2500.0 0.953871 0.412171 0.102168 0.028847 0.008821 0.002841 0.000947 0.000324 0.000113 0.000040 0.000014 0.000005
2501.0 0.953802 0.413302 0.102334 0.028867 0.008820 0.002838 0.000946 0.000323 0.000112 0.000040 0.000014 0.000005
2502.0 0.953733 0.414437 0.102501 0.028887 0.008819 0.002835 0.000944 0.000322 0.000112 0.000039 0.000014 0.000005
2503.0 0.953664 0.415577 0.102668 0.028907 0.008818 0.002833 0.000943 0.000322 0.000112 0.000039 0.000014 0.000005
2504.0 0.953595 0.416722 0.102836 0.028927 0.008816 0.002830 0.000941 0.000321 0.000111 0.000039 0.000014 0.000005
2505.0 0.953526 0.417872 0.103005 0.028948 0.008815 0.002828 0.000940 0.000320 0.000111 0.000039 0.000014 0.000005
2506.0 0.953457 0.419027 0.103174 0.028968 0.008814 0.002825 0.000938 0.000319 0.000111 0.000039 0.000014 0.000005
2507.0 0.953387 0.420186 0.103345 0.028989 0.008813 0.002823 0.000937 0.000319 0.000110 0.000039 0.000014 0.000005
2508.0 0.953318 0.421351 0.103515 0.029009 0.008812 0.002820 0.000935 0.000318 0.000110 0.000039 0.000014 0.000005
2509.0 0.953249 0.422521 0.103687 0.029030 0.008811 0.002818 0.000934 0.000317 0.000110 0.000038 0.000014 0.000005
2510.0 0.953179 0.423695 0.103859 0.029051 0.008810 0.002815 0.000932 0.000316 0.000109 0.000038 0.000014 0.000005
2511.0 0.953109 0.424876 0.104031 0.029071 0.008809 0.002813 0.000931 0.000316 0.000109 0.000038 0.000013 0.000005
2512.0 0.953040 0.426060 0.104205 0.029092 0.008808 0.002810 0.000929 0.000315 0.000109 0.000038 0.000013 0.000005
2513.0 0.952970 0.427250 0.104379 0.029114 0.008807 0.002808 0.000928 0.000314 0.000108 0.000038 0.000013 0.000005
2514.0 0.952900 0.428445 0.104553 0.029135 0.008806 0.002805 0.000926 0.000313 0.000108 0.000038 0.000013 0.000005
2515.0 0.952830 0.429646 0.104729 0.029156 0.008805 0.002803 0.000925 0.000313 0.000108 0.000038 0.000013 0.000005
2516.0 0.952760 0.430851 0.104905 0.029177 0.008804 0.002800 0.000923 0.000312 0.000107 0.000037 0.000013 0.000005
2517.0 0.952690 0.432061 0.105081 0.029199 0.008803 0.002798 0.000922 0.000311 0.000107 0.000037 0.000013 0.000005
2518.0 0.952620 0.433277 0.105259 0.029221 0.008802 0.002795 0.000920 0.000311 0.000107 0.000037 0.000013 0.000005
2519.0 0.952550 0.434499 0.105437 0.029242 0.008801 0.002793 0.000919 0.000310 0.000106 0.000037 0.000013 0.000005
2520.0 0.952480 0.435725 0.105615 0.029264 0.008800 0.002791 0.000917 0.000309 0.000106 0.000037 0.000013 0.000005
2521.0 0.952410 0.436956 0.105795 0.029286 0.008800 0.002788 0.000916 0.000308 0.000106 0.000037 0.000013 0.000005
2522.0 0.952339 0.438194 0.105975 0.029308 0.008799 0.002786 0.000914 0.000308 0.000106 0.000037 0.000013 0.000005
2523.0 0.952269 0.439436 0.106156 0.029330 0.008798 0.002783 0.000913 0.000307 0.000105 0.000037 0.000013 0.000005
2524.0 0.952198 0.440683 0.106337 0.029353 0.008797 0.002781 0.000912 0.000306 0.000105 0.000036 0.000013 0.000005
2525.0 0.952128 0.441937 0.106519 0.029375 0.008797 0.002779 0.000910 0.000306 0.000105 0.000036 0.000013 0.000004
2526.0 0.952057 0.443195 0.106702 0.029398 0.008796 0.002776 0.000909 0.000305 0.000104 0.000036 0.000013 0.000004
2527.0 0.951986 0.444459 0.106886 0.029420 0.008795 0.002774 0.000907 0.000304 0.000104 0.000036 0.000013 0.000004
2528.0 0.951915 0.445729 0.107070 0.029443 0.008795 0.002772 0.000906 0.000304 0.000104 0.000036 0.000013 0.000004
2529.0 0.951845 0.447004 0.107255 0.029466 0.008794 0.002769 0.000904 0.000303 0.000103 0.000036 0.000012 0.000004
2530.0 0.951774 0.448284 0.107441 0.029489 0.008794 0.002767 0.000903 0.000302 0.000103 0.000036 0.000012 0.000004
2531.0 0.951702 0.449571 0.107627 0.029512 0.008793 0.002765 0.000902 0.000302 0.000103 0.000035 0.000012 0.000004
2532.0 0.951631 0.450862 0.107814 0.029535 0.008793 0.002762 0.000900 0.000301 0.000102 0.000035 0.000012 0.000004
2533.0 0.951560 0.452160 0.108002 0.029558 0.008792 0.002760 0.000899 0.000300 0.000102 0.000035 0.000012 0.000004
2534.0 0.951489 0.453463 0.108190 0.029581 0.008792 0.002758 0.000897 0.000300 0.000102 0.000035 0.000012 0.000004
2535.0 0.951418 0.454772 0.108380 0.029605 0.008791 0.002756 0.000896 0.000299 0.000102 0.000035 0.000012 0.000004
2536.0 0.951346 0.456086 0.108569 0.029629 0.008791 0.002753 0.000895 0.000298 0.000101 0.000035 0.000012 0.000004
2537.0 0.951275 0.457406 0.108760 0.029652 0.008790 0.002751 0.000893 0.000298 0.000101 0.000035 0.000012 0.000004
2538.0 0.951203 0.458732 0.108952 0.029676 0.008790 0.002749 0.000892 0.000297 0.000101 0.000035 0.000012 0.000004
2539.0 0.951131 0.460064 0.109144 0.029700 0.008790 0.002747 0.000890 0.000296 0.000100 0.000034 0.000012 0.000004
2540.0 0.951060 0.461401 0.109337 0.029724 0.008789 0.002744 0.000889 0.000296 0.000100 0.000034 0.000012 0.000004
2541.0 0.950988 0.462745 0.109530 0.029748 0.008789 0.002742 0.000888 0.000295 0.000100 0.000034 0.000012 0.000004
2542.0 0.950916 0.464094 0.109724 0.029773 0.008789 0.002740 0.000886 0.000294 0.000100 0.000034 0.000012 0.000004
2543.0 0.950844 0.465449 0.109920 0.029797 0.008789 0.002738 0.000885 0.000294 0.000099 0.000034 0.000012 0.000004
2544.0 0.950772 0.466810 0.110115 0.029822 0.008788 0.002736 0.000884 0.000293 0.000099 0.000034 0.000012 0.000004
2545.0 0.950700 0.468177 0.110312 0.029846 0.008788 0.002733 0.000882 0.000292 0.000099 0.000034 0.000012 0.000004
2546.0 0.950628 0.469550 0.110509 0.029871 0.008788 0.002731 0.000881 0.000292 0.000098 0.000034 0.000012 0.000004
2547.0 0.950556 0.470930 0.110707 0.029896 0.008788 0.002729 0.000880 0.000291 0.000098 0.000034 0.000012 0.000004
2548.0 0.950483 0.472315 0.110906 0.029921 0.008788 0.002727 0.000878 0.000290 0.000098 0.000033 0.000012 0.000004
2549.0 0.950411 0.473706 0.111106 0.029946 0.008788 0.002725 0.000877 0.000290 0.000098 0.000033 0.000011 0.000004
2550.0 0.950338 0.475104 0.111306 0.029971 0.008788 0.002723 0.000876 0.000289 0.000097 0.000033 0.000011 0.000004
2551.0 0.950266 0.476508 0.111507 0.029996 0.008787 0.002720 0.000874 0.000288 0.000097 0.000033 0.000011 0.000004
2552.0 0.950193 0.477917 0.111709 0.030022 0.008787 0.002718 0.000873 0.000288 0.000097 0.000033 0.000011 0.000004
2553.0 0.950121 0.479333 0.111912 0.030047 0.008787 0.002716 0.000872 0.000287 0.000096 0.000033 0.000011 0.000004
2554.0 0.950048 0.480756 0.112115 0.030073 0.008787 0.002714 0.000870 0.000286 0.000096 0.000033 0.000011 0.000004
2555.0 0.949975 0.482184 0.112320 0.030099 0.008788 0.002712 0.000869 0.000286 0.000096 0.000033 0.000011 0.000004
2556.0 0.949902 0.483619 0.112525 0.030125 0.008788 0.002710 0.000868 0.000285 0.000096 0.000032 0.000011 0.000004
2557.0 0.949829 0.485060 0.112730 0.030151 0.008788 0.002708 0.000866 0.000285 0.000095 0.000032 0.000011 0.000004
2558.0 0.949756 0.486508 0.112937 0.030177 0.008788 0.002706 0.000865 0.000284 0.000095 0.000032 0.000011 0.000004
2559.0 0.949683 0.487961 0.113144 0.030203 0.008788 0.002704 0.000864 0.000283 0.000095 0.000032 0.000011 0.000004
2560.0 0.949610 0.489422 0.113353 0.030230 0.008788 0.002702 0.000862 0.000283 0.000094 0.000032 0.000011 0.000004
2561.0 0.949536 0.490888 0.113561 0.030256 0.008788 0.002700 0.000861 0.000282 0.000094 0.000032 0.000011 0.000004
2562.0 0.949463 0.492362 0.113771 0.030283 0.008789 0.002698 0.000860 0.000282 0.000094 0.000032 0.000011 0.000004
2563.0 0.949389 0.493842 0.113982 0.030310 0.008789 0.002695 0.000859 0.000281 0.000094 0.000032 0.000011 0.000004
2564.0 0.949316 0.495328 0.114193 0.030336 0.008789 0.002693 0.000857 0.000280 0.000093 0.000032 0.000011 0.000004
2565.0 0.967126 0.496822 0.114405 0.030363 0.008789 0.002691 0.000856 0.000280 0.000093 0.000031 0.000011 0.000004
2566.0 0.967079 0.498321 0.114618 0.030391 0.008790 0.002689 0.000855 0.000279 0.000093 0.000031 0.000011 0.000004
2567.0 0.967033 0.499828 0.114832 0.030418 0.008790 0.002687 0.000854 0.000278 0.000093 0.000031 0.000011 0.000004
2568.0 0.966986 0.501341 0.115047 0.030445 0.008791 0.002685 0.000852 0.000278 0.000092 0.000031 0.000011 0.000004
2569.0 0.966939 0.502861 0.115262 0.030473 0.008791 0.002683 0.000851 0.000277 0.000092 0.000031 0.000011 0.000004
2570.0 0.966892 0.504387 0.115479 0.030500 0.008791 0.002682 0.000850 0.000277 0.000092 0.000031 0.000011 0.000004
2571.0 0.966845 0.505921 0.115696 0.030528 0.008792 0.002680 0.000849 0.000276 0.000092 0.000031 0.000010 0.000004
2572.0 0.966798 0.507461 0.115914 0.030556 0.008792 0.002678 0.000847 0.000275 0.000091 0.000031 0.000010 0.000004
2573.0 0.966751 0.509009 0.116133 0.030584 0.008793 0.002676 0.000846 0.000275 0.000091 0.000031 0.000010 0.000004
2574.0 0.966704 0.510563 0.116352 0.030612 0.008793 0.002674 0.000845 0.000274 0.000091 0.000030 0.000010 0.000004
2575.0 0.966657 0.512124 0.116573 0.030640 0.008794 0.002672 0.000844 0.000274 0.000091 0.000030 0.000010 0.000004
2576.0 0.966610 0.513692 0.116794 0.030668 0.008794 0.002670 0.000842 0.000273 0.000090 0.000030 0.000010 0.000004
2577.0 0.966563 0.515267 0.117016 0.030697 0.008795 0.002668 0.000841 0.000272 0.000090 0.000030 0.000010 0.000003
2578.0 0.966516 0.516849 0.117239 0.030725 0.008796 0.002666 0.000840 0.000272 0.000090 0.000030 0.000010 0.000003
2579.0 0.966468 0.518438 0.117463 0.030754 0.008796 0.002664 0.000839 0.000271 0.000089 0.000030 0.000010 0.000003
2580.0 0.966421 0.520035 0.117688 0.030783 0.008797 0.002662 0.000838 0.000271 0.000089 0.000030 0.000010 0.000003
2581.0 0.966374 0.521638 0.117913 0.030812 0.008798 0.002660 0.000836 0.000270 0.000089 0.000030 0.000010 0.000003
2582.0 0.966326 0.523249 0.118140 0.030841 0.008799 0.002658 0.000835 0.000270 0.000089 0.000030 0.000010 0.000003
2583.0 0.966279 0.524867 0.118367 0.030870 0.008799 0.002657 0.000834 0.000269 0.000088 0.000030 0.000010 0.000003
2584.0 0.966231 0.526492 0.118595 0.030900 0.008800 0.002655 0.000833 0.000268 0.000088 0.000029 0.000010 0.000003
2585.0 0.966184 0.528125 0.118825 0.030929 0.008801 0.002653 0.000831 0.000268 0.000088 0.000029 0.000010 0.000003
2586.0 0.966136 0.529765 0.119054 0.030959 0.008802 0.002651 0.000830 0.000267 0.000088 0.000029 0.000010 0.000003
2587.0 0.966089 0.531413 0.119285 0.030989 0.008803 0.002649 0.000829 0.000267 0.000087 0.000029 0.000010 0.000003
2588.0 0.966041 0.533067 0.119517 0.031018 0.008803 0.002647 0.000828 0.000266 0.000087 0.000029 0.000010 0.000003
2589.0 0.965993 0.534729 0.119750 0.031048 0.008804 0.002646 0.000827 0.000266 0.000087 0.000029 0.000010 0.000003
2590.0 0.965945 0.536399 0.119983 0.031079 0.008805 0.002644 0.000826 0.000265 0.000087 0.000029 0.000010 0.000003
2591.0 0.965898 0.538077 0.120218 0.031109 0.008806 0.002642 0.000824 0.000264 0.000087 0.000029 0.000010 0.000003
2592.0 0.965850 0.539762 0.120453 0.031139 0.008807 0.002640 0.000823 0.000264 0.000086 0.000029 0.000010 0.000003
2593.0 0.965802 0.541454 0.120689 0.031170 0.008808 0.002638 0.000822 0.000263 0.000086 0.000029 0.000010 0.000003
2594.0 0.965754 0.543154 0.120926 0.031200 0.008809 0.002637 0.000821 0.000263 0.000086 0.000028 0.000010 0.000003
2595.0 0.965706 0.544862 0.121164 0.031231 0.008810 0.002635 0.000820 0.000262 0.000086 0.000028 0.000009 0.000003
2596.0 0.965658 0.546578 0.121403 0.031262 0.008811 0.002633 0.000819 0.000262 0.000085 0.000028 0.000009 0.000003
2597.0 0.965610 0.548301 0.121643 0.031293 0.008813 0.002631 0.000817 0.000261 0.000085 0.000028 0.000009 0.000003
2598.0 0.965561 0.550033 0.121884 0.031324 0.008814 0.002630 0.000816 0.000261 0.000085 0.000028 0.000009 0.000003
2599.0 0.965513 0.551772 0.122126 0.031356 0.008815 0.002628 0.000815 0.000260 0.000085 0.000028 0.000009 0.000003
2600.0 0.965465 0.553519 0.122369 0.031387 0.008816 0.002626 0.000814 0.000259 0.000084 0.000028 0.000009 0.000003
2601.0 0.965417 0.555274 0.122612 0.031419 0.008817 0.002624 0.000813 0.000259 0.000084 0.000028 0.000009 0.000003
2602.0 0.965368 0.557037 0.122857 0.031450 0.008819 0.002623 0.000812 0.000258 0.000084 0.000028 0.000009 0.000003
2603.0 0.965320 0.558808 0.123102 0.031482 0.008820 0.002621 0.000811 0.000258 0.000084 0.000028 0.000009 0.000003
2604.0 0.965271 0.560587 0.123349 0.031514 0.008821 0.002619 0.000809 0.000257 0.000083 0.000027 0.000009 0.000003
2605.0 0.965223 0.562375 0.123596 0.031546 0.008822 0.002618 0.000808 0.000257 0.000083 0.000027 0.000009 0.000003
2606.0 0.965174 0.564170 0.123845 0.031578 0.008824 0.002616 0.000807 0.000256 0.000083 0.000027 0.000009 0.000003
2607.0 0.965126 0.565974 0.124094 0.031611 0.008825 0.002614 0.000806 0.000256 0.000083 0.000027 0.000009 0.000003
2608.0 0.965077 0.567786 0.124344 0.031643 0.008827 0.002613 0.000805 0.000255 0.000082 0.000027 0.000009 0.000003
2609.0 0.965028 0.569606 0.124595 0.031676 0.008828 0.002611 0.000804 0.000255 0.000082 0.000027 0.000009 0.000003
2610.0 0.964980 0.571434 0.124848 0.031709 0.008829 0.002609 0.000803 0.000254 0.000082 0.000027 0.000009 0.000003
2611.0 0.964931 0.573271 0.125101 0.031742 0.008831 0.002608 0.000802 0.000254 0.000082 0.000027 0.000009 0.000003
2612.0 0.964882 0.575117 0.125355 0.031775 0.008832 0.002606 0.000801 0.000253 0.000082 0.000027 0.000009 0.000003
2613.0 0.964833 0.576970 0.125610 0.031808 0.008834 0.002604 0.000800 0.000252 0.000081 0.000027 0.000009 0.000003
2614.0 0.964784 0.578833 0.125867 0.031841 0.008836 0.002603 0.000798 0.000252 0.000081 0.000027 0.000009 0.000003
2615.0 0.964735 0.580704 0.126124 0.031875 0.008837 0.002601 0.000797 0.000251 0.000081 0.000026 0.000009 0.000003
2616.0 0.964686 0.582583 0.126382 0.031908 0.008839 0.002600 0.000796 0.000251 0.000081 0.000026 0.000009 0.000003
2617.0 0.964637 0.584471 0.126641 0.031942 0.008840 0.002598 0.000795 0.000250 0.000080 0.000026 0.000009 0.000003
2618.0 0.964588 0.586368 0.126901 0.031976 0.008842 0.002596 0.000794 0.000250 0.000080 0.000026 0.000009 0.000003
2619.0 0.964539 0.588274 0.127162 0.032010 0.008844 0.002595 0.000793 0.000249 0.000080 0.000026 0.000009 0.000003
2620.0 0.964490 0.590188 0.127425 0.032044 0.008845 0.002593 0.000792 0.000249 0.000080 0.000026 0.000009 0.000003
2621.0 0.964440 0.592111 0.127688 0.032079 0.008847 0.002592 0.000791 0.000248 0.000080 0.000026 0.000009 0.000003
2622.0 0.964391 0.594043 0.127952 0.032113 0.008849 0.002590 0.000790 0.000248 0.000079 0.000026 0.000008 0.000003
2623.0 0.964342 0.595985 0.128217 0.032148 0.008851 0.002589 0.000789 0.000247 0.000079 0.000026 0.000008 0.000003
2624.0 0.964292 0.597934 0.128483 0.032183 0.008853 0.002587 0.000788 0.000247 0.000079 0.000026 0.000008 0.000003
2625.0 0.964243 0.599893 0.128751 0.032217 0.008854 0.002586 0.000787 0.000246 0.000079 0.000026 0.000008 0.000003
2626.0 0.964193 0.601861 0.129019 0.032252 0.008856 0.002584 0.000786 0.000246 0.000079 0.000025 0.000008 0.000003
2627.0 0.964144 0.603838 0.129289 0.032288 0.008858 0.002583 0.000785 0.000245 0.000078 0.000025 0.000008 0.000003
2628.0 0.964094 0.605824 0.129559 0.032323 0.008860 0.002581 0.000783 0.000245 0.000078 0.000025 0.000008 0.000003
2629.0 0.964044 0.607820 0.129831 0.032358 0.008862 0.002580 0.000782 0.000244 0.000078 0.000025 0.000008 0.000003
2630.0 0.963995 0.609825 0.130103 0.032394 0.008864 0.002578 0.000781 0.000244 0.000078 0.000025 0.000008 0.000003
2631.0 0.963945 0.611839 0.130377 0.032430 0.008866 0.002577 0.000780 0.000243 0.000077 0.000025 0.000008 0.000003
2632.0 0.963895 0.613862 0.130652 0.032466 0.008868 0.002575 0.000779 0.000243 0.000077 0.000025 0.000008 0.000003
2633.0 0.963845 0.615896 0.130927 0.032502 0.008870 0.002574 0.000778 0.000242 0.000077 0.000025 0.000008 0.000003
2634.0 0.963795 0.617938 0.131204 0.032538 0.008872 0.002572 0.000777 0.000242 0.000077 0.000025 0.000008 0.000003
2635.0 0.963745 0.619990 0.131482 0.032574 0.008874 0.002571 0.000776 0.000241 0.000077 0.000025 0.000008 0.000003
2636.0 0.963695 0.622051 0.131761 0.032611 0.008876 0.002569 0.000775 0.000241 0.000076 0.000025 0.000008 0.000003
2637.0 0.963645 0.624122 0.132041 0.032648 0.008879 0.002568 0.000774 0.000240 0.000076 0.000025 0.000008 0.000003
2638.0 0.963595 0.626203 0.132322 0.032684 0.008881 0.002566 0.000773 0.000240 0.000076 0.000024 0.000008 0.000003
2639.0 0.963545 0.628294 0.132605 0.032721 0.008883 0.002565 0.000772 0.000239 0.000076 0.000024 0.000008 0.000003
2640.0 0.963495 0.630394 0.132888 0.032758 0.008885 0.002564 0.000771 0.000239 0.000076 0.000024 0.000008 0.000003
2641.0 0.963445 0.632504 0.133173 0.032796 0.008887 0.002562 0.000770 0.000238 0.000075 0.000024 0.000008 0.000003
2642.0 0.963394 0.634624 0.133458 0.032833 0.008890 0.002561 0.000769 0.000238 0.000075 0.000024 0.000008 0.000003
2643.0 0.963344 0.636754 0.133745 0.032871 0.008892 0.002559 0.000768 0.000237 0.000075 0.000024 0.000008 0.000003
2644.0 0.963294 0.638894 0.134033 0.032908 0.008894 0.002558 0.000767 0.000237 0.000075 0.000024 0.000008 0.000003
2645.0 0.963243 0.641044 0.134322 0.032946 0.008897 0.002557 0.000766 0.000236 0.000075 0.000024 0.000008 0.000003
2646.0 0.963193 0.643203 0.134612 0.032984 0.008899 0.002555 0.000765 0.000236 0.000074 0.000024 0.000008 0.000003
2647.0 0.963142 0.645374 0.134903 0.033022 0.008902 0.002554 0.000764 0.000236 0.000074 0.000024 0.000008 0.000003
2648.0 0.963092 0.647554 0.135196 0.033061 0.008904 0.002553 0.000763 0.000235 0.000074 0.000024 0.000008 0.000002
2649.0 0.963041 0.649745 0.135489 0.033099 0.008907 0.002551 0.000762 0.000235 0.000074 0.000024 0.000008 0.000002
2650.0 0.962990 0.651946 0.135784 0.033138 0.008909 0.002550 0.000761 0.000234 0.000074 0.000023 0.000008 0.000002
2651.0 0.962940 0.654157 0.136080 0.033177 0.008912 0.002549 0.000760 0.000234 0.000073 0.000023 0.000008 0.000002
2652.0 0.962889 0.656379 0.136377 0.033215 0.008914 0.002547 0.000759 0.000233 0.000073 0.000023 0.000008 0.000002
2653.0 0.962838 0.658611 0.136675 0.033255 0.008917 0.002546 0.000758 0.000233 0.000073 0.000023 0.000007 0.000002
2654.0 0.962787 0.660854 0.136974 0.033294 0.008919 0.002545 0.000757 0.000232 0.000073 0.000023 0.000007 0.000002
2655.0 0.962736 0.663107 0.137275 0.033333 0.008922 0.002543 0.000756 0.000232 0.000073 0.000023 0.000007 0.000002
2656.0 0.962685 0.665371 0.137576 0.033373 0.008925 0.002542 0.000756 0.000231 0.000072 0.000023 0.000007 0.000002
2657.0 0.962634 0.667646 0.137879 0.033412 0.008927 0.002541 0.000755 0.000231 0.000072 0.000023 0.000007 0.000002
2658.0 0.962583 0.669931 0.138183 0.033452 0.008930 0.002539 0.000754 0.000230 0.000072 0.000023 0.000007 0.000002
2659.0 0.962532 0.672228 0.138489 0.033492 0.008933 0.002538 0.000753 0.000230 0.000072 0.000023 0.000007 0.000002
2660.0 0.962481 0.674535 0.138795 0.033533 0.008936 0.002537 0.000752 0.000230 0.000072 0.000023 0.000007 0.000002
2661.0 0.962430 0.676852 0.139103 0.033573 0.008939 0.002536 0.000751 0.000229 0.000071 0.000023 0.000007 0.000002
2662.0 0.962378 0.679182 0.139412 0.033613 0.008941 0.002534 0.000750 0.000229 0.000071 0.000023 0.000007 0.000002
2663.0 0.962327 0.681522 0.139722 0.033654 0.008944 0.002533 0.000749 0.000228 0.000071 0.000022 0.000007 0.000002
2664.0 0.962276 0.683873 0.140033 0.033695 0.008947 0.002532 0.000748 0.000228 0.000071 0.000022 0.000007 0.000002
2665.0 0.962224 0.686236 0.140346 0.033736 0.008950 0.002531 0.000747 0.000227 0.000071 0.000022 0.000007 0.000002
2666.0 0.962173 0.688610 0.140660 0.033777 0.008953 0.002529 0.000746 0.000227 0.000070 0.000022 0.000007 0.000002
2667.0 0.962121 0.690995 0.140975 0.033818 0.008956 0.002528 0.000745 0.000226 0.000070 0.000022 0.000007 0.000002
2668.0 0.962070 0.693391 0.141291 0.033860 0.008959 0.002527 0.000744 0.000226 0.000070 0.000022 0.000007 0.000002
2669.0 0.962018 0.695800 0.141608 0.033902 0.008962 0.002526 0.000743 0.000226 0.000070 0.000022 0.000007 0.000002
2670.0 0.961966 0.698218 0.141927 0.033943 0.008965 0.002525 0.000742 0.000225 0.000070 0.000022 0.000007 0.000002
2671.0 0.961915 0.700649 0.142247 0.033985 0.008968 0.002524 0.000742 0.000225 0.000070 0.000022 0.000007 0.000002
2672.0 0.961863 0.703092 0.142569 0.034028 0.008971 0.002522 0.000741 0.000224 0.000069 0.000022 0.000007 0.000002
2673.0 0.961811 0.705547 0.142891 0.034070 0.008974 0.002521 0.000740 0.000224 0.000069 0.000022 0.000007 0.000002
2674.0 0.961759 0.708013 0.143215 0.034112 0.008978 0.002520 0.000739 0.000223 0.000069 0.000022 0.000007 0.000002
2675.0 0.961707 0.710490 0.143540 0.034155 0.008981 0.002519 0.000738 0.000223 0.000069 0.000022 0.000007 0.000002
2676.0 0.961655 0.712980 0.143867 0.034198 0.008984 0.002518 0.000737 0.000222 0.000069 0.000022 0.000007 0.000002
2677.0 0.961603 0.715482 0.144194 0.034241 0.008987 0.002517 0.000736 0.000222 0.000068 0.000021 0.000007 0.000002
2678.0 0.961551 0.717995 0.144523 0.034284 0.008991 0.002515 0.000735 0.000222 0.000068 0.000021 0.000007 0.000002
2679.0 0.961499 0.720521 0.144854 0.034327 0.008994 0.002514 0.000734 0.000221 0.000068 0.000021 0.000007 0.000002
2680.0 0.961447 0.723059 0.145185 0.034371 0.008997 0.002513 0.000733 0.000221 0.000068 0.000021 0.000007 0.000002
2681.0 0.961395 0.725609 0.145518 0.034414 0.009001 0.002512 0.000733 0.000220 0.000068 0.000021 0.000007 0.000002
2682.0 0.961343 0.728171 0.145852 0.034458 0.009004 0.002511 0.000732 0.000220 0.000068 0.000021 0.000007 0.000002
2683.0 0.961290 0.730746 0.146188 0.034502 0.009007 0.002510 0.000731 0.000219 0.000067 0.000021 0.000007 0.000002
2684.0 0.961238 0.733333 0.146525 0.034546 0.009011 0.002509 0.000730 0.000219 0.000067 0.000021 0.000007 0.000002
2685.0 0.961185 0.735933 0.146863 0.034591 0.009014 0.002508 0.000729 0.000219 0.000067 0.000021 0.000007 0.000002
2686.0 0.961133 0.738545 0.147203 0.034635 0.009018 0.002507 0.000728 0.000218 0.000067 0.000021 0.000007 0.000002
2687.0 0.961080 0.741170 0.147544 0.034680 0.009021 0.002506 0.000727 0.000218 0.000067 0.000021 0.000007 0.000002
2688.0 0.961028 0.743807 0.147886 0.034725 0.009025 0.002505 0.000727 0.000217 0.000067 0.000021 0.000007 0.000002
2689.0 0.960975 0.746458 0.148230 0.034770 0.009028 0.002503 0.000726 0.000217 0.000066 0.000021 0.000006 0.000002
2690.0 0.960923 0.749121 0.148575 0.034815 0.009032 0.002502 0.000725 0.000217 0.000066 0.000021 0.000006 0.000002
2691.0 0.960870 0.751797 0.148922 0.034861 0.009036 0.002501 0.000724 0.000216 0.000066 0.000020 0.000006 0.000002
2692.0 0.960817 0.754486 0.149269 0.034906 0.009039 0.002500 0.000723 0.000216 0.000066 0.000020 0.000006 0.000002
2693.0 0.960764 0.757188 0.149619 0.034952 0.009043 0.002499 0.000722 0.000215 0.000066 0.000020 0.000006 0.000002
2694.0 0.960711 0.759903 0.149969 0.034998 0.009047 0.002498 0.000721 0.000215 0.000065 0.000020 0.000006 0.000002
2695.0 0.960659 0.762631 0.150321 0.035044 0.009051 0.002497 0.000721 0.000215 0.000065 0.000020 0.000006 0.000002
2696.0 0.960606 0.765373 0.150675 0.035090 0.009054 0.002496 0.000720 0.000214 0.000065 0.000020 0.000006 0.000002
2697.0 0.960553 0.768127 0.151029 0.035137 0.009058 0.002495 0.000719 0.000214 0.000065 0.000020 0.000006 0.000002
2698.0 0.960500 0.770896 0.151386 0.035183 0.009062 0.002494 0.000718 0.000213 0.000065 0.000020 0.000006 0.000002
2699.0 0.960446 0.773678 0.151743 0.035230 0.009066 0.002493 0.000717 0.000213 0.000065 0.000020 0.000006 0.000002
2700.0 0.960393 0.776473 0.152103 0.035277 0.009070 0.002492 0.000716 0.000212 0.000064 0.000020 0.000006 0.000002
2701.0 0.960340 0.779282 0.152463 0.035324 0.009074 0.002491 0.000716 0.000212 0.000064 0.000020 0.000006 0.000002
2702.0 0.960287 0.782105 0.152825 0.035372 0.009078 0.002490 0.000715 0.000212 0.000064 0.000020 0.000006 0.000002
2703.0 0.960234 0.784942 0.153189 0.035419 0.009082 0.002490 0.000714 0.000211 0.000064 0.000020 0.000006 0.000002
2704.0 0.960180 0.787792 0.153553 0.035467 0.009086 0.002489 0.000713 0.000211 0.000064 0.000020 0.000006 0.000002
2705.0 0.960127 0.790657 0.153920 0.035515 0.009090 0.002488 0.000712 0.000210 0.000064 0.000020 0.000006 0.000002
2706.0 0.960073 0.793535 0.154288 0.035563 0.009094 0.002487 0.000711 0.000210 0.000063 0.000020 0.000006 0.000002
2707.0 0.960020 0.796428 0.154657 0.035611 0.009098 0.002486 0.000711 0.000210 0.000063 0.000019 0.000006 0.000002
2708.0 0.959966 0.799334 0.155028 0.035660 0.009102 0.002485 0.000710 0.000209 0.000063 0.000019 0.000006 0.000002
2709.0 0.959913 0.802255 0.155400 0.035708 0.009106 0.002484 0.000709 0.000209 0.000063 0.000019 0.000006 0.000002
2710.0 0.959859 0.805191 0.155774 0.035757 0.009111 0.002483 0.000708 0.000209 0.000063 0.000019 0.000006 0.000002
2711.0 0.959805 0.808141 0.156149 0.035806 0.009115 0.002482 0.000707 0.000208 0.000063 0.000019 0.000006 0.000002
2712.0 0.959751 0.811106 0.156526 0.035856 0.009119 0.002481 0.000707 0.000208 0.000063 0.000019 0.000006 0.000002
2713.0 0.959698 0.814084 0.156904 0.035905 0.009123 0.002480 0.000706 0.000207 0.000062 0.000019 0.000006 0.000002
2714.0 0.959644 0.817078 0.157284 0.035955 0.009128 0.002480 0.000705 0.000207 0.000062 0.000019 0.000006 0.000002
2715.0 0.959590 0.820086 0.157666 0.036004 0.009132 0.002479 0.000704 0.000207 0.000062 0.000019 0.000006 0.000002
2716.0 0.959536 0.823110 0.158049 0.036055 0.009136 0.002478 0.000703 0.000206 0.000062 0.000019 0.000006 0.000002
2717.0 0.959482 0.826147 0.158433 0.036105 0.009141 0.002477 0.000703 0.000206 0.000062 0.000019 0.000006 0.000002
2718.0 0.959428 0.829200 0.158819 0.036155 0.009145 0.002476 0.000702 0.000205 0.000062 0.000019 0.000006 0.000002
2719.0 0.959374 0.832268 0.159207 0.036206 0.009150 0.002475 0.000701 0.000205 0.000061 0.000019 0.000006 0.000002
2720.0 0.959319 0.835352 0.159596 0.036256 0.009154 0.002474 0.000700 0.000205 0.000061 0.000019 0.000006 0.000002
2721.0 0.959265 0.838450 0.159987 0.036307 0.009159 0.002474 0.000700 0.000204 0.000061 0.000019 0.000006 0.000002
2722.0 0.959211 0.841565 0.160379 0.036359 0.009163 0.002473 0.000699 0.000204 0.000061 0.000019 0.000006 0.000002
2723.0 0.959157 0.844695 0.160773 0.036410 0.009168 0.002472 0.000698 0.000204 0.000061 0.000018 0.000006 0.000002
2724.0 0.959102 0.847839 0.161168 0.036461 0.009173 0.002471 0.000697 0.000203 0.000061 0.000018 0.000006 0.000002
2725.0 0.959048 0.850999 0.161565 0.036513 0.009177 0.002470 0.000697 0.000203 0.000060 0.000018 0.000006 0.000002
2726.0 0.958993 0.854176 0.161964 0.036565 0.009182 0.002470 0.000696 0.000202 0.000060 0.000018 0.000006 0.000002
2727.0 0.958939 0.857369 0.162364 0.036617 0.009187 0.002469 0.000695 0.000202 0.000060 0.000018 0.000006 0.000002
2728.0 0.958884 0.860577 0.162767 0.036670 0.009191 0.002468 0.000694 0.000202 0.000060 0.000018 0.000006 0.000002
2729.0 0.958830 0.863800 0.163170 0.036722 0.009196 0.002467 0.000694 0.000201 0.000060 0.000018 0.000006 0.000002
2730.0 0.958775 0.867041 0.163575 0.036775 0.009201 0.002467 0.000693 0.000201 0.000060 0.000018 0.000006 0.000002
2731.0 0.958720 0.870297 0.163982 0.036828 0.009206 0.002466 0.000692 0.000201 0.000060 0.000018 0.000006 0.000002
2732.0 0.958665 0.873569 0.164391 0.036881 0.009211 0.002465 0.000691 0.000200 0.000059 0.000018 0.000005 0.000002
2733.0 0.958611 0.876858 0.164801 0.036934 0.009216 0.002464 0.000691 0.000200 0.000059 0.000018 0.000005 0.000002
2734.0 0.958556 0.880164 0.165213 0.036988 0.009220 0.002464 0.000690 0.000200 0.000059 0.000018 0.000005 0.000002
2735.0 0.958501 0.883485 0.165626 0.037042 0.009225 0.002463 0.000689 0.000199 0.000059 0.000018 0.000005 0.000002
2736.0 0.958446 0.884201 0.166041 0.037096 0.009230 0.002462 0.000688 0.000199 0.000059 0.000018 0.000005 0.000002
2737.0 0.958391 0.884045 0.166458 0.037150 0.009235 0.002461 0.000688 0.000198 0.000059 0.000018 0.000005 0.000002
2738.0 0.958336 0.883889 0.166877 0.037204 0.009240 0.002461 0.000687 0.000198 0.000059 0.000018 0.000005 0.000002
2739.0 0.958281 0.884049 0.167297 0.037259 0.009246 0.002460 0.000686 0.000198 0.000058 0.000018 0.000005 0.000002
2740.0 0.958225 0.884239 0.167719 0.037314 0.009251 0.002459 0.000685 0.000197 0.000058 0.000017 0.000005 0.000002
2741.0 0.958170 0.884584 0.168143 0.037369 0.009256 0.002459 0.000685 0.000197 0.000058 0.000017 0.000005 0.000002
2742.0 0.958115 0.884647 0.168569 0.037424 0.009261 0.002458 0.000684 0.000197 0.000058 0.000017 0.000005 0.000002
2743.0 0.958059 0.885038 0.168996 0.037479 0.009266 0.002457 0.000683 0.000196 0.000058 0.000017 0.000005 0.000002
2744.0 0.958004 0.885230 0.169425 0.037535 0.009271 0.002457 0.000683 0.000196 0.000058 0.000017 0.000005 0.000002
2745.0 0.957949 0.885487 0.169856 0.037591 0.009277 0.002456 0.000682 0.000196 0.000058 0.000017 0.000005 0.000002
2746.0 0.957893 0.885826 0.170288 0.037647 0.009282 0.002455 0.000681 0.000195 0.000057 0.000017 0.000005 0.000002
2747.0 0.957838 0.885673 0.170722 0.037703 0.009287 0.002455 0.000680 0.000195 0.000057 0.000017 0.000005 0.000002
2748.0 0.957782 0.886119 0.171159 0.037760 0.009293 0.002454 0.000680 0.000195 0.000057 0.000017 0.000005 0.000002
2749.0 0.957726 0.885967 0.171596 0.037816 0.009298 0.002454 0.000679 0.000194 0.000057 0.000017 0.000005 0.000002
2750.0 0.957671 0.886552 0.172036 0.037873 0.009304 0.002453 0.000678 0.000194 0.000057 0.000017 0.000005 0.000002
2751.0 0.957615 0.886400 0.172477 0.037930 0.009309 0.002452 0.000678 0.000194 0.000057 0.000017 0.000005 0.000002
2752.0 0.957559 0.887172 0.172921 0.037988 0.009314 0.002452 0.000677 0.000193 0.000057 0.000017 0.000005 0.000002
2753.0 0.957503 0.887020 0.173366 0.038045 0.009320 0.002451 0.000676 0.000193 0.000056 0.000017 0.000005 0.000002
2754.0 0.957447 0.886869 0.173813 0.038103 0.009326 0.002450 0.000676 0.000193 0.000056 0.000017 0.000005 0.000002
2755.0 0.957391 0.887894 0.174262 0.038161 0.009331 0.002450 0.000675 0.000192 0.000056 0.000017 0.000005 0.000002
2756.0 0.957335 0.887744 0.174712 0.038219 0.009337 0.002449 0.000674 0.000192 0.000056 0.000017 0.000005 0.000002
2757.0 0.957279 0.887594 0.175165 0.038278 0.009342 0.002449 0.000673 0.000192 0.000056 0.000017 0.000005 0.000002
2758.0 0.957223 0.887444 0.175619 0.038336 0.009348 0.002448 0.000673 0.000191 0.000056 0.000017 0.000005 0.000002
2759.0 0.957167 0.888825 0.176075 0.038395 0.009354 0.002448 0.000672 0.000191 0.000056 0.000016 0.000005 0.000001
2760.0 0.957111 0.888676 0.176533 0.038455 0.009360 0.002447 0.000671 0.000191 0.000055 0.000016 0.000005 0.000001
2761.0 0.957054 0.888527 0.176993 0.038514 0.009365 0.002447 0.000671 0.000190 0.000055 0.000016 0.000005 0.000001
2762.0 0.956998 0.888379 0.177455 0.038573 0.009371 0.002446 0.000670 0.000190 0.000055 0.000016 0.000005 0.000001
2763.0 0.956942 0.890271 0.177919 0.038633 0.009377 0.002446 0.000669 0.000190 0.000055 0.000016 0.000005 0.000001
2764.0 0.956885 0.890125 0.178384 0.038693 0.009383 0.002445 0.000669 0.000189 0.000055 0.000016 0.000005 0.000001
2765.0 0.956829 0.889978 0.178852 0.038753 0.009389 0.002444 0.000668 0.000189 0.000055 0.000016 0.000005 0.000001
2766.0 0.956772 0.889832 0.179322 0.038814 0.009395 0.002444 0.000667 0.000189 0.000055 0.000016 0.000005 0.000001
2767.0 0.956716 0.889685 0.179793 0.038875 0.009401 0.002443 0.000667 0.000188 0.000054 0.000016 0.000005 0.000001
2768.0 0.956659 0.889538 0.180267 0.038936 0.009407 0.002443 0.000666 0.000188 0.000054 0.000016 0.000005 0.000001
2769.0 0.956602 0.889391 0.180742 0.038997 0.009413 0.002442 0.000665 0.000188 0.000054 0.000016 0.000005 0.000001
2770.0 0.956546 0.892057 0.181220 0.039058 0.009419 0.002442 0.000665 0.000187 0.000054 0.000016 0.000005 0.000001
2771.0 0.956489 0.891914 0.181699 0.039120 0.009425 0.002442 0.000664 0.000187 0.000054 0.000016 0.000005 0.000001
2772.0 0.956432 0.891770 0.182180 0.039182 0.009431 0.002441 0.000664 0.000187 0.000054 0.000016 0.000005 0.000001
2773.0 0.956375 0.891626 0.182664 0.039244 0.009437 0.002441 0.000663 0.000186 0.000054 0.000016 0.000005 0.000001
2774.0 0.956318 0.891482 0.183149 0.039306 0.009443 0.002440 0.000662 0.000186 0.000054 0.000016 0.000005 0.000001
2775.0 0.956261 0.891338 0.183637 0.039369 0.009450 0.002440 0.000662 0.000186 0.000053 0.000016 0.000005 0.000001
2776.0 0.956204 0.891193 0.184126 0.039431 0.009456 0.002439 0.000661 0.000185 0.000053 0.000016 0.000005 0.000001
2777.0 0.956147 0.891049 0.184618 0.039494 0.009462 0.002439 0.000660 0.000185 0.000053 0.000016 0.000005 0.000001
2778.0 0.956090 0.890904 0.185111 0.039558 0.009469 0.002438 0.000660 0.000185 0.000053 0.000016 0.000005 0.000001
2779.0 0.956033 0.894483 0.185607 0.039621 0.009475 0.002438 0.000659 0.000184 0.000053 0.000015 0.000005 0.000001
2780.0 0.955975 0.894343 0.186104 0.039685 0.009481 0.002438 0.000658 0.000184 0.000053 0.000015 0.000005 0.000001
2781.0 0.955918 0.894203 0.186604 0.039749 0.009488 0.002437 0.000658 0.000184 0.000053 0.000015 0.000005 0.000001
2782.0 0.955861 0.894063 0.187106 0.039813 0.009494 0.002437 0.000657 0.000183 0.000053 0.000015 0.000005 0.000001
2783.0 0.955803 0.893922 0.187610 0.039878 0.009501 0.002436 0.000657 0.000183 0.000052 0.000015 0.000005 0.000001
2784.0 0.955746 0.893781 0.188116 0.039943 0.009507 0.002436 0.000656 0.000183 0.000052 0.000015 0.000004 0.000001
2785.0 0.955688 0.893641 0.188624 0.040008 0.009514 0.002436 0.000655 0.000183 0.000052 0.000015 0.000004 0.000001
2786.0 0.955631 0.893500 0.189134 0.040073 0.009521 0.002435 0.000655 0.000182 0.000052 0.000015 0.000004 0.000001
2787.0 0.955573 0.893359 0.189647 0.040138 0.009527 0.002435 0.000654 0.000182 0.000052 0.000015 0.000004 0.000001
2788.0 0.955516 0.893218 0.190162 0.040204 0.009534 0.002435 0.000654 0.000182 0.000052 0.000015 0.000004 0.000001
2789.0 0.955458 0.893077 0.190678 0.040270 0.009541 0.002434 0.000653 0.000181 0.000052 0.000015 0.000004 0.000001
2790.0 0.955400 0.892935 0.191197 0.040336 0.009547 0.002434 0.000652 0.000181 0.000052 0.000015 0.000004 0.000001
2791.0 0.955342 0.892794 0.191718 0.040403 0.009554 0.002434 0.000652 0.000181 0.000051 0.000015 0.000004 0.000001
2792.0 0.955284 0.892652 0.192241 0.040469 0.009561 0.002433 0.000651 0.000180 0.000051 0.000015 0.000004 0.000001
2793.0 0.955226 0.897600 0.192767 0.040536 0.009568 0.002433 0.000651 0.000180 0.000051 0.000015 0.000004 0.000001
2794.0 0.955168 0.897464 0.193294 0.040603 0.009575 0.002433 0.000650 0.000180 0.000051 0.000015 0.000004 0.000001
2795.0 0.955110 0.897329 0.193824 0.040671 0.009582 0.002432 0.000649 0.000180 0.000051 0.000015 0.000004 0.000001
2796.0 0.955052 0.897193 0.194357 0.040739 0.009589 0.002432 0.000649 0.000179 0.000051 0.000015 0.000004 0.000001
2797.0 0.954994 0.897058 0.194891 0.040807 0.009596 0.002432 0.000648 0.000179 0.000051 0.000015 0.000004 0.000001
2798.0 0.954936 0.896922 0.195428 0.040875 0.009603 0.002431 0.000648 0.000179 0.000051 0.000015 0.000004 0.000001
2799.0 0.954878 0.896786 0.195966 0.040943 0.009610 0.002431 0.000647 0.000178 0.000050 0.000015 0.000004 0.000001
2800.0 0.954819 0.896650 0.196508 0.041012 0.009617 0.002431 0.000646 0.000178 0.000050 0.000014 0.000004 0.000001
2801.0 0.954761 0.896514 0.197051 0.041081 0.009624 0.002431 0.000646 0.000178 0.000050 0.000014 0.000004 0.000001
2802.0 0.954703 0.896378 0.197597 0.041150 0.009631 0.002430 0.000645 0.000177 0.000050 0.000014 0.000004 0.000001
2803.0 0.954644 0.896242 0.198145 0.041220 0.009638 0.002430 0.000645 0.000177 0.000050 0.000014 0.000004 0.000001
2804.0 0.954586 0.896105 0.198695 0.041290 0.009646 0.002430 0.000644 0.000177 0.000050 0.000014 0.000004 0.000001
2805.0 0.954527 0.895969 0.199248 0.041360 0.009653 0.002430 0.000643 0.000177 0.000050 0.000014 0.000004 0.000001
2806.0 0.954468 0.895832 0.199803 0.041430 0.009660 0.002429 0.000643 0.000176 0.000050 0.000014 0.000004 0.000001
2807.0 0.954410 0.895695 0.200360 0.041501 0.009667 0.002429 0.000642 0.000176 0.000049 0.000014 0.000004 0.000001
2808.0 0.954351 0.895558 0.200920 0.041572 0.009675 0.002429 0.000642 0.000176 0.000049 0.000014 0.000004 0.000001
2809.0 0.954292 0.895421 0.201482 0.041643 0.009682 0.002429 0.000641 0.000175 0.000049 0.000014 0.000004 0.000001
2810.0 0.954233 0.895284 0.202047 0.041714 0.009690 0.002429 0.000641 0.000175 0.000049 0.000014 0.000004 0.000001
2811.0 0.954174 0.895147 0.202613 0.041786 0.009697 0.002428 0.000640 0.000175 0.000049 0.000014 0.000004 0.000001
2812.0 0.954116 0.895009 0.203183 0.041858 0.009705 0.002428 0.000640 0.000175 0.000049 0.000014 0.000004 0.000001
2813.0 0.954057 0.894872 0.203755 0.041930 0.009712 0.002428 0.000639 0.000174 0.000049 0.000014 0.000004 0.000001
2814.0 0.953997 0.902061 0.204329 0.042002 0.009720 0.002428 0.000638 0.000174 0.000049 0.000014 0.000004 0.000001
2815.0 0.953938 0.901933 0.204905 0.042075 0.009728 0.002428 0.000638 0.000174 0.000049 0.000014 0.000004 0.000001
2816.0 0.953879 0.901805 0.205485 0.042148 0.009735 0.002427 0.000637 0.000173 0.000048 0.000014 0.000004 0.000001
2817.0 0.953820 0.901676 0.206066 0.042222 0.009743 0.002427 0.000637 0.000173 0.000048 0.000014 0.000004 0.000001
2818.0 0.953761 0.901548 0.206650 0.042295 0.009751 0.002427 0.000636 0.000173 0.000048 0.000014 0.000004 0.000001
2819.0 0.953701 0.901419 0.207237 0.042369 0.009758 0.002427 0.000636 0.000173 0.000048 0.000014 0.000004 0.000001
2820.0 0.953642 0.901290 0.207826 0.042443 0.009766 0.002427 0.000635 0.000172 0.000048 0.000014 0.000004 0.000001
2821.0 0.953583 0.901161 0.208417 0.042517 0.009774 0.002427 0.000635 0.000172 0.000048 0.000014 0.000004 0.000001
2822.0 0.953523 0.901032 0.209012 0.042592 0.009782 0.002427 0.000634 0.000172 0.000048 0.000014 0.000004 0.000001
2823.0 0.953464 0.900903 0.209608 0.042667 0.009790 0.002427 0.000634 0.000172 0.000048 0.000014 0.000004 0.000001
2824.0 0.953404 0.900773 0.210207 0.042742 0.009798 0.002426 0.000633 0.000171 0.000048 0.000013 0.000004 0.000001
2825.0 0.953344 0.900644 0.210809 0.042818 0.009806 0.002426 0.000633 0.000171 0.000047 0.000013 0.000004 0.000001
2826.0 0.953285 0.900514 0.211413 0.042894 0.009814 0.002426 0.000632 0.000171 0.000047 0.000013 0.000004 0.000001
2827.0 0.953225 0.900385 0.212020 0.042970 0.009822 0.002426 0.000631 0.000170 0.000047 0.000013 0.000004 0.000001
2828.0 0.953165 0.900255 0.212630 0.043046 0.009830 0.002426 0.000631 0.000170 0.000047 0.000013 0.000004 0.000001
2829.0 0.953105 0.900125 0.213242 0.043123 0.009838 0.002426 0.000630 0.000170 0.000047 0.000013 0.000004 0.000001
2830.0 0.953045 0.899995 0.213857 0.043200 0.009847 0.002426 0.000630 0.000170 0.000047 0.000013 0.000004 0.000001
2831.0 0.952986 0.899865 0.214474 0.043277 0.009855 0.002426 0.000629 0.000169 0.000047 0.000013 0.000004 0.000001
2832.0 0.952926 0.899735 0.215094 0.043355 0.009863 0.002426 0.000629 0.000169 0.000047 0.000013 0.000004 0.000001
2833.0 0.952865 0.899604 0.215717 0.043433 0.009871 0.002426 0.000628 0.000169 0.000047 0.000013 0.000004 0.000001
2834.0 0.952805 0.899474 0.216343 0.043511 0.009880 0.002426 0.000628 0.000169 0.000046 0.000013 0.000004 0.000001
2835.0 0.952745 0.899343 0.216971 0.043589 0.009888 0.002426 0.000627 0.000168 0.000046 0.000013 0.000004 0.000001
2836.0 0.952685 0.899213 0.217601 0.043668 0.009897 0.002426 0.000627 0.000168 0.000046 0.000013 0.000004 0.000001
2837.0 0.952625 0.899082 0.218235 0.043747 0.009905 0.002426 0.000626 0.000168 0.000046 0.000013 0.000004 0.000001
2838.0 0.952564 0.898951 0.218871 0.043827 0.009914 0.002426 0.000626 0.000168 0.000046 0.000013 0.000004 0.000001
2839.0 0.952504 0.898820 0.219510 0.043906 0.009922 0.002426 0.000625 0.000167 0.000046 0.000013 0.000004 0.000001
2840.0 0.952444 0.898689 0.220152 0.043986 0.009931 0.002426 0.000625 0.000167 0.000046 0.000013 0.000004 0.000001
2841.0 0.952383 0.898558 0.220797 0.044066 0.009939 0.002426 0.000624 0.000167 0.000046 0.000013 0.000004 0.000001
2842.0 0.952323 0.898426 0.221444 0.044147 0.009948 0.002426 0.000624 0.000166 0.000046 0.000013 0.000004 0.000001
2843.0 0.952262 0.898295 0.222095 0.044228 0.009957 0.002426 0.000623 0.000166 0.000046 0.000013 0.000004 0.000001
2844.0 0.952201 0.898163 0.222747 0.044309 0.009965 0.002426 0.000623 0.000166 0.000045 0.000013 0.000004 0.000001
2845.0 0.952141 0.898031 0.223403 0.044391 0.009974 0.002426 0.000622 0.000166 0.000045 0.000013 0.000004 0.000001
2846.0 0.952080 0.897900 0.224062 0.044472 0.009983 0.002426 0.000622 0.000165 0.000045 0.000013 0.000004 0.000001
2847.0 0.952019 0.897768 0.224723 0.044554 0.009992 0.002426 0.000621 0.000165 0.000045 0.000013 0.000004 0.000001
2848.0 0.951958 0.897636 0.225388 0.044637 0.010001 0.002426 0.000621 0.000165 0.000045 0.000013 0.000004 0.000001
2849.0 0.951897 0.897503 0.226055 0.044719 0.010010 0.002426 0.000620 0.000165 0.000045 0.000012 0.000004 0.000001
2850.0 0.951836 0.908346 0.226726 0.044803 0.010019 0.002426 0.000620 0.000164 0.000045 0.000012 0.000004 0.000001
2851.0 0.951775 0.908227 0.227398 0.044886 0.010028 0.002426 0.000619 0.000164 0.000045 0.000012 0.000004 0.000001
2852.0 0.951714 0.908109 0.228074 0.044970 0.010037 0.002426 0.000619 0.000164 0.000045 0.000012 0.000003 0.000001
2853.0 0.951653 0.907990 0.228753 0.045053 0.010046 0.002426 0.000619 0.000164 0.000045 0.000012 0.000003 0.000001
2854.0 0.951592 0.907872 0.229435 0.045138 0.010055 0.002427 0.000618 0.000163 0.000044 0.000012 0.000003 0.000001
2855.0 0.951531 0.907753 0.230120 0.045222 0.010064 0.002427 0.000618 0.000163 0.000044 0.000012 0.000003 0.000001
2856.0 0.951469 0.907634 0.230809 0.045307 0.010073 0.002427 0.000617 0.000163 0.000044 0.000012 0.000003 0.000001
2857.0 0.951408 0.907515 0.231499 0.045393 0.010083 0.002427 0.000617 0.000163 0.000044 0.000012 0.000003 0.000001
2858.0 0.951347 0.907396 0.232193 0.045478 0.010092 0.002427 0.000616 0.000162 0.000044 0.000012 0.000003 0.000001
2859.0 0.951285 0.907277 0.232890 0.045564 0.010101 0.002427 0.000616 0.000162 0.000044 0.000012 0.000003 0.000001
2860.0 0.951224 0.907157 0.233590 0.045650 0.010111 0.002427 0.000615 0.000162 0.000044 0.000012 0.000003 0.000001
2861.0 0.951162 0.907038 0.234293 0.045737 0.010120 0.002428 0.000615 0.000162 0.000044 0.000012 0.000003 0.000001
2862.0 0.951100 0.906918 0.235000 0.045824 0.010130 0.002428 0.000614 0.000161 0.000044 0.000012 0.000003 0.000001
2863.0 0.951039 0.906799 0.235709 0.045911 0.010139 0.002428 0.000614 0.000161 0.000044 0.000012 0.000003 0.000001
2864.0 0.950977 0.906679 0.236421 0.045999 0.010149 0.002428 0.000613 0.000161 0.000043 0.000012 0.000003 0.000001
2865.0 0.950915 0.906559 0.237137 0.046086 0.010158 0.002428 0.000613 0.000161 0.000043 0.000012 0.000003 0.000001
2866.0 0.950853 0.906439 0.237856 0.046175 0.010168 0.002428 0.000613 0.000161 0.000043 0.000012 0.000003 0.000001
2867.0 0.950792 0.906319 0.238577 0.046263 0.010178 0.002429 0.000612 0.000160 0.000043 0.000012 0.000003 0.000001
2868.0 0.950730 0.906199 0.239303 0.046352 0.010187 0.002429 0.000612 0.000160 0.000043 0.000012 0.000003 0.000001
2869.0 0.950668 0.906079 0.240030 0.046441 0.010197 0.002429 0.000611 0.000160 0.000043 0.000012 0.000003 0.000001
2870.0 0.950606 0.905958 0.240762 0.046531 0.010207 0.002429 0.000611 0.000160 0.000043 0.000012 0.000003 0.000001
2871.0 0.950543 0.905838 0.241497 0.046621 0.010217 0.002429 0.000610 0.000159 0.000043 0.000012 0.000003 0.000001
2872.0 0.950481 0.905717 0.242235 0.046711 0.010227 0.002430 0.000610 0.000159 0.000043 0.000012 0.000003 0.000001
2873.0 0.950419 0.905597 0.242976 0.046802 0.010237 0.002430 0.000609 0.000159 0.000043 0.000012 0.000003 0.000001
2874.0 0.950357 0.905476 0.243720 0.046893 0.010246 0.002430 0.000609 0.000159 0.000042 0.000012 0.000003 0.000001
2875.0 0.950294 0.905355 0.244468 0.046984 0.010256 0.002430 0.000609 0.000158 0.000042 0.000012 0.000003 0.000001
2876.0 0.950232 0.905234 0.245219 0.047076 0.010267 0.002431 0.000608 0.000158 0.000042 0.000012 0.000003 0.000001
2877.0 0.950170 0.905113 0.245973 0.047168 0.010277 0.002431 0.000608 0.000158 0.000042 0.000012 0.000003 0.000001
2878.0 0.950107 0.904992 0.246731 0.047260 0.010287 0.002431 0.000607 0.000158 0.000042 0.000011 0.000003 0.000001
2879.0 0.950045 0.904871 0.247492 0.047352 0.010297 0.002431 0.000607 0.000157 0.000042 0.000011 0.000003 0.000001
2880.0 0.949982 0.904749 0.248257 0.047446 0.010307 0.002432 0.000607 0.000157 0.000042 0.000011 0.000003 0.000001
2881.0 0.949919 0.904628 0.249024 0.047539 0.010317 0.002432 0.000606 0.000157 0.000042 0.000011 0.000003 0.000001
2882.0 0.949857 0.904506 0.249795 0.047633 0.010328 0.002432 0.000606 0.000157 0.000042 0.000011 0.000003 0.000001
2883.0 0.949794 0.904384 0.250570 0.047727 0.010338 0.002433 0.000605 0.000157 0.000042 0.000011 0.000003 0.000001
2884.0 0.949731 0.904262 0.251348 0.047821 0.010349 0.002433 0.000605 0.000156 0.000042 0.000011 0.000003 0.000001
2885.0 0.949668 0.904141 0.252129 0.047916 0.010359 0.002433 0.000604 0.000156 0.000041 0.000011 0.000003 0.000001
2886.0 0.949605 0.904018 0.252915 0.048011 0.010369 0.002434 0.000604 0.000156 0.000041 0.000011 0.000003 0.000001
2887.0 0.949542 0.903896 0.253703 0.048107 0.010380 0.002434 0.000604 0.000156 0.000041 0.000011 0.000003 0.000001
2888.0 0.949479 0.903774 0.254496 0.048203 0.010391 0.002434 0.000603 0.000155 0.000041 0.000011 0.000003 0.000001
2889.0 0.949416 0.903652 0.255291 0.048299 0.010401 0.002435 0.000603 0.000155 0.000041 0.000011 0.000003 0.000001
2890.0 0.949353 0.903529 0.256090 0.048396 0.010412 0.002435 0.000602 0.000155 0.000041 0.000011 0.000003 0.000001
2891.0 0.949290 0.903407 0.256893 0.048493 0.010423 0.002435 0.000602 0.000155 0.000041 0.000011 0.000003 0.000001
2892.0 0.949227 0.903284 0.257699 0.048590 0.010433 0.002436 0.000602 0.000155 0.000041 0.000011 0.000003 0.000001
2893.0 0.949163 0.903161 0.258509 0.048688 0.010444 0.002436 0.000601 0.000154 0.000041 0.000011 0.000003 0.000001
2894.0 0.949100 0.903038 0.259322 0.048786 0.010455 0.002437 0.000601 0.000154 0.000041 0.000011 0.000003 0.000001
2895.0 0.949036 0.902915 0.260139 0.048885 0.010466 0.002437 0.000600 0.000154 0.000041 0.000011 0.000003 0.000001
2896.0 0.948973 0.902792 0.260960 0.048983 0.010477 0.002437 0.000600 0.000154 0.000040 0.000011 0.000003 0.000001
2897.0 0.948909 0.902669 0.261785 0.049083 0.010488 0.002438 0.000600 0.000153 0.000040 0.000011 0.000003 0.000001
2898.0 0.948846 0.902546 0.262613 0.049182 0.010499 0.002438 0.000599 0.000153 0.000040 0.000011 0.000003 0.000001
2899.0 0.948782 0.902422 0.263445 0.049282 0.010510 0.002439 0.000599 0.000153 0.000040 0.000011 0.000003 0.000001
2900.0 0.948719 0.902299 0.264280 0.049383 0.010521 0.002439 0.000599 0.000153 0.000040 0.000011 0.000003 0.000001
2901.0 0.948655 0.902175 0.265120 0.049484 0.010532 0.002440 0.000598 0.000153 0.000040 0.000011 0.000003 0.000001
2902.0 0.948591 0.902052 0.265963 0.049585 0.010543 0.002440 0.000598 0.000152 0.000040 0.000011 0.000003 0.000001
2903.0 0.948527 0.901928 0.266810 0.049686 0.010555 0.002440 0.000597 0.000152 0.000040 0.000011 0.000003 0.000001
2904.0 0.948463 0.901804 0.267661 0.049788 0.010566 0.002441 0.000597 0.000152 0.000040 0.000011 0.000003 0.000001
2905.0 0.948399 0.901680 0.268515 0.049891 0.010577 0.002441 0.000597 0.000152 0.000040 0.000011 0.000003 0.000001
2906.0 0.948335 0.901556 0.269374 0.049993 0.010589 0.002442 0.000596 0.000152 0.000040 0.000011 0.000003 0.000001
2907.0 0.948271 0.901432 0.270236 0.050096 0.010600 0.002442 0.000596 0.000151 0.000040 0.000011 0.000003 0.000001
2908.0 0.948207 0.901307 0.271103 0.050200 0.010612 0.002443 0.000596 0.000151 0.000039 0.000011 0.000003 0.000001
2909.0 0.948143 0.901183 0.271973 0.050304 0.010623 0.002443 0.000595 0.000151 0.000039 0.000010 0.000003 0.000001
2910.0 0.948079 0.901058 0.272847 0.050408 0.010635 0.002444 0.000595 0.000151 0.000039 0.000010 0.000003 0.000001
2911.0 0.948014 0.900933 0.273725 0.050513 0.010646 0.002444 0.000594 0.000150 0.000039 0.000010 0.000003 0.000001
2912.0 0.947950 0.900809 0.274607 0.050618 0.010658 0.002445 0.000594 0.000150 0.000039 0.000010 0.000003 0.000001
2913.0 0.947886 0.900684 0.275493 0.050724 0.010670 0.002445 0.000594 0.000150 0.000039 0.000010 0.000003 0.000001
2914.0 0.947821 0.900559 0.276383 0.050830 0.010682 0.002446 0.000593 0.000150 0.000039 0.000010 0.000003 0.000001
2915.0 0.947757 0.900434 0.277277 0.050936 0.010693 0.002446 0.000593 0.000150 0.000039 0.000010 0.000003 0.000001
2916.0 0.947692 0.900309 0.278175 0.051043 0.010705 0.002447 0.000593 0.000149 0.000039 0.000010 0.000003 0.000001
2917.0 0.947627 0.900183 0.279077 0.051150 0.010717 0.002448 0.000592 0.000149 0.000039 0.000010 0.000003 0.000001
2918.0 0.947563 0.918275 0.279984 0.051257 0.010729 0.002448 0.000592 0.000149 0.000039 0.000010 0.000003 0.000001
2919.0 0.947498 0.918172 0.280894 0.051366 0.010741 0.002449 0.000592 0.000149 0.000039 0.000010 0.000003 0.000001
2920.0 0.947433 0.918070 0.281808 0.051474 0.010753 0.002449 0.000591 0.000149 0.000038 0.000010 0.000003 0.000001
2921.0 0.947368 0.917967 0.282727 0.051583 0.010765 0.002450 0.000591 0.000148 0.000038 0.000010 0.000003 0.000001
2922.0 0.947303 0.917864 0.283650 0.051692 0.010778 0.002450 0.000591 0.000148 0.000038 0.000010 0.000003 0.000001
2923.0 0.947238 0.917761 0.284577 0.051802 0.010790 0.002451 0.000590 0.000148 0.000038 0.000010 0.000003 0.000001
2924.0 0.947173 0.917658 0.285509 0.051912 0.010802 0.002452 0.000590 0.000148 0.000038 0.000010 0.000003 0.000001
2925.0 0.947108 0.917555 0.286444 0.052022 0.010814 0.002452 0.000590 0.000148 0.000038 0.000010 0.000003 0.000001
2926.0 0.947043 0.917452 0.287384 0.052133 0.010827 0.002453 0.000589 0.000147 0.000038 0.000010 0.000003 0.000001
2927.0 0.946978 0.917348 0.288328 0.052245 0.010839 0.002454 0.000589 0.000147 0.000038 0.000010 0.000003 0.000001
2928.0 0.946913 0.917245 0.289277 0.052356 0.010852 0.002454 0.000589 0.000147 0.000038 0.000010 0.000003 0.000001
2929.0 0.946847 0.917141 0.290230 0.052469 0.010864 0.002455 0.000588 0.000147 0.000038 0.000010 0.000003 0.000001
2930.0 0.946782 0.917038 0.291187 0.052581 0.010877 0.002455 0.000588 0.000147 0.000038 0.000010 0.000003 0.000001
2931.0 0.946717 0.916934 0.292149 0.052694 0.010889 0.002456 0.000588 0.000146 0.000038 0.000010 0.000003 0.000001
2932.0 0.946651 0.916831 0.293115 0.052808 0.010902 0.002457 0.000587 0.000146 0.000038 0.000010 0.000003 0.000001
2933.0 0.946586 0.916727 0.294085 0.052922 0.010915 0.002457 0.000587 0.000146 0.000037 0.000010 0.000003 0.000001
2934.0 0.946520 0.916623 0.295060 0.053036 0.010927 0.002458 0.000587 0.000146 0.000037 0.000010 0.000003 0.000001
2935.0 0.946454 0.916519 0.296040 0.053151 0.010940 0.002459 0.000586 0.000146 0.000037 0.000010 0.000003 0.000001
2936.0 0.946389 0.916415 0.297024 0.053267 0.010953 0.002460 0.000586 0.000146 0.000037 0.000010 0.000003 0.000001
2937.0 0.946323 0.916310 0.298012 0.053382 0.010966 0.002460 0.000586 0.000145 0.000037 0.000010 0.000003 0.000001
2938.0 0.946257 0.916206 0.299005 0.053499 0.010979 0.002461 0.000585 0.000145 0.000037 0.000010 0.000003 0.000001
2939.0 0.946191 0.916102 0.300003 0.053615 0.010992 0.002462 0.000585 0.000145 0.000037 0.000010 0.000003 0.000001
2940.0 0.946125 0.915997 0.301004 0.053732 0.011005 0.002462 0.000585 0.000145 0.000037 0.000010 0.000003 0.000001
2941.0 0.946059 0.915893 0.302011 0.053850 0.011018 0.002463 0.000584 0.000145 0.000037 0.000010 0.000003 0.000001
2942.0 0.945993 0.915788 0.303023 0.053968 0.011031 0.002464 0.000584 0.000144 0.000037 0.000010 0.000003 0.000001
2943.0 0.945927 0.915683 0.304039 0.054086 0.011045 0.002465 0.000584 0.000144 0.000037 0.000010 0.000003 0.000001
2944.0 0.945861 0.915579 0.305060 0.054205 0.011058 0.002465 0.000584 0.000144 0.000037 0.000010 0.000003 0.000001
2945.0 0.945795 0.915474 0.306086 0.054325 0.011071 0.002466 0.000583 0.000144 0.000037 0.000009 0.000003 0.000001
2946.0 0.945729 0.915369 0.307116 0.054445 0.011085 0.002467 0.000583 0.000144 0.000036 0.000009 0.000002 0.000001
2947.0 0.945662 0.915264 0.308151 0.054565 0.011098 0.002468 0.000583 0.000143 0.000036 0.000009 0.000002 0.000001
2948.0 0.945596 0.915158 0.309190 0.054686 0.011112 0.002469 0.000582 0.000143 0.000036 0.000009 0.000002 0.000001
2949.0 0.945530 0.915053 0.310236 0.054807 0.011125 0.002469 0.000582 0.000143 0.000036 0.000009 0.000002 0.000001
2950.0 0.945463 0.914948 0.311285 0.054929 0.011139 0.002470 0.000582 0.000143 0.000036 0.000009 0.000002 0.000001
2951.0 0.945397 0.914842 0.312339 0.055051 0.011152 0.002471 0.000581 0.000143 0.000036 0.000009 0.000002 0.000001
2952.0 0.945330 0.914737 0.313399 0.055174 0.011166 0.002472 0.000581 0.000143 0.000036 0.000009 0.000002 0.000001
2953.0 0.945263 0.914631 0.314463 0.055297 0.011180 0.002473 0.000581 0.000142 0.000036 0.000009 0.000002 0.000001
2954.0 0.945197 0.914525 0.315532 0.055421 0.011194 0.002473 0.000581 0.000142 0.000036 0.000009 0.000002 0.000001
2955.0 0.945130 0.914420 0.316606 0.055545 0.011207 0.002474 0.000580 0.000142 0.000036 0.000009 0.000002 0.000001
2956.0 0.945063 0.914314 0.317685 0.055669 0.011221 0.002475 0.000580 0.000142 0.000036 0.000009 0.000002 0.000001
2957.0 0.944996 0.914208 0.318770 0.055795 0.011235 0.002476 0.000580 0.000142 0.000036 0.000009 0.000002 0.000001
2958.0 0.944929 0.914102 0.319859 0.055920 0.011249 0.002477 0.000579 0.000141 0.000036 0.000009 0.000002 0.000001
2959.0 0.944862 0.913996 0.320954 0.056046 0.011264 0.002478 0.000579 0.000141 0.000036 0.000009 0.000002 0.000001
2960.0 0.944795 0.913889 0.322053 0.056173 0.011278 0.002479 0.000579 0.000141 0.000035 0.000009 0.000002 0.000001
2961.0 0.944728 0.913783 0.323158 0.056300 0.011292 0.002480 0.000579 0.000141 0.000035 0.000009 0.000002 0.000001
2962.0 0.944661 0.913677 0.324268 0.056427 0.011306 0.002480 0.000578 0.000141 0.000035 0.000009 0.000002 0.000001
2963.0 0.944594 0.913570 0.325382 0.056555 0.011320 0.002481 0.000578 0.000141 0.000035 0.000009 0.000002 0.000001
2964.0 0.944527 0.913463 0.326503 0.056684 0.011335 0.002482 0.000578 0.000140 0.000035 0.000009 0.000002 0.000001
2965.0 0.944459 0.913357 0.327629 0.056813 0.011349 0.002483 0.000578 0.000140 0.000035 0.000009 0.000002 0.000001
2966.0 0.944392 0.913250 0.328759 0.056943 0.011364 0.002484 0.000577 0.000140 0.000035 0.000009 0.000002 0.000001
2967.0 0.944325 0.913143 0.329895 0.057073 0.011378 0.002485 0.000577 0.000140 0.000035 0.000009 0.000002 0.000001
2968.0 0.944257 0.913036 0.331037 0.057204 0.011393 0.002486 0.000577 0.000140 0.000035 0.000009 0.000002 0.000001
2969.0 0.944189 0.912929 0.332184 0.057335 0.011407 0.002487 0.000577 0.000140 0.000035 0.000009 0.000002 0.000001
2970.0 0.944122 0.912822 0.333335 0.057466 0.011422 0.002488 0.000576 0.000139 0.000035 0.000009 0.000002 0.000001
2971.0 0.944054 0.912715 0.334494 0.057598 0.011437 0.002489 0.000576 0.000139 0.000035 0.000009 0.000002 0.000001
2972.0 0.943987 0.912607 0.335657 0.057731 0.011452 0.002490 0.000576 0.000139 0.000035 0.000009 0.000002 0.000001
2973.0 0.943919 0.912500 0.336825 0.057864 0.011467 0.002491 0.000576 0.000139 0.000035 0.000009 0.000002 0.000001
2974.0 0.943851 0.912393 0.338000 0.057998 0.011481 0.002492 0.000575 0.000139 0.000034 0.000009 0.000002 0.000001
2975.0 0.943783 0.912285 0.339179 0.058132 0.011496 0.002493 0.000575 0.000138 0.000034 0.000009 0.000002 0.000001
2976.0 0.943715 0.912177 0.340364 0.058267 0.011511 0.002494 0.000575 0.000138 0.000034 0.000009 0.000002 0.000001
2977.0 0.943647 0.912069 0.341555 0.058402 0.011527 0.002495 0.000575 0.000138 0.000034 0.000009 0.000002 0.000001
2978.0 0.943579 0.911962 0.342752 0.058538 0.011542 0.002496 0.000574 0.000138 0.000034 0.000009 0.000002 0.000001
2979.0 0.943511 0.911854 0.343954 0.058675 0.011557 0.002497 0.000574 0.000138 0.000034 0.000009 0.000002 0.000001
2980.0 0.943443 0.911746 0.345162 0.058812 0.011572 0.002498 0.000574 0.000138 0.000034 0.000009 0.000002 0.000001
2981.0 0.943375 0.911638 0.346375 0.058949 0.011588 0.002499 0.000574 0.000137 0.000034 0.000009 0.000002 0.000001
2982.0 0.943306 0.911529 0.347594 0.059087 0.011603 0.002500 0.000573 0.000137 0.000034 0.000009 0.000002 0.000001
2983.0 0.943238 0.911421 0.348820 0.059226 0.011618 0.002501 0.000573 0.000137 0.000034 0.000009 0.000002 0.000001
2984.0 0.943170 0.911313 0.350050 0.059365 0.011634 0.002502 0.000573 0.000137 0.000034 0.000009 0.000002 0.000001
2985.0 0.943101 0.911204 0.351287 0.059504 0.011650 0.002503 0.000573 0.000137 0.000034 0.000009 0.000002 0.000001
2986.0 0.943033 0.911096 0.352530 0.059644 0.011665 0.002504 0.000572 0.000137 0.000034 0.000008 0.000002 0.000001
2987.0 0.942964 0.910987 0.353779 0.059785 0.011681 0.002505 0.000572 0.000137 0.000034 0.000008 0.000002 0.000001
2988.0 0.942895 0.910878 0.355033 0.059926 0.011697 0.002507 0.000572 0.000136 0.000034 0.000008 0.000002 0.000001
2989.0 0.942827 0.910769 0.356293 0.060068 0.011712 0.002508 0.000572 0.000136 0.000033 0.000008 0.000002 0.000001
2990.0 0.942758 0.910660 0.357560 0.060211 0.011728 0.002509 0.000571 0.000136 0.000033 0.000008 0.000002 0.000001
2991.0 0.942689 0.910551 0.358833 0.060354 0.011744 0.002510 0.000571 0.000136 0.000033 0.000008 0.000002 0.000001
2992.0 0.942620 0.910442 0.360111 0.060497 0.011760 0.002511 0.000571 0.000136 0.000033 0.000008 0.000002 0.000001
2993.0 0.942551 0.910333 0.361396 0.060641 0.011776 0.002512 0.000571 0.000136 0.000033 0.000008 0.000002 0.000001
2994.0 0.942482 0.910224 0.362687 0.060786 0.011792 0.002513 0.000571 0.000135 0.000033 0.000008 0.000002 0.000001
2995.0 0.942413 0.910114 0.363984 0.060931 0.011809 0.002514 0.000570 0.000135 0.000033 0.000008 0.000002 0.000001
2996.0 0.942344 0.910005 0.365288 0.061077 0.011825 0.002516 0.000570 0.000135 0.000033 0.000008 0.000002 0.000001
2997.0 0.942275 0.909895 0.366597 0.061224 0.011841 0.002517 0.000570 0.000135 0.000033 0.000008 0.000002 0.000001
2998.0 0.942206 0.909786 0.367913 0.061371 0.011857 0.002518 0.000570 0.000135 0.000033 0.000008 0.000002 0.000001
2999.0 0.942137 0.909676 0.369235 0.061518 0.011874 0.002519 0.000570 0.000135 0.000033 0.000008 0.000002 0.000001
3000.0 0.942067 0.909566 0.370564 0.061666 0.011890 0.002520 0.000569 0.000134 0.000033 0.000008 0.000002 0.000001
3001.0 0.941998 0.909456 0.371899 0.061815 0.011907 0.002522 0.000569 0.000134 0.000033 0.000008 0.000002 0.000001
3002.0 0.941929 0.909346 0.373240 0.061965 0.011924 0.002523 0.000569 0.000134 0.000033 0.000008 0.000002 0.000001
3003.0 0.941859 0.909236 0.374588 0.062115 0.011940 0.002524 0.000569 0.000134 0.000033 0.000008 0.000002 0.000001
3004.0 0.941790 0.909126 0.375943 0.062265 0.011957 0.002525 0.000569 0.000134 0.000033 0.000008 0.000002 0.000001
3005.0 0.941720 0.909016 0.377303 0.062416 0.011974 0.002527 0.000568 0.000134 0.000032 0.000008 0.000002 0.000001
3006.0 0.941650 0.908905 0.378671 0.062568 0.011991 0.002528 0.000568 0.000134 0.000032 0.000008 0.000002 0.000001
3007.0 0.941581 0.908795 0.380045 0.062720 0.012008 0.002529 0.000568 0.000133 0.000032 0.000008 0.000002 0.000001
3008.0 0.941511 0.908684 0.381426 0.062873 0.012025 0.002530 0.000568 0.000133 0.000032 0.000008 0.000002 0.000001
3009.0 0.941441 0.908574 0.382813 0.063027 0.012042 0.002532 0.000568 0.000133 0.000032 0.000008 0.000002 0.000001
3010.0 0.941371 0.908463 0.384207 0.063181 0.012059 0.002533 0.000567 0.000133 0.000032 0.000008 0.000002 0.000001
3011.0 0.941301 0.908352 0.385608 0.063336 0.012076 0.002534 0.000567 0.000133 0.000032 0.000008 0.000002 0.000001
3012.0 0.941231 0.908241 0.387015 0.063491 0.012093 0.002535 0.000567 0.000133 0.000032 0.000008 0.000002 0.000001
3013.0 0.941161 0.908130 0.388430 0.063648 0.012111 0.002537 0.000567 0.000132 0.000032 0.000008 0.000002 0.000001
3014.0 0.941091 0.908019 0.389851 0.063804 0.012128 0.002538 0.000567 0.000132 0.000032 0.000008 0.000002 0.000001
3015.0 0.941021 0.907908 0.391279 0.063962 0.012145 0.002539 0.000566 0.000132 0.000032 0.000008 0.000002 0.000001
3016.0 0.940951 0.907796 0.392714 0.064119 0.012163 0.002541 0.000566 0.000132 0.000032 0.000008 0.000002 0.000001
3017.0 0.940880 0.907685 0.394156 0.064278 0.012181 0.002542 0.000566 0.000132 0.000032 0.000008 0.000002 0.000000
3018.0 0.940810 0.907574 0.395605 0.064437 0.012198 0.002543 0.000566 0.000132 0.000032 0.000008 0.000002 0.000000
3019.0 0.940740 0.907462 0.397062 0.064597 0.012216 0.002545 0.000566 0.000132 0.000032 0.000008 0.000002 0.000000
3020.0 0.940669 0.907350 0.398525 0.064758 0.012234 0.002546 0.000566 0.000131 0.000032 0.000008 0.000002 0.000000
3021.0 0.940599 0.907239 0.399996 0.064919 0.012252 0.002548 0.000565 0.000131 0.000032 0.000008 0.000002 0.000000
3022.0 0.940528 0.907127 0.401473 0.065081 0.012270 0.002549 0.000565 0.000131 0.000031 0.000008 0.000002 0.000000
3023.0 0.940457 0.907015 0.402958 0.065243 0.012288 0.002550 0.000565 0.000131 0.000031 0.000008 0.000002 0.000000
3024.0 0.940387 0.906903 0.404449 0.065406 0.012306 0.002552 0.000565 0.000131 0.000031 0.000008 0.000002 0.000000
3025.0 0.940316 0.906791 0.405949 0.065570 0.012324 0.002553 0.000565 0.000131 0.000031 0.000008 0.000002 0.000000
3026.0 0.940245 0.906679 0.407456 0.065734 0.012342 0.002555 0.000565 0.000131 0.000031 0.000008 0.000002 0.000000
3027.0 0.940174 0.906566 0.408969 0.065899 0.012360 0.002556 0.000564 0.000130 0.000031 0.000008 0.000002 0.000000
3028.0 0.940103 0.906454 0.410491 0.066065 0.012379 0.002557 0.000564 0.000130 0.000031 0.000008 0.000002 0.000000
3029.0 0.940032 0.906341 0.412020 0.066232 0.012397 0.002559 0.000564 0.000130 0.000031 0.000008 0.000002 0.000000
3030.0 0.939961 0.906229 0.413556 0.066399 0.012415 0.002560 0.000564 0.000130 0.000031 0.000008 0.000002 0.000000
3031.0 0.939890 0.906116 0.415100 0.066566 0.012434 0.002562 0.000564 0.000130 0.000031 0.000008 0.000002 0.000000
3032.0 0.939819 0.906004 0.416652 0.066735 0.012453 0.002563 0.000564 0.000130 0.000031 0.000008 0.000002 0.000000
3033.0 0.939748 0.905891 0.418211 0.066904 0.012471 0.002565 0.000563 0.000130 0.000031 0.000008 0.000002 0.000000
3034.0 0.939677 0.905778 0.419778 0.067074 0.012490 0.002566 0.000563 0.000129 0.000031 0.000007 0.000002 0.000000
3035.0 0.939605 0.905665 0.421353 0.067244 0.012509 0.002568 0.000563 0.000129 0.000031 0.000007 0.000002 0.000000
3036.0 0.939534 0.905552 0.422935 0.067415 0.012528 0.002569 0.000563 0.000129 0.000031 0.000007 0.000002 0.000000
3037.0 0.939462 0.905438 0.424525 0.067587 0.012547 0.002571 0.000563 0.000129 0.000031 0.000007 0.000002 0.000000
3038.0 0.939391 0.905325 0.426123 0.067760 0.012566 0.002572 0.000563 0.000129 0.000031 0.000007 0.000002 0.000000
3039.0 0.939319 0.905212 0.427729 0.067933 0.012585 0.002574 0.000563 0.000129 0.000030 0.000007 0.000002 0.000000
3040.0 1.000000 0.905098 0.429343 0.068107 0.012604 0.002575 0.000562 0.000129 0.000030 0.000007 0.000002 0.000000
3041.0 1.000000 0.904985 0.430965 0.068282 0.012623 0.002577 0.000562 0.000129 0.000030 0.000007 0.000002 0.000000
3042.0 1.000000 0.904871 0.432594 0.068457 0.012643 0.002579 0.000562 0.000128 0.000030 0.000007 0.000002 0.000000
3043.0 1.000000 0.904757 0.434233 0.068633 0.012662 0.002580 0.000562 0.000128 0.000030 0.000007 0.000002 0.000000
3044.0 1.000000 0.904643 0.435878 0.068810 0.012682 0.002582 0.000562 0.000128 0.000030 0.000007 0.000002 0.000000
3045.0 1.000000 0.904530 0.437532 0.068988 0.012701 0.002583 0.000562 0.000128 0.000030 0.000007 0.000002 0.000000
3046.0 1.000000 0.904416 0.439195 0.069166 0.012721 0.002585 0.000562 0.000128 0.000030 0.000007 0.000002 0.000000
3047.0 1.000000 0.904301 0.440866 0.069345 0.012741 0.002586 0.000561 0.000128 0.000030 0.000007 0.000002 0.000000
3048.0 1.000000 0.904187 0.442544 0.069525 0.012760 0.002588 0.000561 0.000128 0.000030 0.000007 0.000002 0.000000
3049.0 1.000000 0.904073 0.444232 0.069705 0.012780 0.002590 0.000561 0.000127 0.000030 0.000007 0.000002 0.000000
3050.0 1.000000 0.903959 0.445928 0.069886 0.012800 0.002591 0.000561 0.000127 0.000030 0.000007 0.000002 0.000000
3051.0 1.000000 0.903844 0.447631 0.070068 0.012820 0.002593 0.000561 0.000127 0.000030 0.000007 0.000002 0.000000
3052.0 1.000000 0.903729 0.449344 0.070251 0.012840 0.002595 0.000561 0.000127 0.000030 0.000007 0.000002 0.000000
3053.0 1.000000 0.903615 0.451066 0.070434 0.012860 0.002596 0.000561 0.000127 0.000030 0.000007 0.000002 0.000000
3054.0 1.000000 0.903500 0.452795 0.070618 0.012880 0.002598 0.000561 0.000127 0.000030 0.000007 0.000002 0.000000
3055.0 1.000000 0.903385 0.454534 0.070803 0.012901 0.002600 0.000561 0.000127 0.000030 0.000007 0.000002 0.000000
3056.0 1.000000 0.903270 0.456281 0.070989 0.012921 0.002601 0.000560 0.000127 0.000030 0.000007 0.000002 0.000000
3057.0 1.000000 0.903155 0.458037 0.071176 0.012942 0.002603 0.000560 0.000126 0.000030 0.000007 0.000002 0.000000
3058.0 1.000000 0.903040 0.459801 0.071363 0.012962 0.002605 0.000560 0.000126 0.000029 0.000007 0.000002 0.000000
3059.0 1.000000 0.902925 0.461574 0.071551 0.012983 0.002606 0.000560 0.000126 0.000029 0.000007 0.000002 0.000000
3060.0 1.000000 0.902810 0.463357 0.071739 0.013003 0.002608 0.000560 0.000126 0.000029 0.000007 0.000002 0.000000
3061.0 1.000000 0.902694 0.465148 0.071929 0.013024 0.002610 0.000560 0.000126 0.000029 0.000007 0.000002 0.000000
3062.0 1.000000 0.902579 0.466948 0.072119 0.013045 0.002612 0.000560 0.000126 0.000029 0.000007 0.000002 0.000000
3063.0 1.000000 0.902463 0.468757 0.072310 0.013066 0.002613 0.000560 0.000126 0.000029 0.000007 0.000002 0.000000
3064.0 1.000000 0.902347 0.470576 0.072502 0.013087 0.002615 0.000560 0.000126 0.000029 0.000007 0.000002 0.000000
3065.0 1.000000 0.902232 0.472403 0.072695 0.013108 0.002617 0.000559 0.000125 0.000029 0.000007 0.000002 0.000000
3066.0 1.000000 0.902116 0.474240 0.072888 0.013129 0.002619 0.000559 0.000125 0.000029 0.000007 0.000002 0.000000
3067.0 1.000000 0.902000 0.476086 0.073083 0.013150 0.002620 0.000559 0.000125 0.000029 0.000007 0.000002 0.000000
3068.0 1.000000 0.901884 0.477941 0.073278 0.013172 0.002622 0.000559 0.000125 0.000029 0.000007 0.000002 0.000000
3069.0 1.000000 0.901768 0.479806 0.073473 0.013193 0.002624 0.000559 0.000125 0.000029 0.000007 0.000002 0.000000
3070.0 1.000000 0.901652 0.481680 0.073670 0.013215 0.002626 0.000559 0.000125 0.000029 0.000007 0.000002 0.000000
3071.0 1.000000 0.901535 0.483564 0.073868 0.013236 0.002628 0.000559 0.000125 0.000029 0.000007 0.000002 0.000000
3072.0 1.000000 0.901419 0.485456 0.074066 0.013258 0.002630 0.000559 0.000125 0.000029 0.000007 0.000002 0.000000
3073.0 1.000000 0.901302 0.487359 0.074265 0.013279 0.002631 0.000559 0.000124 0.000029 0.000007 0.000002 0.000000
3074.0 1.000000 0.901186 0.489271 0.074465 0.013301 0.002633 0.000559 0.000124 0.000029 0.000007 0.000002 0.000000
3075.0 1.000000 0.901069 0.491193 0.074666 0.013323 0.002635 0.000559 0.000124 0.000029 0.000007 0.000002 0.000000
3076.0 1.000000 0.900952 0.493125 0.074867 0.013345 0.002637 0.000558 0.000124 0.000029 0.000007 0.000002 0.000000
3077.0 1.000000 0.900835 0.495066 0.075070 0.013367 0.002639 0.000558 0.000124 0.000028 0.000007 0.000002 0.000000
3078.0 1.000000 0.936483 0.497017 0.075273 0.013389 0.002641 0.000558 0.000124 0.000028 0.000007 0.000002 0.000000
3079.0 1.000000 0.936409 0.498979 0.075477 0.013411 0.002643 0.000558 0.000124 0.000028 0.000007 0.000002 0.000000
3080.0 1.000000 0.936335 0.500950 0.075682 0.013434 0.002645 0.000558 0.000124 0.000028 0.000007 0.000002 0.000000
3081.0 1.000000 0.936261 0.502930 0.075888 0.013456 0.002647 0.000558 0.000124 0.000028 0.000007 0.000002 0.000000
3082.0 1.000000 0.936187 0.504922 0.076094 0.013479 0.002648 0.000558 0.000123 0.000028 0.000007 0.000002 0.000000
3083.0 1.000000 0.936113 0.506923 0.076302 0.013501 0.002650 0.000558 0.000123 0.000028 0.000007 0.000002 0.000000
3084.0 1.000000 0.936039 0.508935 0.076510 0.013524 0.002652 0.000558 0.000123 0.000028 0.000007 0.000002 0.000000
3085.0 1.000000 0.935964 0.510956 0.076719 0.013546 0.002654 0.000558 0.000123 0.000028 0.000007 0.000002 0.000000
3086.0 1.000000 0.935890 0.512989 0.076929 0.013569 0.002656 0.000558 0.000123 0.000028 0.000007 0.000002 0.000000
3087.0 1.000000 0.935816 0.515031 0.077141 0.013592 0.002658 0.000558 0.000123 0.000028 0.000007 0.000002 0.000000
3088.0 1.000000 0.935741 0.517084 0.077352 0.013615 0.002660 0.000558 0.000123 0.000028 0.000007 0.000002 0.000000
3089.0 1.000000 0.935667 0.519148 0.077565 0.013638 0.002662 0.000557 0.000123 0.000028 0.000007 0.000002 0.000000
3090.0 1.000000 0.935592 0.521222 0.077779 0.013661 0.002664 0.000557 0.000122 0.000028 0.000007 0.000002 0.000000
3091.0 1.000000 0.935518 0.523307 0.077993 0.013685 0.002666 0.000557 0.000122 0.000028 0.000006 0.000002 0.000000
3092.0 1.000000 0.935443 0.525402 0.078209 0.013708 0.002668 0.000557 0.000122 0.000028 0.000006 0.000002 0.000000
3093.0 1.000000 0.935368 0.527508 0.078425 0.013731 0.002670 0.000557 0.000122 0.000028 0.000006 0.000002 0.000000
3094.0 1.000000 0.935293 0.529624 0.078642 0.013755 0.002672 0.000557 0.000122 0.000028 0.000006 0.000002 0.000000
3095.0 1.000000 0.935219 0.531753 0.078860 0.013778 0.002675 0.000557 0.000122 0.000028 0.000006 0.000002 0.000000
3096.0 1.000000 0.935144 0.533891 0.079079 0.013802 0.002677 0.000557 0.000122 0.000028 0.000006 0.000002 0.000000
3097.0 1.000000 0.935069 0.536041 0.079299 0.013826 0.002679 0.000557 0.000122 0.000028 0.000006 0.000002 0.000000
3098.0 1.000000 0.934994 0.538202 0.079520 0.013850 0.002681 0.000557 0.000122 0.000027 0.000006 0.000002 0.000000
3099.0 1.000000 0.934919 0.540374 0.079742 0.013873 0.002683 0.000557 0.000121 0.000027 0.000006 0.000002 0.000000
3100.0 1.000000 0.934843 0.542557 0.079965 0.013897 0.002685 0.000557 0.000121 0.000027 0.000006 0.000002 0.000000
3101.0 1.000000 0.934768 0.544751 0.080188 0.013922 0.002687 0.000557 0.000121 0.000027 0.000006 0.000001 0.000000
3102.0 1.000000 0.934693 0.546957 0.080413 0.013946 0.002689 0.000557 0.000121 0.000027 0.000006 0.000001 0.000000
3103.0 1.000000 0.934618 0.549174 0.080639 0.013970 0.002691 0.000557 0.000121 0.000027 0.000006 0.000001 0.000000
3104.0 1.000000 0.934542 0.551403 0.080865 0.013994 0.002693 0.000557 0.000121 0.000027 0.000006 0.000001 0.000000
3105.0 1.000000 0.934467 0.553643 0.081093 0.014019 0.002696 0.000557 0.000121 0.000027 0.000006 0.000001 0.000000
3106.0 1.000000 0.934391 0.555894 0.081321 0.014044 0.002698 0.000557 0.000121 0.000027 0.000006 0.000001 0.000000
3107.0 1.000000 0.934316 0.558158 0.081550 0.014068 0.002700 0.000557 0.000121 0.000027 0.000006 0.000001 0.000000
3108.0 1.000000 0.934240 0.560433 0.081781 0.014093 0.002702 0.000557 0.000121 0.000027 0.000006 0.000001 0.000000
3109.0 1.000000 0.934164 0.562719 0.082012 0.014118 0.002704 0.000557 0.000120 0.000027 0.000006 0.000001 0.000000
3110.0 1.000000 0.934089 0.565018 0.082244 0.014143 0.002707 0.000557 0.000120 0.000027 0.000006 0.000001 0.000000
3111.0 1.000000 0.934013 0.567329 0.082478 0.014168 0.002709 0.000557 0.000120 0.000027 0.000006 0.000001 0.000000
3112.0 1.000000 0.933937 0.569652 0.082712 0.014193 0.002711 0.000557 0.000120 0.000027 0.000006 0.000001 0.000000
3113.0 1.000000 0.933861 0.571987 0.082947 0.014218 0.002713 0.000556 0.000120 0.000027 0.000006 0.000001 0.000000
3114.0 1.000000 0.933785 0.574334 0.083183 0.014243 0.002716 0.000556 0.000120 0.000027 0.000006 0.000001 0.000000
3115.0 1.000000 0.933709 0.576692 0.083421 0.014269 0.002718 0.000556 0.000120 0.000027 0.000006 0.000001 0.000000
3116.0 1.000000 0.933633 0.579064 0.083659 0.014294 0.002720 0.000556 0.000120 0.000027 0.000006 0.000001 0.000000
3117.0 1.000000 0.933557 0.581448 0.083898 0.014320 0.002722 0.000556 0.000120 0.000027 0.000006 0.000001 0.000000
3118.0 1.000000 0.933481 0.583845 0.084138 0.014346 0.002725 0.000556 0.000119 0.000027 0.000006 0.000001 0.000000
3119.0 1.000000 0.933404 0.586253 0.084380 0.014371 0.002727 0.000556 0.000119 0.000027 0.000006 0.000001 0.000000
3120.0 1.000000 0.933328 0.588674 0.084622 0.014397 0.002729 0.000556 0.000119 0.000027 0.000006 0.000001 0.000000
3121.0 1.000000 0.933252 0.591108 0.084865 0.014423 0.002732 0.000556 0.000119 0.000026 0.000006 0.000001 0.000000
3122.0 1.000000 0.933175 0.593555 0.085110 0.014449 0.002734 0.000556 0.000119 0.000026 0.000006 0.000001 0.000000
3123.0 1.000000 0.933099 0.596015 0.085355 0.014476 0.002736 0.000556 0.000119 0.000026 0.000006 0.000001 0.000000
3124.0 1.000000 0.933022 0.598487 0.085602 0.014502 0.002739 0.000556 0.000119 0.000026 0.000006 0.000001 0.000000
3125.0 1.000000 0.932945 0.600973 0.085849 0.014528 0.002741 0.000556 0.000119 0.000026 0.000006 0.000001 0.000000
3126.0 1.000000 0.932869 0.603472 0.086098 0.014555 0.002743 0.000556 0.000119 0.000026 0.000006 0.000001 0.000000
3127.0 1.000000 0.932792 0.605983 0.086347 0.014581 0.002746 0.000556 0.000119 0.000026 0.000006 0.000001 0.000000
3128.0 1.000000 0.932715 0.608508 0.086598 0.014608 0.002748 0.000556 0.000119 0.000026 0.000006 0.000001 0.000000
3129.0 1.000000 0.932638 0.611046 0.086850 0.014635 0.002751 0.000556 0.000118 0.000026 0.000006 0.000001 0.000000
3130.0 1.000000 0.932561 0.613598 0.087103 0.014662 0.002753 0.000556 0.000118 0.000026 0.000006 0.000001 0.000000
3131.0 1.000000 0.932484 0.616162 0.087356 0.014688 0.002756 0.000556 0.000118 0.000026 0.000006 0.000001 0.000000
3132.0 1.000000 0.932407 0.618741 0.087612 0.014716 0.002758 0.000556 0.000118 0.000026 0.000006 0.000001 0.000000
3133.0 1.000000 0.932330 0.621333 0.087868 0.014743 0.002760 0.000556 0.000118 0.000026 0.000006 0.000001 0.000000
3134.0 1.000000 0.932253 0.623939 0.088125 0.014770 0.002763 0.000556 0.000118 0.000026 0.000006 0.000001 0.000000
3135.0 1.000000 0.932176 0.626558 0.088383 0.014797 0.002765 0.000556 0.000118 0.000026 0.000006 0.000001 0.000000
3136.0 1.000000 0.932098 0.629192 0.088642 0.014825 0.002768 0.000556 0.000118 0.000026 0.000006 0.000001 0.000000
3137.0 1.000000 0.932021 0.631839 0.088903 0.014852 0.002770 0.000556 0.000118 0.000026 0.000006 0.000001 0.000000
3138.0 1.000000 0.931944 0.634501 0.089165 0.014880 0.002773 0.000556 0.000118 0.000026 0.000006 0.000001 0.000000
3139.0 1.000000 0.931866 0.637175 0.089427 0.014908 0.002775 0.000556 0.000117 0.000026 0.000006 0.000001 0.000000
3140.0 1.000000 0.931789 0.639866 0.089691 0.014936 0.002778 0.000556 0.000117 0.000026 0.000006 0.000001 0.000000
3141.0 1.000000 0.931711 0.642570 0.089956 0.014964 0.002781 0.000556 0.000117 0.000026 0.000006 0.000001 0.000000
3142.0 1.000000 0.931633 0.645288 0.090222 0.014992 0.002783 0.000557 0.000117 0.000026 0.000006 0.000001 0.000000
3143.0 1.000000 0.931556 0.648021 0.090490 0.015020 0.002786 0.000557 0.000117 0.000026 0.000006 0.000001 0.000000
3144.0 1.000000 0.931478 0.650768 0.090758 0.015049 0.002788 0.000557 0.000117 0.000026 0.000006 0.000001 0.000000
3145.0 1.000000 0.931400 0.653530 0.091028 0.015077 0.002791 0.000557 0.000117 0.000025 0.000006 0.000001 0.000000
3146.0 1.000000 0.931322 0.656305 0.091298 0.015105 0.002793 0.000557 0.000117 0.000025 0.000006 0.000001 0.000000
3147.0 1.000000 0.931244 0.659097 0.091570 0.015134 0.002796 0.000557 0.000117 0.000025 0.000006 0.000001 0.000000
3148.0 1.000000 0.931166 0.661904 0.091844 0.015163 0.002799 0.000557 0.000117 0.000025 0.000006 0.000001 0.000000
3149.0 1.000000 0.931088 0.664725 0.092118 0.015192 0.002801 0.000557 0.000117 0.000025 0.000006 0.000001 0.000000
3150.0 1.000000 0.931010 0.667561 0.092393 0.015221 0.002804 0.000557 0.000116 0.000025 0.000006 0.000001 0.000000
3151.0 1.000000 0.930932 0.670413 0.092670 0.015250 0.002807 0.000557 0.000116 0.000025 0.000006 0.000001 0.000000
3152.0 1.000000 0.930853 0.673280 0.092948 0.015279 0.002809 0.000557 0.000116 0.000025 0.000006 0.000001 0.000000
3153.0 1.000000 0.930775 0.676162 0.093227 0.015308 0.002812 0.000557 0.000116 0.000025 0.000006 0.000001 0.000000
3154.0 1.000000 0.930697 0.679059 0.093507 0.015338 0.002815 0.000557 0.000116 0.000025 0.000006 0.000001 0.000000
3155.0 1.000000 0.930618 0.681972 0.093789 0.015367 0.002817 0.000557 0.000116 0.000025 0.000006 0.000001 0.000000
3156.0 1.000000 0.930540 0.684901 0.094071 0.015397 0.002820 0.000557 0.000116 0.000025 0.000006 0.000001 0.000000
3157.0 1.000000 0.930461 0.687845 0.094355 0.015427 0.002823 0.000557 0.000116 0.000025 0.000006 0.000001 0.000000
3158.0 1.000000 0.930382 0.690806 0.094641 0.015456 0.002826 0.000557 0.000116 0.000025 0.000006 0.000001 0.000000
3159.0 1.000000 0.930304 0.693782 0.094927 0.015486 0.002828 0.000557 0.000116 0.000025 0.000006 0.000001 0.000000
3160.0 1.000000 0.930225 0.696774 0.095215 0.015516 0.002831 0.000557 0.000116 0.000025 0.000006 0.000001 0.000000
3161.0 1.000000 0.930146 0.699782 0.095504 0.015547 0.002834 0.000557 0.000116 0.000025 0.000006 0.000001 0.000000
3162.0 1.000000 0.930067 0.702806 0.095794 0.015577 0.002837 0.000557 0.000115 0.000025 0.000005 0.000001 0.000000
3163.0 1.000000 0.929988 0.705847 0.096085 0.015607 0.002839 0.000557 0.000115 0.000025 0.000005 0.000001 0.000000
3164.0 1.000000 0.929909 0.708904 0.096378 0.015638 0.002842 0.000557 0.000115 0.000025 0.000005 0.000001 0.000000
3165.0 1.000000 0.929830 0.711978 0.096672 0.015669 0.002845 0.000558 0.000115 0.000025 0.000005 0.000001 0.000000
3166.0 1.000000 0.929751 0.715067 0.096967 0.015699 0.002848 0.000558 0.000115 0.000025 0.000005 0.000001 0.000000
3167.0 1.000000 0.929672 0.718174 0.097263 0.015730 0.002851 0.000558 0.000115 0.000025 0.000005 0.000001 0.000000
3168.0 1.000000 0.929593 0.721299 0.097561 0.015761 0.002854 0.000558 0.000115 0.000025 0.000005 0.000001 0.000000
3169.0 1.000000 0.929514 0.724439 0.097860 0.015792 0.002856 0.000558 0.000115 0.000025 0.000005 0.000001 0.000000
3170.0 1.000000 0.929434 0.727596 0.098161 0.015824 0.002859 0.000558 0.000115 0.000025 0.000005 0.000001 0.000000
3171.0 1.000000 0.929355 0.730772 0.098463 0.015855 0.002862 0.000558 0.000115 0.000024 0.000005 0.000001 0.000000
3172.0 1.000000 0.929275 0.733964 0.098766 0.015886 0.002865 0.000558 0.000115 0.000024 0.000005 0.000001 0.000000
3173.0 1.000000 0.929196 0.737173 0.099070 0.015918 0.002868 0.000558 0.000115 0.000024 0.000005 0.000001 0.000000
3174.0 1.000000 0.929116 0.740400 0.099376 0.015950 0.002871 0.000558 0.000114 0.000024 0.000005 0.000001 0.000000
3175.0 1.000000 0.929036 0.743644 0.099683 0.015981 0.002874 0.000558 0.000114 0.000024 0.000005 0.000001 0.000000
3176.0 1.000000 0.928957 0.746907 0.099992 0.016013 0.002877 0.000558 0.000114 0.000024 0.000005 0.000001 0.000000
3177.0 1.000000 0.928877 0.750185 0.100301 0.016045 0.002880 0.000558 0.000114 0.000024 0.000005 0.000001 0.000000
3178.0 1.000000 0.928797 0.753483 0.100613 0.016078 0.002883 0.000558 0.000114 0.000024 0.000005 0.000001 0.000000
3179.0 1.000000 0.928717 0.756799 0.100925 0.016110 0.002886 0.000559 0.000114 0.000024 0.000005 0.000001 0.000000
3180.0 1.000000 0.928637 0.760132 0.101239 0.016142 0.002889 0.000559 0.000114 0.000024 0.000005 0.000001 0.000000
3181.0 1.000000 0.928557 0.763484 0.101554 0.016175 0.002892 0.000559 0.000114 0.000024 0.000005 0.000001 0.000000
3182.0 1.000000 0.928477 0.766854 0.101871 0.016208 0.002895 0.000559 0.000114 0.000024 0.000005 0.000001 0.000000
3183.0 1.000000 0.928397 0.770243 0.102189 0.016240 0.002898 0.000559 0.000114 0.000024 0.000005 0.000001 0.000000
3184.0 1.000000 0.928317 0.773650 0.102508 0.016273 0.002901 0.000559 0.000114 0.000024 0.000005 0.000001 0.000000
3185.0 1.000000 0.928237 0.777075 0.102829 0.016306 0.002904 0.000559 0.000114 0.000024 0.000005 0.000001 0.000000
3186.0 1.000000 0.928156 0.780520 0.103152 0.016340 0.002907 0.000559 0.000114 0.000024 0.000005 0.000001 0.000000
3187.0 1.000000 0.928076 0.783983 0.103475 0.016373 0.002910 0.000559 0.000113 0.000024 0.000005 0.000001 0.000000
3188.0 1.000000 0.927995 0.787466 0.103801 0.016406 0.002913 0.000559 0.000113 0.000024 0.000005 0.000001 0.000000
3189.0 1.000000 0.927915 0.790967 0.104127 0.016440 0.002917 0.000559 0.000113 0.000024 0.000005 0.000001 0.000000
3190.0 1.000000 0.927834 0.794488 0.104455 0.016474 0.002920 0.000560 0.000113 0.000024 0.000005 0.000001 0.000000
3191.0 1.000000 0.927754 0.798028 0.104785 0.016507 0.002923 0.000560 0.000113 0.000024 0.000005 0.000001 0.000000
3192.0 1.000000 0.927673 0.798279 0.105116 0.016541 0.002926 0.000560 0.000113 0.000024 0.000005 0.000001 0.000000
3193.0 1.000000 0.927592 0.798058 0.105448 0.016576 0.002929 0.000560 0.000113 0.000024 0.000005 0.000001 0.000000
3194.0 1.000000 0.927511 0.797836 0.105782 0.016610 0.002932 0.000560 0.000113 0.000024 0.000005 0.000001 0.000000
3195.0 1.000000 0.927430 0.797992 0.106118 0.016644 0.002936 0.000560 0.000113 0.000024 0.000005 0.000001 0.000000
3196.0 1.000000 0.927350 0.798290 0.106454 0.016679 0.002939 0.000560 0.000113 0.000024 0.000005 0.000001 0.000000
3197.0 1.000000 0.927269 0.798530 0.106793 0.016713 0.002942 0.000560 0.000113 0.000024 0.000005 0.000001 0.000000
3198.0 1.000000 0.927187 0.798907 0.107133 0.016748 0.002945 0.000560 0.000113 0.000024 0.000005 0.000001 0.000000
3199.0 1.000000 0.927106 0.799053 0.107474 0.016783 0.002948 0.000561 0.000113 0.000024 0.000005 0.000001 0.000000
3200.0 1.000000 0.927025 0.799752 0.107817 0.016818 0.002952 0.000561 0.000113 0.000023 0.000005 0.000001 0.000000
3201.0 1.000000 0.926944 0.799532 0.108162 0.016853 0.002955 0.000561 0.000112 0.000023 0.000005 0.000001 0.000000
3202.0 1.000000 0.926863 0.799896 0.108508 0.016888 0.002958 0.000561 0.000112 0.000023 0.000005 0.000001 0.000000
3203.0 1.000000 0.926781 0.800369 0.108855 0.016923 0.002962 0.000561 0.000112 0.000023 0.000005 0.000001 0.000000
3204.0 1.000000 0.926700 0.800982 0.109204 0.016959 0.002965 0.000561 0.000112 0.000023 0.000005 0.000001 0.000000
3205.0 1.000000 0.926618 0.800764 0.109555 0.016995 0.002968 0.000561 0.000112 0.000023 0.000005 0.000001 0.000000
3206.0 1.000000 0.926537 0.801556 0.109907 0.017030 0.002972 0.000561 0.000112 0.000023 0.000005 0.000001 0.000000
3207.0 1.000000 0.926455 0.801339 0.110261 0.017066 0.002975 0.000562 0.000112 0.000023 0.000005 0.000001 0.000000
3208.0 1.000000 0.926373 0.802366 0.110616 0.017103 0.002978 0.000562 0.000112 0.000023 0.000005 0.000001 0.000000
3209.0 1.000000 0.926292 0.802150 0.110973 0.017139 0.002982 0.000562 0.000112 0.000023 0.000005 0.000001 0.000000
3210.0 1.000000 0.926210 0.801934 0.111332 0.017175 0.002985 0.000562 0.000112 0.000023 0.000005 0.000001 0.000000
3211.0 1.000000 0.926128 0.803275 0.111692 0.017212 0.002988 0.000562 0.000112 0.000023 0.000005 0.000001 0.000000
3212.0 1.000000 0.926046 0.803060 0.112054 0.017248 0.002992 0.000562 0.000112 0.000023 0.000005 0.000001 0.000000
3213.0 1.000000 0.925964 0.802845 0.112418 0.017285 0.002995 0.000562 0.000112 0.000023 0.000005 0.000001 0.000000
3214.0 1.000000 0.925882 0.804613 0.112783 0.017322 0.002999 0.000563 0.000112 0.000023 0.000005 0.000001 0.000000
3215.0 1.000000 0.925800 0.804400 0.113150 0.017359 0.003002 0.000563 0.000112 0.000023 0.000005 0.000001 0.000000
3216.0 1.000000 0.925718 0.804186 0.113518 0.017396 0.003006 0.000563 0.000111 0.000023 0.000005 0.000001 0.000000
3217.0 1.000000 0.925635 0.803973 0.113888 0.017433 0.003009 0.000563 0.000111 0.000023 0.000005 0.000001 0.000000
3218.0 1.000000 0.925553 0.806341 0.114260 0.017471 0.003013 0.000563 0.000111 0.000023 0.000005 0.000001 0.000000
3219.0 1.000000 0.925471 0.806130 0.114633 0.017509 0.003016 0.000563 0.000111 0.000023 0.000005 0.000001 0.000000
3220.0 1.000000 0.925388 0.805918 0.115008 0.017546 0.003020 0.000563 0.000111 0.000023 0.000005 0.000001 0.000000
3221.0 1.000000 0.925306 0.805707 0.115385 0.017584 0.003023 0.000564 0.000111 0.000023 0.000005 0.000001 0.000000
3222.0 1.000000 0.925223 0.805495 0.115763 0.017622 0.003027 0.000564 0.000111 0.000023 0.000005 0.000001 0.000000
3223.0 1.000000 0.925141 0.805283 0.116143 0.017661 0.003031 0.000564 0.000111 0.000023 0.000005 0.000001 0.000000
3224.0 1.000000 0.925058 0.808523 0.116525 0.017699 0.003034 0.000564 0.000111 0.000023 0.000005 0.000001 0.000000
3225.0 1.000000 0.924975 0.808315 0.116909 0.017737 0.003038 0.000564 0.000111 0.000023 0.000005 0.000001 0.000000
3226.0 1.000000 0.924893 0.808106 0.117295 0.017776 0.003041 0.000564 0.000111 0.000023 0.000005 0.000001 0.000000
3227.0 1.000000 0.924810 0.807897 0.117681 0.017815 0.003045 0.000565 0.000111 0.000023 0.000005 0.000001 0.000000
3228.0 1.000000 0.924727 0.807688 0.118070 0.017854 0.003049 0.000565 0.000111 0.000023 0.000005 0.000001 0.000000
3229.0 1.000000 0.924644 0.807478 0.118461 0.017893 0.003052 0.000565 0.000111 0.000023 0.000005 0.000001 0.000000
3230.0 1.000000 0.924561 0.807269 0.118853 0.017932 0.003056 0.000565 0.000111 0.000023 0.000005 0.000001 0.000000
3231.0 1.000000 0.924478 0.807059 0.119248 0.017972 0.003060 0.000565 0.000111 0.000023 0.000005 0.000001 0.000000
3232.0 1.000000 0.924394 0.811613 0.119644 0.018011 0.003063 0.000565 0.000110 0.000022 0.000005 0.000001 0.000000
3233.0 1.000000 0.924311 0.811407 0.120042 0.018051 0.003067 0.000566 0.000110 0.000022 0.000005 0.000001 0.000000
3234.0 1.000000 0.924228 0.811202 0.120441 0.018091 0.003071 0.000566 0.000110 0.000022 0.000005 0.000001 0.000000
3235.0 1.000000 0.924145 0.810997 0.120843 0.018131 0.003075 0.000566 0.000110 0.000022 0.000005 0.000001 0.000000
3236.0 1.000000 0.924061 0.810791 0.121246 0.018171 0.003078 0.000566 0.000110 0.000022 0.000005 0.000001 0.000000
3237.0 1.000000 0.923978 0.810586 0.121651 0.018211 0.003082 0.000566 0.000110 0.000022 0.000005 0.000001 0.000000
3238.0 1.000000 0.923894 0.810380 0.122058 0.018252 0.003086 0.000567 0.000110 0.000022 0.000005 0.000001 0.000000
3239.0 1.000000 0.923811 0.810174 0.122467 0.018292 0.003090 0.000567 0.000110 0.000022 0.000005 0.000001 0.000000
3240.0 1.000000 0.923727 0.809968 0.122878 0.018333 0.003094 0.000567 0.000110 0.000022 0.000005 0.000001 0.000000
3241.0 1.000000 0.923643 0.809762 0.123290 0.018374 0.003097 0.000567 0.000110 0.000022 0.000005 0.000001 0.000000
3242.0 1.000000 0.923559 0.815868 0.123705 0.018415 0.003101 0.000567 0.000110 0.000022 0.000005 0.000001 0.000000
3243.0 1.000000 0.923476 0.815668 0.124121 0.018456 0.003105 0.000567 0.000110 0.000022 0.000005 0.000001 0.000000
3244.0 1.000000 0.923392 0.815467 0.124540 0.018498 0.003109 0.000568 0.000110 0.000022 0.000005 0.000001 0.000000
3245.0 1.000000 0.923308 0.815267 0.124960 0.018539 0.003113 0.000568 0.000110 0.000022 0.000005 0.000001 0.000000
3246.0 1.000000 0.923224 0.815067 0.125382 0.018581 0.003117 0.000568 0.000110 0.000022 0.000005 0.000001 0.000000
3247.0 1.000000 0.923140 0.814866 0.125806 0.018623 0.003121 0.000568 0.000110 0.000022 0.000005 0.000001 0.000000
3248.0 1.000000 0.923055 0.814665 0.126232 0.018665 0.003125 0.000568 0.000110 0.000022 0.000005 0.000001 0.000000
3249.0 1.000000 0.922971 0.814464 0.126660 0.018707 0.003129 0.000569 0.000110 0.000022 0.000005 0.000001 0.000000
3250.0 1.000000 0.922887 0.814263 0.127090 0.018750 0.003133 0.000569 0.000109 0.000022 0.000005 0.000001 0.000000
3251.0 1.000000 0.922803 0.814062 0.127522 0.018792 0.003137 0.000569 0.000109 0.000022 0.000005 0.000001 0.000000
3252.0 1.000000 0.922718 0.813860 0.127956 0.018835 0.003141 0.000569 0.000109 0.000022 0.000005 0.000001 0.000000
3253.0 1.000000 0.922634 0.813659 0.128392 0.018878 0.003145 0.000570 0.000109 0.000022 0.000005 0.000001 0.000000
3254.0 1.000000 0.922549 0.813457 0.128830 0.018921 0.003149 0.000570 0.000109 0.000022 0.000005 0.000001 0.000000
3255.0 1.000000 0.922465 0.813256 0.129270 0.018964 0.003153 0.000570 0.000109 0.000022 0.000004 0.000001 0.000000
3256.0 1.000000 0.922380 0.813054 0.129712 0.019007 0.003157 0.000570 0.000109 0.000022 0.000004 0.000001 0.000000
3257.0 1.000000 0.922295 0.812852 0.130156 0.019051 0.003161 0.000570 0.000109 0.000022 0.000004 0.000001 0.000000
3258.0 1.000000 0.922210 0.821294 0.130602 0.019095 0.003165 0.000571 0.000109 0.000022 0.000004 0.000001 0.000000
3259.0 1.000000 0.922126 0.821100 0.131050 0.019139 0.003169 0.000571 0.000109 0.000022 0.000004 0.000001 0.000000
3260.0 1.000000 0.922041 0.820907 0.131500 0.019183 0.003173 0.000571 0.000109 0.000022 0.000004 0.000001 0.000000
3261.0 1.000000 0.921956 0.820713 0.131953 0.019227 0.003177 0.000571 0.000109 0.000022 0.000004 0.000001 0.000000
3262.0 1.000000 0.921871 0.820519 0.132407 0.019271 0.003182 0.000571 0.000109 0.000022 0.000004 0.000001 0.000000
3263.0 1.000000 0.921786 0.820325 0.132864 0.019316 0.003186 0.000572 0.000109 0.000022 0.000004 0.000001 0.000000
3264.0 1.000000 0.921700 0.820130 0.133322 0.019361 0.003190 0.000572 0.000109 0.000022 0.000004 0.000001 0.000000
3265.0 1.000000 0.921615 0.819936 0.133783 0.019406 0.003194 0.000572 0.000109 0.000022 0.000004 0.000001 0.000000
3266.0 1.000000 0.921530 0.819741 0.134246 0.019451 0.003198 0.000572 0.000109 0.000022 0.000004 0.000001 0.000000
3267.0 1.000000 0.921445 0.819547 0.134712 0.019496 0.003203 0.000573 0.000109 0.000021 0.000004 0.000001 0.000000
3268.0 1.000000 0.921359 0.819352 0.135179 0.019542 0.003207 0.000573 0.000109 0.000021 0.000004 0.000001 0.000000
3269.0 1.000000 0.921274 0.819157 0.135648 0.019587 0.003211 0.000573 0.000109 0.000021 0.000004 0.000001 0.000000
3270.0 1.000000 0.921188 0.818962 0.136120 0.019633 0.003215 0.000573 0.000108 0.000021 0.000004 0.000001 0.000000
3271.0 1.000000 0.921103 0.818767 0.136594 0.019679 0.003220 0.000574 0.000108 0.000021 0.000004 0.000001 0.000000
3272.0 1.000000 0.921017 0.818572 0.137070 0.019725 0.003224 0.000574 0.000108 0.000021 0.000004 0.000001 0.000000
3273.0 1.000000 0.920931 0.818376 0.137548 0.019772 0.003228 0.000574 0.000108 0.000021 0.000004 0.000001 0.000000
3274.0 1.000000 0.920845 0.818181 0.138029 0.019818 0.003233 0.000574 0.000108 0.000021 0.000004 0.000001 0.000000
3275.0 1.000000 0.920759 0.817985 0.138512 0.019865 0.003237 0.000575 0.000108 0.000021 0.000004 0.000001 0.000000
3276.0 1.000000 0.920674 0.817789 0.138997 0.019912 0.003242 0.000575 0.000108 0.000021 0.000004 0.000001 0.000000
3277.0 1.000000 0.920588 0.817593 0.139484 0.019959 0.003246 0.000575 0.000108 0.000021 0.000004 0.000001 0.000000
3278.0 1.000000 0.920502 0.817397 0.139974 0.020006 0.003250 0.000575 0.000108 0.000021 0.000004 0.000001 0.000000
3279.0 1.000000 0.920416 0.817201 0.140465 0.020054 0.003255 0.000576 0.000108 0.000021 0.000004 0.000001 0.000000
3280.0 1.000000 0.920329 0.817005 0.140960 0.020101 0.003259 0.000576 0.000108 0.000021 0.000004 0.000001 0.000000
3281.0 1.000000 0.920243 0.816808 0.141456 0.020149 0.003264 0.000576 0.000108 0.000021 0.000004 0.000001 0.000000
3282.0 1.000000 0.920157 0.816612 0.141955 0.020197 0.003268 0.000576 0.000108 0.000021 0.000004 0.000001 0.000000
3283.0 1.000000 0.920070 0.828991 0.142457 0.020245 0.003273 0.000577 0.000108 0.000021 0.000004 0.000001 0.000000
3284.0 1.000000 0.919984 0.828807 0.142960 0.020294 0.003277 0.000577 0.000108 0.000021 0.000004 0.000001 0.000000
3285.0 1.000000 0.919898 0.828623 0.143466 0.020342 0.003282 0.000577 0.000108 0.000021 0.000004 0.000001 0.000000
3286.0 1.000000 0.919811 0.828438 0.143974 0.020391 0.003286 0.000578 0.000108 0.000021 0.000004 0.000001 0.000000
3287.0 1.000000 0.919724 0.828254 0.144485 0.020440 0.003291 0.000578 0.000108 0.000021 0.000004 0.000001 0.000000
3288.0 1.000000 0.919638 0.828069 0.144998 0.020489 0.003296 0.000578 0.000108 0.000021 0.000004 0.000001 0.000000
3289.0 1.000000 0.919551 0.827885 0.145514 0.020539 0.003300 0.000578 0.000108 0.000021 0.000004 0.000001 0.000000
3290.0 1.000000 0.919464 0.827700 0.146032 0.020588 0.003305 0.000579 0.000108 0.000021 0.000004 0.000001 0.000000
3291.0 1.000000 0.919377 0.827515 0.146553 0.020638 0.003309 0.000579 0.000108 0.000021 0.000004 0.000001 0.000000
3292.0 1.000000 0.919290 0.827330 0.147075 0.020688 0.003314 0.000579 0.000108 0.000021 0.000004 0.000001 0.000000
3293.0 1.000000 0.919204 0.827145 0.147601 0.020738 0.003319 0.000579 0.000107 0.000021 0.000004 0.000001 0.000000
3294.0 1.000000 0.919116 0.826959 0.148129 0.020788 0.003323 0.000580 0.000107 0.000021 0.000004 0.000001 0.000000
3295.0 1.000000 0.919029 0.826774 0.148659 0.020839 0.003328 0.000580 0.000107 0.000021 0.000004 0.000001 0.000000
3296.0 1.000000 0.918942 0.826589 0.149192 0.020890 0.003333 0.000580 0.000107 0.000021 0.000004 0.000001 0.000000
3297.0 1.000000 0.918855 0.826403 0.149728 0.020941 0.003338 0.000581 0.000107 0.000021 0.000004 0.000001 0.000000
3298.0 1.000000 0.918768 0.826217 0.150266 0.020992 0.003342 0.000581 0.000107 0.000021 0.000004 0.000001 0.000000
3299.0 1.000000 0.918680 0.826031 0.150807 0.021043 0.003347 0.000581 0.000107 0.000021 0.000004 0.000001 0.000000
3300.0 1.000000 0.918593 0.825845 0.151350 0.021095 0.003352 0.000582 0.000107 0.000021 0.000004 0.000001 0.000000
3301.0 1.000000 0.918505 0.825659 0.151896 0.021147 0.003357 0.000582 0.000107 0.000021 0.000004 0.000001 0.000000
3302.0 1.000000 0.918418 0.825473 0.152444 0.021199 0.003362 0.000582 0.000107 0.000021 0.000004 0.000001 0.000000
3303.0 1.000000 0.918330 0.825287 0.152995 0.021251 0.003367 0.000582 0.000107 0.000021 0.000004 0.000001 0.000000
3304.0 1.000000 0.918243 0.825100 0.153548 0.021303 0.003372 0.000583 0.000107 0.000021 0.000004 0.000001 0.000000
3305.0 1.000000 0.918155 0.824914 0.154104 0.021356 0.003376 0.000583 0.000107 0.000021 0.000004 0.000001 0.000000
3306.0 1.000000 0.918067 0.824727 0.154663 0.021408 0.003381 0.000583 0.000107 0.000021 0.000004 0.000001 0.000000
3307.0 1.000000 0.917979 0.824540 0.155225 0.021461 0.003386 0.000584 0.000107 0.000020 0.000004 0.000001 0.000000
3308.0 1.000000 0.917891 0.824353 0.155789 0.021515 0.003391 0.000584 0.000107 0.000020 0.000004 0.000001 0.000000
3309.0 1.000000 0.917803 0.824166 0.156356 0.021568 0.003396 0.000584 0.000107 0.000020 0.000004 0.000001 0.000000
3310.0 1.000000 0.917715 0.823979 0.156926 0.021622 0.003401 0.000585 0.000107 0.000020 0.000004 0.000001 0.000000
3311.0 1.000000 0.917627 0.823791 0.157498 0.021676 0.003406 0.000585 0.000107 0.000020 0.000004 0.000001 0.000000
3312.0 1.000000 0.917539 0.823604 0.158074 0.021730 0.003411 0.000585 0.000107 0.000020 0.000004 0.000001 0.000000
3313.0 1.000000 0.917451 0.823416 0.158652 0.021784 0.003416 0.000586 0.000107 0.000020 0.000004 0.000001 0.000000
3314.0 1.000000 0.917362 0.823229 0.159232 0.021838 0.003421 0.000586 0.000107 0.000020 0.000004 0.000001 0.000000
3315.0 1.000000 0.917274 0.823041 0.159816 0.021893 0.003426 0.000586 0.000107 0.000020 0.000004 0.000001 0.000000
3316.0 1.000000 0.917185 0.822853 0.160402 0.021948 0.003432 0.000587 0.000107 0.000020 0.000004 0.000001 0.000000
3317.0 1.000000 0.917097 0.822665 0.160991 0.022003 0.003437 0.000587 0.000107 0.000020 0.000004 0.000001 0.000000
3318.0 1.000000 0.917008 0.822477 0.161583 0.022059 0.003442 0.000587 0.000107 0.000020 0.000004 0.000001 0.000000
3319.0 1.000000 0.916920 0.822288 0.162178 0.022114 0.003447 0.000588 0.000107 0.000020 0.000004 0.000001 0.000000
3320.0 1.000000 0.916831 0.822100 0.162776 0.022170 0.003452 0.000588 0.000107 0.000020 0.000004 0.000001 0.000000
3321.0 1.000000 0.916742 0.821911 0.163376 0.022226 0.003457 0.000588 0.000107 0.000020 0.000004 0.000001 0.000000
3322.0 1.000000 0.916654 0.821723 0.163980 0.022282 0.003463 0.000589 0.000107 0.000020 0.000004 0.000001 0.000000
3323.0 1.000000 0.916565 0.821534 0.164587 0.022339 0.003468 0.000589 0.000106 0.000020 0.000004 0.000001 0.000000
3324.0 1.000000 0.916476 0.821345 0.165196 0.022396 0.003473 0.000589 0.000106 0.000020 0.000004 0.000001 0.000000
3325.0 1.000000 0.916387 0.839955 0.165808 0.022453 0.003478 0.000590 0.000106 0.000020 0.000004 0.000001 0.000000
3326.0 1.000000 0.916298 0.839785 0.166423 0.022510 0.003484 0.000590 0.000106 0.000020 0.000004 0.000001 0.000000
3327.0 1.000000 0.916209 0.839615 0.167042 0.022567 0.003489 0.000590 0.000106 0.000020 0.000004 0.000001 0.000000
3328.0 1.000000 0.916119 0.839444 0.167663 0.022625 0.003494 0.000591 0.000106 0.000020 0.000004 0.000001 0.000000
3329.0 1.000000 0.916030 0.839273 0.168287 0.022683 0.003500 0.000591 0.000106 0.000020 0.000004 0.000001 0.000000
3330.0 1.000000 0.915941 0.839102 0.168915 0.022741 0.003505 0.000591 0.000106 0.000020 0.000004 0.000001 0.000000
3331.0 1.000000 0.915851 0.838931 0.169545 0.022799 0.003511 0.000592 0.000106 0.000020 0.000004 0.000001 0.000000
3332.0 1.000000 0.915762 0.838760 0.170178 0.022858 0.003516 0.000592 0.000106 0.000020 0.000004 0.000001 0.000000
3333.0 1.000000 0.915672 0.838589 0.170815 0.022917 0.003521 0.000593 0.000106 0.000020 0.000004 0.000001 0.000000
3334.0 1.000000 0.915583 0.838418 0.171454 0.022976 0.003527 0.000593 0.000106 0.000020 0.000004 0.000001 0.000000
3335.0 1.000000 0.915493 0.838246 0.172097 0.023035 0.003532 0.000593 0.000106 0.000020 0.000004 0.000001 0.000000
3336.0 1.000000 0.915403 0.838075 0.172743 0.023095 0.003538 0.000594 0.000106 0.000020 0.000004 0.000001 0.000000
3337.0 1.000000 0.915314 0.837903 0.173392 0.023154 0.003543 0.000594 0.000106 0.000020 0.000004 0.000001 0.000000
3338.0 1.000000 0.915224 0.837731 0.174044 0.023214 0.003549 0.000594 0.000106 0.000020 0.000004 0.000001 0.000000
3339.0 1.000000 0.915134 0.837560 0.174700 0.023275 0.003554 0.000595 0.000106 0.000020 0.000004 0.000001 0.000000
3340.0 1.000000 0.915044 0.837388 0.175358 0.023335 0.003560 0.000595 0.000106 0.000020 0.000004 0.000001 0.000000
3341.0 1.000000 0.914954 0.837215 0.176020 0.023396 0.003566 0.000596 0.000106 0.000020 0.000004 0.000001 0.000000
3342.0 1.000000 0.914864 0.837043 0.176685 0.023457 0.003571 0.000596 0.000106 0.000020 0.000004 0.000001 0.000000
3343.0 1.000000 0.914774 0.836871 0.177353 0.023518 0.003577 0.000596 0.000106 0.000020 0.000004 0.000001 0.000000
3344.0 1.000000 0.914683 0.836699 0.178025 0.023580 0.003583 0.000597 0.000106 0.000020 0.000004 0.000001 0.000000
3345.0 1.000000 0.914593 0.836526 0.178700 0.023641 0.003588 0.000597 0.000106 0.000020 0.000004 0.000001 0.000000
3346.0 1.000000 0.914503 0.836353 0.179378 0.023703 0.003594 0.000597 0.000106 0.000020 0.000004 0.000001 0.000000
3347.0 1.000000 0.914412 0.836181 0.180060 0.023765 0.003600 0.000598 0.000106 0.000020 0.000004 0.000001 0.000000
3348.0 1.000000 0.914322 0.836008 0.180745 0.023828 0.003606 0.000598 0.000106 0.000020 0.000004 0.000001 0.000000
3349.0 1.000000 0.914231 0.835835 0.181433 0.023891 0.003611 0.000599 0.000106 0.000020 0.000004 0.000001 0.000000
3350.0 1.000000 0.914141 0.835662 0.182125 0.023954 0.003617 0.000599 0.000106 0.000020 0.000004 0.000001 0.000000
3351.0 1.000000 0.914050 0.835488 0.182820 0.024017 0.003623 0.000599 0.000106 0.000020 0.000004 0.000001 0.000000
3352.0 1.000000 0.913959 0.835315 0.183518 0.024080 0.003629 0.000600 0.000106 0.000020 0.000004 0.000001 0.000000
3353.0 1.000000 0.913869 0.835142 0.184220 0.024144 0.003635 0.000600 0.000106 0.000019 0.000004 0.000001 0.000000
3354.0 1.000000 0.913778 0.834968 0.184926 0.024208 0.003640 0.000601 0.000106 0.000019 0.000004 0.000001 0.000000
3355.0 1.000000 0.913687 0.834794 0.185635 0.024273 0.003646 0.000601 0.000106 0.000019 0.000004 0.000001 0.000000
3356.0 1.000000 0.913596 0.834621 0.186347 0.024337 0.003652 0.000602 0.000106 0.000019 0.000004 0.000001 0.000000
3357.0 1.000000 0.913505 0.834447 0.187063 0.024402 0.003658 0.000602 0.000106 0.000019 0.000004 0.000001 0.000000
3358.0 1.000000 0.913414 0.834273 0.187782 0.024467 0.003664 0.000602 0.000106 0.000019 0.000004 0.000001 0.000000
3359.0 1.000000 0.913322 0.834098 0.188505 0.024532 0.003670 0.000603 0.000106 0.000019 0.000004 0.000001 0.000000
3360.0 1.000000 0.913231 0.833924 0.189232 0.024598 0.003676 0.000603 0.000106 0.000019 0.000004 0.000001 0.000000
3361.0 1.000000 0.913140 0.833750 0.189962 0.024664 0.003682 0.000604 0.000106 0.000019 0.000004 0.000001 0.000000
3362.0 1.000000 0.913049 0.833575 0.190696 0.024730 0.003688 0.000604 0.000106 0.000019 0.000004 0.000001 0.000000
3363.0 1.000000 0.912957 0.833401 0.191434 0.024796 0.003694 0.000604 0.000106 0.000019 0.000004 0.000001 0.000000
3364.0 1.000000 0.912866 0.833226 0.192175 0.024863 0.003701 0.000605 0.000106 0.000019 0.000004 0.000001 0.000000
3365.0 1.000000 0.912774 0.833051 0.192919 0.024930 0.003707 0.000605 0.000106 0.000019 0.000004 0.000001 0.000000
3366.0 1.000000 0.912682 0.832876 0.193668 0.024997 0.003713 0.000606 0.000105 0.000019 0.000004 0.000001 0.000000
3367.0 1.000000 0.912591 0.832701 0.194420 0.025065 0.003719 0.000606 0.000105 0.000019 0.000004 0.000001 0.000000
3368.0 1.000000 0.912499 0.832526 0.195177 0.025133 0.003725 0.000607 0.000105 0.000019 0.000004 0.000001 0.000000
3369.0 1.000000 0.912407 0.832351 0.195936 0.025201 0.003731 0.000607 0.000105 0.000019 0.000004 0.000001 0.000000
3370.0 1.000000 0.912315 0.832176 0.196700 0.025269 0.003738 0.000608 0.000105 0.000019 0.000004 0.000001 0.000000
3371.0 1.000000 0.912223 0.832000 0.197467 0.025338 0.003744 0.000608 0.000105 0.000019 0.000004 0.000001 0.000000
3372.0 1.000000 0.912131 0.831825 0.198239 0.025407 0.003750 0.000608 0.000105 0.000019 0.000004 0.000001 0.000000
3373.0 1.000000 0.912039 0.831649 0.199014 0.025476 0.003757 0.000609 0.000105 0.000019 0.000004 0.000001 0.000000
3374.0 1.000000 0.911947 0.831473 0.199793 0.025545 0.003763 0.000609 0.000105 0.000019 0.000004 0.000001 0.000000
3375.0 1.000000 0.911855 0.831297 0.200576 0.025615 0.003769 0.000610 0.000105 0.000019 0.000004 0.000001 0.000000
3376.0 1.000000 0.911763 0.831121 0.201363 0.025685 0.003776 0.000610 0.000105 0.000019 0.000004 0.000001 0.000000
3377.0 1.000000 0.911670 0.830945 0.202154 0.025756 0.003782 0.000611 0.000105 0.000019 0.000004 0.000001 0.000000
3378.0 1.000000 0.911578 0.830769 0.202948 0.025826 0.003789 0.000611 0.000105 0.000019 0.000004 0.000001 0.000000
3379.0 1.000000 0.911485 0.830592 0.203747 0.025897 0.003795 0.000612 0.000105 0.000019 0.000004 0.000001 0.000000
3380.0 1.000000 0.911393 0.830416 0.204550 0.025968 0.003801 0.000612 0.000105 0.000019 0.000004 0.000001 0.000000
3381.0 1.000000 0.911300 0.830239 0.205357 0.026040 0.003808 0.000613 0.000105 0.000019 0.000004 0.000001 0.000000
3382.0 1.000000 0.911207 0.830063 0.206167 0.026112 0.003814 0.000613 0.000105 0.000019 0.000004 0.000001 0.000000
3383.0 1.000000 0.911115 0.829886 0.206982 0.026184 0.003821 0.000614 0.000105 0.000019 0.000004 0.000001 0.000000
3384.0 1.000000 0.911022 0.829709 0.207802 0.026256 0.003828 0.000614 0.000105 0.000019 0.000004 0.000001 0.000000
3385.0 1.000000 0.910929 0.829532 0.208625 0.026329 0.003834 0.000615 0.000105 0.000019 0.000004 0.000001 0.000000
3386.0 1.000000 0.910836 0.829355 0.209452 0.026402 0.003841 0.000615 0.000105 0.000019 0.000004 0.000001 0.000000
3387.0 1.000000 0.910743 0.829177 0.210284 0.026475 0.003848 0.000615 0.000105 0.000019 0.000004 0.000001 0.000000
3388.0 1.000000 0.910650 0.829000 0.211119 0.026549 0.003854 0.000616 0.000105 0.000019 0.000003 0.000001 0.000000
3389.0 1.000000 0.910557 0.828822 0.211959 0.026623 0.003861 0.000616 0.000105 0.000019 0.000003 0.000001 0.000000
3390.0 1.000000 0.910464 0.828645 0.212803 0.026697 0.003868 0.000617 0.000105 0.000019 0.000003 0.000001 0.000000
3391.0 1.000000 0.910371 0.828467 0.213652 0.026772 0.003874 0.000617 0.000105 0.000019 0.000003 0.000001 0.000000
3392.0 1.000000 0.910277 0.828289 0.214505 0.026846 0.003881 0.000618 0.000105 0.000019 0.000003 0.000001 0.000000
3393.0 1.000000 0.910184 0.828111 0.215362 0.026922 0.003888 0.000618 0.000105 0.000019 0.000003 0.000001 0.000000
3394.0 1.000000 0.910091 0.827933 0.216223 0.026997 0.003895 0.000619 0.000105 0.000019 0.000003 0.000001 0.000000
3395.0 1.000000 0.909997 0.827755 0.217089 0.027073 0.003902 0.000619 0.000105 0.000019 0.000003 0.000001 0.000000
3396.0 1.000000 0.909903 0.827577 0.217960 0.027149 0.003909 0.000620 0.000105 0.000019 0.000003 0.000001 0.000000
3397.0 1.000000 0.909810 0.827398 0.218834 0.027225 0.003915 0.000620 0.000105 0.000019 0.000003 0.000001 0.000000
3398.0 1.000000 0.909716 0.827220 0.219713 0.027302 0.003922 0.000621 0.000105 0.000019 0.000003 0.000001 0.000000
3399.0 1.000000 0.909622 0.827041 0.220597 0.027379 0.003929 0.000621 0.000105 0.000019 0.000003 0.000001 0.000000
3400.0 1.000000 0.909528 0.826862 0.221485 0.027457 0.003936 0.000622 0.000105 0.000019 0.000003 0.000001 0.000000
3401.0 1.000000 0.909435 0.826684 0.222377 0.027534 0.003943 0.000622 0.000105 0.000019 0.000003 0.000001 0.000000
3402.0 1.000000 0.909341 0.826505 0.223275 0.027612 0.003950 0.000623 0.000105 0.000019 0.000003 0.000001 0.000000
3403.0 1.000000 0.909247 0.826326 0.224176 0.027691 0.003957 0.000624 0.000105 0.000019 0.000003 0.000001 0.000000
3404.0 1.000000 0.909153 0.857543 0.225083 0.027769 0.003964 0.000624 0.000105 0.000019 0.000003 0.000001 0.000000
3405.0 1.000000 0.909058 0.857395 0.225994 0.027848 0.003972 0.000625 0.000105 0.000019 0.000003 0.000001 0.000000
3406.0 1.000000 0.908964 0.857246 0.226909 0.027928 0.003979 0.000625 0.000105 0.000019 0.000003 0.000001 0.000000
3407.0 1.000000 0.908870 0.857098 0.227830 0.028007 0.003986 0.000626 0.000105 0.000019 0.000003 0.000001 0.000000
3408.0 1.000000 0.908776 0.856950 0.228755 0.028088 0.003993 0.000626 0.000105 0.000019 0.000003 0.000001 0.000000
3409.0 1.000000 0.908681 0.856801 0.229685 0.028168 0.004000 0.000627 0.000105 0.000018 0.000003 0.000001 0.000000
3410.0 1.000000 0.908587 0.856652 0.230620 0.028249 0.004008 0.000627 0.000105 0.000018 0.000003 0.000001 0.000000
3411.0 1.000000 0.908492 0.856503 0.231559 0.028330 0.004015 0.000628 0.000105 0.000018 0.000003 0.000001 0.000000
3412.0 1.000000 0.908397 0.856355 0.232503 0.028411 0.004022 0.000628 0.000105 0.000018 0.000003 0.000001 0.000000
3413.0 1.000000 0.908303 0.856206 0.233452 0.028493 0.004029 0.000629 0.000105 0.000018 0.000003 0.000001 0.000000
3414.0 1.000000 0.908208 0.856057 0.234406 0.028575 0.004037 0.000629 0.000105 0.000018 0.000003 0.000001 0.000000
3415.0 1.000000 0.908113 0.855907 0.235365 0.028657 0.004044 0.000630 0.000105 0.000018 0.000003 0.000001 0.000000
3416.0 1.000000 0.908018 0.855758 0.236329 0.028740 0.004052 0.000631 0.000105 0.000018 0.000003 0.000001 0.000000
3417.0 1.000000 0.907924 0.855609 0.237298 0.028823 0.004059 0.000631 0.000105 0.000018 0.000003 0.000001 0.000000
3418.0 1.000000 0.907829 0.855459 0.238272 0.028906 0.004067 0.000632 0.000105 0.000018 0.000003 0.000001 0.000000
3419.0 1.000000 0.907733 0.855310 0.239250 0.028990 0.004074 0.000632 0.000105 0.000018 0.000003 0.000001 0.000000
3420.0 1.000000 0.907638 0.855160 0.240234 0.029074 0.004082 0.000633 0.000105 0.000018 0.000003 0.000001 0.000000
3421.0 1.000000 0.907543 0.855010 0.241223 0.029159 0.004089 0.000633 0.000105 0.000018 0.000003 0.000001 0.000000
3422.0 1.000000 0.907448 0.854860 0.242217 0.029244 0.004097 0.000634 0.000105 0.000018 0.000003 0.000001 0.000000
3423.0 1.000000 0.907353 0.854710 0.243217 0.029329 0.004104 0.000634 0.000105 0.000018 0.000003 0.000001 0.000000
3424.0 1.000000 0.907257 0.854560 0.244221 0.029415 0.004112 0.000635 0.000105 0.000018 0.000003 0.000001 0.000000
3425.0 1.000000 0.907162 0.854410 0.245231 0.029501 0.004120 0.000636 0.000105 0.000018 0.000003 0.000001 0.000000
3426.0 1.000000 0.907066 0.854260 0.246245 0.029587 0.004127 0.000636 0.000105 0.000018 0.000003 0.000001 0.000000
3427.0 1.000000 0.906971 0.854109 0.247266 0.029674 0.004135 0.000637 0.000105 0.000018 0.000003 0.000001 0.000000
3428.0 1.000000 0.906875 0.853959 0.248291 0.029761 0.004143 0.000637 0.000105 0.000018 0.000003 0.000001 0.000000
3429.0 1.000000 0.906779 0.853808 0.249322 0.029848 0.004151 0.000638 0.000105 0.000018 0.000003 0.000001 0.000000
3430.0 1.000000 0.906683 0.853658 0.250358 0.029936 0.004158 0.000639 0.000105 0.000018 0.000003 0.000001 0.000000
3431.0 1.000000 0.906588 0.853507 0.251400 0.030024 0.004166 0.000639 0.000105 0.000018 0.000003 0.000001 0.000000
3432.0 1.000000 0.906492 0.853356 0.252447 0.030113 0.004174 0.000640 0.000105 0.000018 0.000003 0.000001 0.000000
3433.0 1.000000 0.906396 0.853205 0.253499 0.030202 0.004182 0.000640 0.000105 0.000018 0.000003 0.000001 0.000000
3434.0 1.000000 0.906300 0.853054 0.254557 0.030291 0.004190 0.000641 0.000105 0.000018 0.000003 0.000001 0.000000
3435.0 1.000000 0.906204 0.852903 0.255620 0.030381 0.004198 0.000642 0.000105 0.000018 0.000003 0.000001 0.000000
3436.0 1.000000 0.906107 0.852752 0.256689 0.030471 0.004206 0.000642 0.000105 0.000018 0.000003 0.000001 0.000000
3437.0 1.000000 0.906011 0.852601 0.257763 0.030561 0.004214 0.000643 0.000105 0.000018 0.000003 0.000001 0.000000
3438.0 1.000000 0.905915 0.852449 0.258844 0.030652 0.004222 0.000643 0.000105 0.000018 0.000003 0.000001 0.000000
3439.0 1.000000 0.905819 0.852298 0.259930 0.030743 0.004230 0.000644 0.000105 0.000018 0.000003 0.000001 0.000000
3440.0 1.000000 0.905722 0.852146 0.261021 0.030835 0.004238 0.000645 0.000105 0.000018 0.000003 0.000001 0.000000
3441.0 1.000000 0.905626 0.851994 0.262118 0.030927 0.004246 0.000645 0.000105 0.000018 0.000003 0.000001 0.000000
3442.0 1.000000 0.905529 0.851842 0.263221 0.031019 0.004254 0.000646 0.000105 0.000018 0.000003 0.000001 0.000000
3443.0 1.000000 0.905432 0.851690 0.264330 0.031112 0.004263 0.000646 0.000105 0.000018 0.000003 0.000001 0.000000
3444.0 1.000000 0.905336 0.851538 0.265444 0.031205 0.004271 0.000647 0.000105 0.000018 0.000003 0.000001 0.000000
3445.0 1.000000 0.905239 0.851386 0.266565 0.031299 0.004279 0.000648 0.000105 0.000018 0.000003 0.000001 0.000000
3446.0 1.000000 0.905142 0.851234 0.267692 0.031393 0.004287 0.000648 0.000105 0.000018 0.000003 0.000001 0.000000
3447.0 1.000000 0.905045 0.851082 0.268824 0.031487 0.004296 0.000649 0.000105 0.000018 0.000003 0.000001 0.000000
3448.0 1.000000 0.904948 0.850929 0.269962 0.031582 0.004304 0.000650 0.000105 0.000018 0.000003 0.000001 0.000000
3449.0 1.000000 0.904851 0.850777 0.271106 0.031677 0.004312 0.000650 0.000105 0.000018 0.000003 0.000001 0.000000
3450.0 1.000000 0.904754 0.850624 0.272257 0.031773 0.004321 0.000651 0.000105 0.000018 0.000003 0.000001 0.000000
3451.0 1.000000 0.904657 0.850471 0.273413 0.031869 0.004329 0.000651 0.000105 0.000018 0.000003 0.000001 0.000000
3452.0 1.000000 0.904560 0.850319 0.274576 0.031965 0.004338 0.000652 0.000105 0.000018 0.000003 0.000001 0.000000
3453.0 1.000000 0.904463 0.850166 0.275744 0.032062 0.004346 0.000653 0.000105 0.000018 0.000003 0.000001 0.000000
3454.0 1.000000 0.904365 0.850013 0.276919 0.032160 0.004355 0.000653 0.000105 0.000018 0.000003 0.000001 0.000000
3455.0 1.000000 0.904268 0.849860 0.278100 0.032257 0.004363 0.000654 0.000105 0.000018 0.000003 0.000001 0.000000
3456.0 1.000000 0.904170 0.849706 0.279288 0.032355 0.004372 0.000655 0.000105 0.000018 0.000003 0.000001 0.000000
3457.0 1.000000 0.904073 0.849553 0.280481 0.032454 0.004381 0.000655 0.000105 0.000018 0.000003 0.000001 0.000000
3458.0 1.000000 0.903975 0.849400 0.281681 0.032553 0.004389 0.000656 0.000105 0.000018 0.000003 0.000001 0.000000
3459.0 1.000000 0.903877 0.849246 0.282887 0.032652 0.004398 0.000657 0.000105 0.000018 0.000003 0.000001 0.000000
3460.0 1.000000 0.903780 0.849093 0.284100 0.032752 0.004407 0.000657 0.000105 0.000018 0.000003 0.000001 0.000000
3461.0 1.000000 0.903682 0.848939 0.285319 0.032853 0.004415 0.000658 0.000105 0.000018 0.000003 0.000001 0.000000
3462.0 1.000000 0.903584 0.848785 0.286545 0.032953 0.004424 0.000659 0.000105 0.000018 0.000003 0.000001 0.000000
3463.0 1.000000 0.903486 0.848631 0.287777 0.033054 0.004433 0.000659 0.000105 0.000018 0.000003 0.000001 0.000000
3464.0 1.000000 0.903388 0.848477 0.289016 0.033156 0.004442 0.000660 0.000105 0.000018 0.000003 0.000001 0.000000
3465.0 1.000000 0.903290 0.848323 0.290260 0.033258 0.004451 0.000661 0.000105 0.000018 0.000003 0.000001 0.000000
3466.0 1.000000 0.903192 0.848169 0.291513 0.033360 0.004460 0.000661 0.000105 0.000018 0.000003 0.000001 0.000000
3467.0 1.000000 0.903094 0.848015 0.292771 0.033463 0.004469 0.000662 0.000105 0.000018 0.000003 0.000001 0.000000
3468.0 1.000000 0.902995 0.847860 0.294036 0.033567 0.004478 0.000663 0.000105 0.000018 0.000003 0.000001 0.000000
3469.0 1.000000 0.902897 0.847706 0.295309 0.033671 0.004487 0.000664 0.000105 0.000018 0.000003 0.000001 0.000000
3470.0 1.000000 0.902799 0.847551 0.296588 0.033775 0.004496 0.000664 0.000105 0.000018 0.000003 0.000001 0.000000
3471.0 1.000000 0.902700 0.847397 0.297873 0.033880 0.004505 0.000665 0.000106 0.000018 0.000003 0.000001 0.000000
3472.0 1.000000 0.902602 0.847242 0.299166 0.033985 0.004514 0.000666 0.000106 0.000018 0.000003 0.000001 0.000000
3473.0 1.000000 0.902503 0.847087 0.300466 0.034090 0.004523 0.000666 0.000106 0.000018 0.000003 0.000001 0.000000
3474.0 1.000000 0.902404 0.846932 0.301772 0.034196 0.004532 0.000667 0.000106 0.000018 0.000003 0.000001 0.000000
3475.0 1.000000 0.902306 0.846777 0.303086 0.034303 0.004542 0.000668 0.000106 0.000018 0.000003 0.000001 0.000000
3476.0 1.000000 0.902207 0.846622 0.304406 0.034410 0.004551 0.000668 0.000106 0.000018 0.000003 0.000001 0.000000
3477.0 1.000000 0.902108 0.846467 0.305734 0.034518 0.004560 0.000669 0.000106 0.000018 0.000003 0.000001 0.000000
3478.0 1.000000 0.902009 0.846311 0.307069 0.034626 0.004570 0.000670 0.000106 0.000018 0.000003 0.000001 0.000000
3479.0 1.000000 0.901910 0.846156 0.308411 0.034734 0.004579 0.000671 0.000106 0.000018 0.000003 0.000001 0.000000
3480.0 1.000000 0.901811 0.846000 0.309760 0.034843 0.004588 0.000671 0.000106 0.000018 0.000003 0.000001 0.000000
3481.0 1.000000 0.901712 0.845845 0.311116 0.034952 0.004598 0.000672 0.000106 0.000018 0.000003 0.000001 0.000000
3482.0 1.000000 0.901613 0.845689 0.312481 0.035062 0.004607 0.000673 0.000106 0.000017 0.000003 0.000001 0.000000
3483.0 1.000000 0.901513 0.845533 0.313851 0.035173 0.004617 0.000674 0.000106 0.000017 0.000003 0.000001 0.000000
3484.0 1.000000 0.901414 0.845377 0.315230 0.035283 0.004626 0.000674 0.000106 0.000017 0.000003 0.000001 0.000000
3485.0 1.000000 0.901315 0.845221 0.316616 0.035395 0.004636 0.000675 0.000106 0.000017 0.000003 0.000001 0.000000
3486.0 1.000000 0.901215 0.845065 0.318010 0.035507 0.004646 0.000676 0.000106 0.000017 0.000003 0.000001 0.000000
3487.0 1.000000 0.901116 0.844909 0.319411 0.035619 0.004655 0.000677 0.000106 0.000017 0.000003 0.000001 0.000000
3488.0 1.000000 0.901016 0.844752 0.320819 0.035732 0.004665 0.000677 0.000106 0.000017 0.000003 0.000001 0.000000
3489.0 1.000000 0.900916 0.844596 0.322236 0.035845 0.004675 0.000678 0.000106 0.000017 0.000003 0.000001 0.000000
3490.0 1.000000 0.900817 0.844439 0.323660 0.035959 0.004685 0.000679 0.000106 0.000017 0.000003 0.000001 0.000000
3491.0 1.000000 0.900717 0.844283 0.325092 0.036073 0.004694 0.000680 0.000106 0.000017 0.000003 0.000001 0.000000
3492.0 1.000000 0.900617 0.844126 0.326531 0.036188 0.004704 0.000680 0.000106 0.000017 0.000003 0.000001 0.000000
3493.0 1.000000 0.900517 0.843969 0.327978 0.036303 0.004714 0.000681 0.000106 0.000017 0.000003 0.000001 0.000000
3494.0 1.000000 0.900417 0.843812 0.329433 0.036419 0.004724 0.000682 0.000106 0.000017 0.000003 0.000001 0.000000
3495.0 1.000000 0.900317 0.843655 0.330897 0.036535 0.004734 0.000683 0.000106 0.000017 0.000003 0.000001 0.000000
3496.0 1.000000 0.900217 0.843498 0.332368 0.036652 0.004744 0.000683 0.000106 0.000017 0.000003 0.000001 0.000000
3497.0 1.000000 0.900117 0.843341 0.333846 0.036770 0.004754 0.000684 0.000106 0.000017 0.000003 0.000001 0.000000
3498.0 1.000000 0.900017 0.843183 0.335333 0.036887 0.004764 0.000685 0.000106 0.000017 0.000003 0.000001 0.000000
3499.0 1.000000 0.899916 0.843026 0.336829 0.037006 0.004774 0.000686 0.000106 0.000017 0.000003 0.000001 0.000000
3500.0 1.000000 0.899816 0.842869 0.338332 0.037125 0.004784 0.000687 0.000106 0.000017 0.000003 0.000001 0.000000
3501.0 1.000000 0.899715 0.842711 0.339844 0.037244 0.004795 0.000687 0.000106 0.000017 0.000003 0.000001 0.000000
3502.0 1.000000 0.899615 0.842553 0.341364 0.037364 0.004805 0.000688 0.000106 0.000017 0.000003 0.000001 0.000000
3503.0 1.000000 0.899514 0.842395 0.342892 0.037485 0.004815 0.000689 0.000106 0.000017 0.000003 0.000001 0.000000
3504.0 1.000000 0.899414 0.842238 0.344428 0.037606 0.004825 0.000690 0.000106 0.000017 0.000003 0.000001 0.000000
3505.0 1.000000 0.899313 0.842080 0.345973 0.037728 0.004836 0.000690 0.000106 0.000017 0.000003 0.000001 0.000000
3506.0 1.000000 0.899212 0.841921 0.347527 0.037850 0.004846 0.000691 0.000106 0.000017 0.000003 0.000001 0.000000
3507.0 1.000000 0.899111 0.841763 0.349089 0.037972 0.004857 0.000692 0.000106 0.000017 0.000003 0.000001 0.000000
3508.0 1.000000 0.899010 0.841605 0.350659 0.038096 0.004867 0.000693 0.000106 0.000017 0.000003 0.000001 0.000000
3509.0 1.000000 0.898909 0.841447 0.352239 0.038219 0.004878 0.000694 0.000106 0.000017 0.000003 0.000001 0.000000
3510.0 1.000000 0.898808 0.841288 0.353826 0.038344 0.004888 0.000695 0.000106 0.000017 0.000003 0.000001 0.000000
3511.0 1.000000 0.898707 0.841129 0.355423 0.038469 0.004899 0.000695 0.000106 0.000017 0.000003 0.000000 0.000000
3512.0 1.000000 0.898606 0.840971 0.357028 0.038594 0.004909 0.000696 0.000106 0.000017 0.000003 0.000000 0.000000
3513.0 1.000000 0.898505 0.840812 0.358643 0.038720 0.004920 0.000697 0.000106 0.000017 0.000003 0.000000 0.000000
3514.0 1.000000 0.898404 0.840653 0.360265 0.038847 0.004931 0.000698 0.000107 0.000017 0.000003 0.000000 0.000000
3515.0 1.000000 0.898302 0.840494 0.361897 0.038974 0.004941 0.000699 0.000107 0.000017 0.000003 0.000000 0.000000
3516.0 1.000000 0.898201 0.840335 0.363539 0.039102 0.004952 0.000700 0.000107 0.000017 0.000003 0.000000 0.000000
3517.0 1.000000 0.898099 0.840176 0.365189 0.039230 0.004963 0.000700 0.000107 0.000017 0.000003 0.000000 0.000000
3518.0 1.000000 0.897998 0.840016 0.366848 0.039359 0.004974 0.000701 0.000107 0.000017 0.000003 0.000000 0.000000
3519.0 1.000000 0.897896 0.839857 0.368516 0.039488 0.004985 0.000702 0.000107 0.000017 0.000003 0.000000 0.000000
3520.0 1.000000 0.897794 0.839698 0.370195 0.039618 0.004996 0.000703 0.000107 0.000017 0.000003 0.000000 0.000000
3521.0 1.000000 0.897692 0.839538 0.371881 0.039749 0.005007 0.000704 0.000107 0.000017 0.000003 0.000000 0.000000
3522.0 1.000000 0.897591 0.839378 0.373577 0.039880 0.005018 0.000705 0.000107 0.000017 0.000003 0.000000 0.000000
3523.0 1.000000 0.897489 0.839219 0.375283 0.040012 0.005029 0.000705 0.000107 0.000017 0.000003 0.000000 0.000000
3524.0 1.000000 0.897387 0.839059 0.376999 0.040144 0.005040 0.000706 0.000107 0.000017 0.000003 0.000000 0.000000
3525.0 1.000000 0.897285 0.838899 0.378723 0.040277 0.005051 0.000707 0.000107 0.000017 0.000003 0.000000 0.000000
3526.0 1.000000 0.897183 0.838739 0.380457 0.040411 0.005062 0.000708 0.000107 0.000017 0.000003 0.000000 0.000000
3527.0 1.000000 0.897080 0.838579 0.382201 0.040545 0.005074 0.000709 0.000107 0.000017 0.000003 0.000000 0.000000
3528.0 1.000000 0.896978 0.838418 0.383955 0.040680 0.005085 0.000710 0.000107 0.000017 0.000003 0.000000 0.000000
3529.0 1.000000 0.896876 0.838258 0.385718 0.040815 0.005096 0.000711 0.000107 0.000017 0.000003 0.000000 0.000000
3530.0 1.000000 0.896773 0.838097 0.387492 0.040951 0.005108 0.000712 0.000107 0.000017 0.000003 0.000000 0.000000
3531.0 1.000000 0.896671 0.837937 0.389275 0.041088 0.005119 0.000713 0.000107 0.000017 0.000003 0.000000 0.000000
3532.0 1.000000 0.896568 0.837776 0.391068 0.041225 0.005131 0.000713 0.000107 0.000017 0.000003 0.000000 0.000000
3533.0 1.000000 0.896466 0.837615 0.392871 0.041363 0.005142 0.000714 0.000107 0.000017 0.000003 0.000000 0.000000
3534.0 1.000000 0.896363 0.837455 0.394685 0.041502 0.005154 0.000715 0.000107 0.000017 0.000003 0.000000 0.000000
3535.0 1.000000 0.896261 0.837294 0.396508 0.041641 0.005165 0.000716 0.000107 0.000017 0.000003 0.000000 0.000000
3536.0 1.000000 0.896158 0.837133 0.398341 0.041781 0.005177 0.000717 0.000107 0.000017 0.000003 0.000000 0.000000
3537.0 1.000000 0.896055 0.836971 0.400185 0.041921 0.005189 0.000718 0.000107 0.000017 0.000003 0.000000 0.000000
3538.0 1.000000 0.895952 0.836810 0.402039 0.042062 0.005200 0.000719 0.000107 0.000017 0.000003 0.000000 0.000000
3539.0 1.000000 0.895849 0.836649 0.403903 0.042204 0.005212 0.000720 0.000107 0.000017 0.000003 0.000000 0.000000
3540.0 1.000000 0.895746 0.836487 0.405778 0.042346 0.005224 0.000721 0.000107 0.000017 0.000003 0.000000 0.000000
3541.0 1.000000 0.895643 0.836326 0.407663 0.042489 0.005236 0.000722 0.000107 0.000017 0.000003 0.000000 0.000000
3542.0 1.000000 0.895540 0.836164 0.409560 0.042633 0.005248 0.000723 0.000107 0.000017 0.000003 0.000000 0.000000
3543.0 1.000000 0.895436 0.836003 0.411466 0.042777 0.005260 0.000723 0.000108 0.000017 0.000003 0.000000 0.000000
3544.0 1.000000 0.895333 0.835841 0.413384 0.042922 0.005272 0.000724 0.000108 0.000017 0.000003 0.000000 0.000000
3545.0 1.000000 0.895230 0.835679 0.415312 0.043067 0.005284 0.000725 0.000108 0.000017 0.000003 0.000000 0.000000
3546.0 1.000000 0.895126 0.835517 0.417252 0.043214 0.005296 0.000726 0.000108 0.000017 0.000003 0.000000 0.000000
3547.0 1.000000 0.895023 0.835355 0.419202 0.043361 0.005308 0.000727 0.000108 0.000017 0.000003 0.000000 0.000000
3548.0 1.000000 0.894919 0.835192 0.421162 0.043508 0.005320 0.000728 0.000108 0.000017 0.000003 0.000000 0.000000
3549.0 1.000000 0.894816 0.835030 0.423135 0.043657 0.005333 0.000729 0.000108 0.000017 0.000003 0.000000 0.000000
3550.0 1.000000 0.894712 0.834868 0.425118 0.043806 0.005345 0.000730 0.000108 0.000017 0.000003 0.000000 0.000000
3551.0 1.000000 0.894608 0.834705 0.427112 0.043955 0.005357 0.000731 0.000108 0.000017 0.000003 0.000000 0.000000
3552.0 1.000000 0.894504 0.834543 0.429119 0.044106 0.005370 0.000732 0.000108 0.000017 0.000003 0.000000 0.000000
3553.0 1.000000 0.894400 0.834380 0.431136 0.044257 0.005382 0.000733 0.000108 0.000017 0.000003 0.000000 0.000000
3554.0 1.000000 0.894296 0.834217 0.433164 0.044408 0.005394 0.000734 0.000108 0.000017 0.000003 0.000000 0.000000
3555.0 1.000000 0.894192 0.834054 0.435204 0.044561 0.005407 0.000735 0.000108 0.000017 0.000003 0.000000 0.000000
3556.0 1.000000 0.894088 0.833891 0.437256 0.044714 0.005420 0.000736 0.000108 0.000017 0.000003 0.000000 0.000000
3557.0 1.000000 0.893984 0.833728 0.439319 0.044868 0.005432 0.000737 0.000108 0.000017 0.000003 0.000000 0.000000
3558.0 1.000000 0.893880 0.833565 0.441394 0.045022 0.005445 0.000738 0.000108 0.000017 0.000003 0.000000 0.000000
3559.0 1.000000 0.893775 0.833401 0.443481 0.045177 0.005458 0.000739 0.000108 0.000017 0.000003 0.000000 0.000000
3560.0 1.000000 0.893671 0.833238 0.445580 0.045333 0.005470 0.000740 0.000108 0.000017 0.000003 0.000000 0.000000
3561.0 1.000000 0.893567 0.833075 0.447690 0.045490 0.005483 0.000741 0.000108 0.000017 0.000003 0.000000 0.000000
3562.0 1.000000 0.893462 0.832911 0.449812 0.045648 0.005496 0.000742 0.000108 0.000017 0.000003 0.000000 0.000000
3563.0 1.000000 0.893358 0.832747 0.451947 0.045806 0.005509 0.000743 0.000108 0.000017 0.000003 0.000000 0.000000
3564.0 1.000000 0.893253 0.832583 0.454095 0.045965 0.005522 0.000744 0.000108 0.000017 0.000003 0.000000 0.000000
3565.0 1.000000 0.893148 0.832420 0.456254 0.046124 0.005535 0.000745 0.000108 0.000017 0.000003 0.000000 0.000000
3566.0 1.000000 0.893043 0.832256 0.458425 0.046284 0.005548 0.000746 0.000109 0.000017 0.000003 0.000000 0.000000
3567.0 1.000000 0.892939 0.832091 0.460609 0.046446 0.005561 0.000747 0.000109 0.000017 0.000003 0.000000 0.000000
3568.0 1.000000 0.892834 0.831927 0.462805 0.046607 0.005574 0.000748 0.000109 0.000017 0.000003 0.000000 0.000000
3569.0 1.000000 0.892729 0.831763 0.465014 0.046770 0.005588 0.000749 0.000109 0.000017 0.000003 0.000000 0.000000
3570.0 1.000000 0.892624 0.831599 0.467237 0.046933 0.005601 0.000750 0.000109 0.000017 0.000003 0.000000 0.000000
3571.0 1.000000 0.892518 0.831434 0.469471 0.047097 0.005614 0.000751 0.000109 0.000017 0.000003 0.000000 0.000000
3572.0 1.000000 0.892413 0.831270 0.471717 0.047262 0.005628 0.000752 0.000109 0.000017 0.000003 0.000000 0.000000
3573.0 1.000000 0.892308 0.831105 0.473978 0.047428 0.005641 0.000753 0.000109 0.000017 0.000003 0.000000 0.000000
3574.0 1.000000 0.892203 0.830940 0.476251 0.047594 0.005655 0.000754 0.000109 0.000017 0.000003 0.000000 0.000000
3575.0 1.000000 0.892097 0.830775 0.478537 0.047761 0.005668 0.000755 0.000109 0.000017 0.000003 0.000000 0.000000
3576.0 1.000000 0.891992 0.830610 0.480836 0.047929 0.005682 0.000756 0.000109 0.000017 0.000003 0.000000 0.000000
3577.0 1.000000 0.891886 0.830445 0.483149 0.048098 0.005695 0.000757 0.000109 0.000017 0.000003 0.000000 0.000000
3578.0 1.000000 0.891781 0.830280 0.485475 0.048268 0.005709 0.000758 0.000109 0.000017 0.000003 0.000000 0.000000
3579.0 1.000000 0.891675 0.830115 0.487814 0.048438 0.005723 0.000759 0.000109 0.000017 0.000003 0.000000 0.000000
3580.0 1.000000 0.891569 0.829949 0.490166 0.048609 0.005737 0.000760 0.000109 0.000017 0.000003 0.000000 0.000000
3581.0 1.000000 0.891464 0.829784 0.492533 0.048781 0.005751 0.000762 0.000109 0.000017 0.000003 0.000000 0.000000
3582.0 1.000000 0.891358 0.829618 0.494913 0.048954 0.005765 0.000763 0.000109 0.000017 0.000003 0.000000 0.000000
3583.0 1.000000 0.891252 0.829453 0.497306 0.049127 0.005779 0.000764 0.000109 0.000017 0.000003 0.000000 0.000000
3584.0 1.000000 0.891146 0.829287 0.499714 0.049301 0.005793 0.000765 0.000109 0.000017 0.000003 0.000000 0.000000
3585.0 1.000000 0.891040 0.829121 0.502136 0.049477 0.005807 0.000766 0.000110 0.000017 0.000003 0.000000 0.000000
3586.0 1.000000 0.890934 0.828955 0.504571 0.049653 0.005821 0.000767 0.000110 0.000017 0.000003 0.000000 0.000000
3587.0 1.000000 0.890827 0.828789 0.507020 0.049829 0.005835 0.000768 0.000110 0.000017 0.000003 0.000000 0.000000
3588.0 1.000000 0.890721 0.828623 0.509485 0.050007 0.005849 0.000769 0.000110 0.000017 0.000003 0.000000 0.000000
3589.0 1.000000 0.890615 0.828457 0.511962 0.050185 0.005864 0.000770 0.000110 0.000017 0.000003 0.000000 0.000000
3590.0 1.000000 0.890508 0.828290 0.514455 0.050365 0.005878 0.000771 0.000110 0.000017 0.000003 0.000000 0.000000
3591.0 1.000000 0.890402 0.890402 0.516962 0.050545 0.005892 0.000773 0.000110 0.000017 0.000003 0.000000 0.000000
3592.0 1.000000 0.890295 0.890295 0.519484 0.050726 0.005907 0.000774 0.000110 0.000017 0.000003 0.000000 0.000000
3593.0 1.000000 0.890189 0.890189 0.522020 0.050908 0.005921 0.000775 0.000110 0.000017 0.000003 0.000000 0.000000
3594.0 1.000000 0.890082 0.890082 0.524571 0.051091 0.005936 0.000776 0.000110 0.000017 0.000003 0.000000 0.000000
3595.0 1.000000 0.889975 0.889975 0.527137 0.051274 0.005951 0.000777 0.000110 0.000017 0.000003 0.000000 0.000000
3596.0 1.000000 0.889869 0.889869 0.529717 0.051458 0.005965 0.000778 0.000110 0.000017 0.000003 0.000000 0.000000
3597.0 1.000000 0.889762 0.889762 0.532313 0.051644 0.005980 0.000779 0.000110 0.000017 0.000003 0.000000 0.000000
3598.0 1.000000 0.889655 0.889655 0.534924 0.051830 0.005995 0.000780 0.000110 0.000017 0.000003 0.000000 0.000000
3599.0 1.000000 0.889548 0.889548 0.537551 0.052017 0.006010 0.000782 0.000110 0.000017 0.000003 0.000000 0.000000
3600.0 1.000000 0.889441 0.889441 0.540192 0.052205 0.006025 0.000783 0.000110 0.000017 0.000003 0.000000 0.000000
3601.0 1.000000 0.889334 0.889334 0.542850 0.052394 0.006040 0.000784 0.000110 0.000016 0.000003 0.000000 0.000000
3602.0 1.000000 0.889226 0.889226 0.545522 0.052584 0.006055 0.000785 0.000111 0.000016 0.000003 0.000000 0.000000
3603.0 1.000000 0.889119 0.889119 0.548211 0.052774 0.006070 0.000786 0.000111 0.000016 0.000003 0.000000 0.000000
3604.0 1.000000 0.889012 0.889012 0.550914 0.052966 0.006085 0.000787 0.000111 0.000016 0.000003 0.000000 0.000000
3605.0 1.000000 0.888904 0.888904 0.553634 0.053158 0.006100 0.000789 0.000111 0.000016 0.000003 0.000000 0.000000
3606.0 1.000000 0.888797 0.888797 0.556371 0.053352 0.006116 0.000790 0.000111 0.000016 0.000003 0.000000 0.000000
3607.0 1.000000 0.888689 0.888689 0.559123 0.053546 0.006131 0.000791 0.000111 0.000016 0.000003 0.000000 0.000000
3608.0 1.000000 0.888582 0.888582 0.561890 0.053741 0.006147 0.000792 0.000111 0.000016 0.000003 0.000000 0.000000
3609.0 1.000000 0.888474 0.888474 0.564675 0.053937 0.006162 0.000793 0.000111 0.000016 0.000003 0.000000 0.000000
3610.0 1.000000 0.888366 0.888366 0.567475 0.054134 0.006178 0.000795 0.000111 0.000016 0.000003 0.000000 0.000000
3611.0 1.000000 0.888259 0.888259 0.570293 0.054332 0.006193 0.000796 0.000111 0.000016 0.000003 0.000000 0.000000
3612.0 1.000000 0.888151 0.888151 0.573127 0.054531 0.006209 0.000797 0.000111 0.000016 0.000003 0.000000 0.000000
3613.0 1.000000 0.888043 0.888043 0.575978 0.054731 0.006225 0.000798 0.000111 0.000016 0.000003 0.000000 0.000000
3614.0 1.000000 0.887935 0.887935 0.578845 0.054932 0.006240 0.000799 0.000111 0.000016 0.000003 0.000000 0.000000
3615.0 1.000000 0.887827 0.887827 0.581729 0.055134 0.006256 0.000801 0.000111 0.000016 0.000003 0.000000 0.000000
3616.0 1.000000 0.887718 0.887718 0.584630 0.055336 0.006272 0.000802 0.000111 0.000016 0.000003 0.000000 0.000000
3617.0 1.000000 0.887610 0.887610 0.587550 0.055540 0.006288 0.000803 0.000111 0.000016 0.000003 0.000000 0.000000
3618.0 1.000000 0.887502 0.887502 0.590485 0.055745 0.006304 0.000804 0.000112 0.000016 0.000003 0.000000 0.000000
3619.0 1.000000 0.887394 0.887394 0.593439 0.055951 0.006320 0.000806 0.000112 0.000016 0.000003 0.000000 0.000000
3620.0 1.000000 0.887285 0.887285 0.596409 0.056157 0.006336 0.000807 0.000112 0.000016 0.000003 0.000000 0.000000
3621.0 1.000000 0.887177 0.887177 0.599397 0.056365 0.006353 0.000808 0.000112 0.000016 0.000003 0.000000 0.000000
3622.0 1.000000 0.887068 0.887068 0.602404 0.056574 0.006369 0.000809 0.000112 0.000016 0.000003 0.000000 0.000000
3623.0 1.000000 0.886960 0.886960 0.605427 0.056783 0.006385 0.000811 0.000112 0.000016 0.000003 0.000000 0.000000
3624.0 1.000000 0.886851 0.886851 0.608470 0.056994 0.006402 0.000812 0.000112 0.000016 0.000003 0.000000 0.000000
3625.0 1.000000 0.886742 0.886742 0.611530 0.057206 0.006418 0.000813 0.000112 0.000016 0.000003 0.000000 0.000000
3626.0 1.000000 0.886633 0.886633 0.614608 0.057419 0.006435 0.000814 0.000112 0.000016 0.000003 0.000000 0.000000
3627.0 1.000000 0.886524 0.886524 0.617704 0.057632 0.006452 0.000816 0.000112 0.000016 0.000002 0.000000 0.000000
3628.0 1.000000 0.886415 0.886415 0.620820 0.057847 0.006468 0.000817 0.000112 0.000016 0.000002 0.000000 0.000000
3629.0 1.000000 0.886306 0.886306 0.623953 0.058063 0.006485 0.000818 0.000112 0.000016 0.000002 0.000000 0.000000
3630.0 1.000000 0.886197 0.886197 0.627104 0.058280 0.006502 0.000819 0.000112 0.000016 0.000002 0.000000 0.000000
3631.0 1.000000 0.886088 0.886088 0.630277 0.058498 0.006519 0.000821 0.000112 0.000016 0.000002 0.000000 0.000000
3632.0 1.000000 0.885979 0.885979 0.633467 0.058717 0.006536 0.000822 0.000113 0.000016 0.000002 0.000000 0.000000
3633.0 1.000000 0.885870 0.885870 0.636675 0.058937 0.006553 0.000823 0.000113 0.000016 0.000002 0.000000 0.000000
3634.0 1.000000 0.885760 0.885760 0.639903 0.059158 0.006570 0.000825 0.000113 0.000016 0.000002 0.000000 0.000000
3635.0 1.000000 0.885651 0.885651 0.643152 0.059380 0.006587 0.000826 0.000113 0.000016 0.000002 0.000000 0.000000
3636.0 1.000000 0.885541 0.885541 0.646419 0.059603 0.006604 0.000827 0.000113 0.000016 0.000002 0.000000 0.000000
3637.0 1.000000 0.885432 0.885432 0.649705 0.059828 0.006622 0.000829 0.000113 0.000016 0.000002 0.000000 0.000000
3638.0 1.000000 0.885322 0.885322 0.653011 0.060053 0.006639 0.000830 0.000113 0.000016 0.000002 0.000000 0.000000
3639.0 1.000000 0.885212 0.885212 0.656338 0.060280 0.006657 0.000831 0.000113 0.000016 0.000002 0.000000 0.000000
3640.0 1.000000 0.885103 0.885103 0.659684 0.060507 0.006674 0.000833 0.000113 0.000016 0.000002 0.000000 0.000000
3641.0 1.000000 0.884993 0.884993 0.663050 0.060736 0.006692 0.000834 0.000113 0.000016 0.000002 0.000000 0.000000
3642.0 1.000000 0.884883 0.884883 0.666438 0.060966 0.006709 0.000835 0.000113 0.000016 0.000002 0.000000 0.000000
3643.0 1.000000 0.884773 0.884773 0.669844 0.061197 0.006727 0.000837 0.000113 0.000016 0.000002 0.000000 0.000000
3644.0 1.000000 0.884663 0.884663 0.673271 0.061429 0.006745 0.000838 0.000113 0.000016 0.000002 0.000000 0.000000
3645.0 1.000000 0.884553 0.884553 0.676719 0.061662 0.006763 0.000839 0.000113 0.000016 0.000002 0.000000 0.000000
3646.0 1.000000 0.884443 0.884443 0.680188 0.061896 0.006781 0.000841 0.000114 0.000016 0.000002 0.000000 0.000000
3647.0 1.000000 1.000000 0.884332 0.884332 0.062132 0.006799 0.000842 0.000114 0.000016 0.000002 0.000000 0.000000
3648.0 1.000000 1.000000 0.884222 0.683398 0.062368 0.006817 0.000844 0.000114 0.000016 0.000002 0.000000 0.000000
3649.0 1.000000 1.000000 0.884112 0.683118 0.062606 0.006835 0.000845 0.000114 0.000016 0.000002 0.000000 0.000000
3650.0 1.000000 1.000000 0.884001 0.682837 0.062845 0.006853 0.000846 0.000114 0.000016 0.000002 0.000000 0.000000
3651.0 1.000000 1.000000 0.883891 0.682723 0.063085 0.006872 0.000848 0.000114 0.000016 0.000002 0.000000 0.000000
3652.0 1.000000 1.000000 0.883780 0.683055 0.063327 0.006890 0.000849 0.000114 0.000016 0.000002 0.000000 0.000000
3653.0 1.000000 1.000000 0.883669 0.683628 0.063569 0.006909 0.000850 0.000114 0.000016 0.000002 0.000000 0.000000
3654.0 1.000000 1.000000 0.883559 0.684116 0.063813 0.006927 0.000852 0.000114 0.000016 0.000002 0.000000 0.000000
3655.0 1.000000 1.000000 0.883448 0.684304 0.064058 0.006946 0.000853 0.000114 0.000016 0.000002 0.000000 0.000000
3656.0 1.000000 1.000000 0.883337 0.684562 0.064304 0.006964 0.000855 0.000114 0.000016 0.000002 0.000000 0.000000
3657.0 1.000000 1.000000 0.883226 0.684906 0.064551 0.006983 0.000856 0.000114 0.000016 0.000002 0.000000 0.000000
3658.0 1.000000 1.000000 0.883115 0.685354 0.064800 0.007002 0.000858 0.000115 0.000016 0.000002 0.000000 0.000000
3659.0 1.000000 1.000000 0.883004 0.685932 0.065049 0.007021 0.000859 0.000115 0.000016 0.000002 0.000000 0.000000
3660.0 1.000000 1.000000 0.882893 0.686671 0.065300 0.007040 0.000860 0.000115 0.000016 0.000002 0.000000 0.000000
3661.0 1.000000 1.000000 0.882782 0.686394 0.065552 0.007059 0.000862 0.000115 0.000016 0.000002 0.000000 0.000000
3662.0 1.000000 1.000000 0.882670 0.687338 0.065806 0.007078 0.000863 0.000115 0.000016 0.000002 0.000000 0.000000
3663.0 1.000000 1.000000 0.882559 0.687062 0.066061 0.007097 0.000865 0.000115 0.000016 0.000002 0.000000 0.000000
3664.0 1.000000 1.000000 0.882448 0.688270 0.066316 0.007117 0.000866 0.000115 0.000016 0.000002 0.000000 0.000000
3665.0 1.000000 1.000000 0.882336 0.687995 0.066574 0.007136 0.000868 0.000115 0.000016 0.000002 0.000000 0.000000
3666.0 1.000000 1.000000 0.882225 0.689549 0.066832 0.007156 0.000869 0.000115 0.000016 0.000002 0.000000 0.000000
3667.0 1.000000 1.000000 0.882113 0.689274 0.067092 0.007175 0.000871 0.000115 0.000016 0.000002 0.000000 0.000000
3668.0 1.000000 1.000000 0.882001 0.688999 0.067353 0.007195 0.000872 0.000115 0.000016 0.000002 0.000000 0.000000
3669.0 1.000000 1.000000 0.881890 0.691016 0.067615 0.007215 0.000874 0.000115 0.000016 0.000002 0.000000 0.000000
3670.0 1.000000 1.000000 0.881778 0.690743 0.067879 0.007234 0.000875 0.000116 0.000016 0.000002 0.000000 0.000000
3671.0 1.000000 1.000000 0.881666 0.690469 0.068144 0.007254 0.000877 0.000116 0.000016 0.000002 0.000000 0.000000
3672.0 1.000000 1.000000 0.881554 0.690196 0.068410 0.007274 0.000878 0.000116 0.000016 0.000002 0.000000 0.000000
3673.0 1.000000 1.000000 0.881442 0.692846 0.068678 0.007294 0.000880 0.000116 0.000016 0.000002 0.000000 0.000000
3674.0 1.000000 1.000000 0.881330 0.692574 0.068947 0.007314 0.000881 0.000116 0.000016 0.000002 0.000000 0.000000
3675.0 1.000000 1.000000 0.881218 0.692302 0.069217 0.007335 0.000883 0.000116 0.000016 0.000002 0.000000 0.000000
3676.0 1.000000 1.000000 0.881105 0.692030 0.069489 0.007355 0.000884 0.000116 0.000016 0.000002 0.000000 0.000000
3677.0 1.000000 1.000000 0.880993 0.691758 0.069762 0.007375 0.000886 0.000116 0.000016 0.000002 0.000000 0.000000
3678.0 1.000000 1.000000 0.880881 0.695298 0.070036 0.007396 0.000887 0.000116 0.000016 0.000002 0.000000 0.000000
3679.0 1.000000 1.000000 0.880768 0.695029 0.070312 0.007416 0.000889 0.000116 0.000016 0.000002 0.000000 0.000000
3680.0 1.000000 1.000000 0.880656 0.694759 0.070589 0.007437 0.000890 0.000116 0.000016 0.000002 0.000000 0.000000
3681.0 1.000000 1.000000 0.880543 0.694489 0.070867 0.007458 0.000892 0.000117 0.000016 0.000002 0.000000 0.000000
3682.0 1.000000 1.000000 0.880431 0.694219 0.071147 0.007478 0.000894 0.000117 0.000016 0.000002 0.000000 0.000000
3683.0 1.000000 1.000000 0.880318 0.693949 0.071428 0.007499 0.000895 0.000117 0.000016 0.000002 0.000000 0.000000
3684.0 1.000000 1.000000 0.880205 0.698781 0.071711 0.007520 0.000897 0.000117 0.000016 0.000002 0.000000 0.000000
3685.0 1.000000 1.000000 0.880092 0.698514 0.071995 0.007541 0.000898 0.000117 0.000016 0.000002 0.000000 0.000000
3686.0 1.000000 1.000000 0.879979 0.698247 0.072280 0.007563 0.000900 0.000117 0.000016 0.000002 0.000000 0.000000
3687.0 1.000000 1.000000 0.879866 0.697980 0.072567 0.007584 0.000901 0.000117 0.000016 0.000002 0.000000 0.000000
3688.0 1.000000 1.000000 0.879753 0.697713 0.072856 0.007605 0.000903 0.000117 0.000016 0.000002 0.000000 0.000000
3689.0 1.000000 1.000000 0.879640 0.697446 0.073145 0.007626 0.000905 0.000117 0.000016 0.000002 0.000000 0.000000
3690.0 1.000000 1.000000 0.879527 0.697179 0.073437 0.007648 0.000906 0.000117 0.000016 0.000002 0.000000 0.000000
3691.0 1.000000 1.000000 0.879414 0.696912 0.073729 0.007670 0.000908 0.000118 0.000016 0.000002 0.000000 0.000000
3692.0 1.000000 1.000000 0.879301 0.696644 0.074024 0.007691 0.000910 0.000118 0.000016 0.000002 0.000000 0.000000
3693.0 1.000000 1.000000 0.879187 0.703430 0.074319 0.007713 0.000911 0.000118 0.000016 0.000002 0.000000 0.000000
3694.0 1.000000 1.000000 0.879074 0.703168 0.074616 0.007735 0.000913 0.000118 0.000016 0.000002 0.000000 0.000000
3695.0 1.000000 1.000000 0.878960 0.702905 0.074915 0.007757 0.000914 0.000118 0.000016 0.000002 0.000000 0.000000
3696.0 1.000000 1.000000 0.878847 0.702642 0.075215 0.007779 0.000916 0.000118 0.000016 0.000002 0.000000 0.000000
3697.0 1.000000 1.000000 0.878733 0.702379 0.075517 0.007801 0.000918 0.000118 0.000016 0.000002 0.000000 0.000000
3698.0 1.000000 1.000000 0.878619 0.702116 0.075820 0.007823 0.000919 0.000118 0.000016 0.000002 0.000000 0.000000
3699.0 1.000000 1.000000 0.878506 0.701853 0.076125 0.007846 0.000921 0.000118 0.000016 0.000002 0.000000 0.000000
3700.0 1.000000 1.000000 0.878392 0.701590 0.076431 0.007868 0.000923 0.000118 0.000016 0.000002 0.000000 0.000000
3701.0 1.000000 1.000000 0.878278 0.701326 0.076739 0.007890 0.000924 0.000119 0.000016 0.000002 0.000000 0.000000
3702.0 1.000000 1.000000 0.878164 0.701063 0.077048 0.007913 0.000926 0.000119 0.000016 0.000002 0.000000 0.000000
3703.0 1.000000 1.000000 0.878050 0.700799 0.077359 0.007936 0.000928 0.000119 0.000016 0.000002 0.000000 0.000000
3704.0 1.000000 1.000000 0.877936 0.700535 0.077672 0.007959 0.000929 0.000119 0.000016 0.000002 0.000000 0.000000
3705.0 1.000000 1.000000 0.877821 0.709653 0.077986 0.007981 0.000931 0.000119 0.000016 0.000002 0.000000 0.000000
3706.0 1.000000 1.000000 0.877707 0.709395 0.078302 0.008004 0.000933 0.000119 0.000016 0.000002 0.000000 0.000000
3707.0 1.000000 1.000000 0.877593 0.709138 0.078619 0.008027 0.000935 0.000119 0.000016 0.000002 0.000000 0.000000
3708.0 1.000000 1.000000 0.877478 0.708881 0.078938 0.008051 0.000936 0.000119 0.000016 0.000002 0.000000 0.000000
3709.0 1.000000 1.000000 0.877364 0.708623 0.079259 0.008074 0.000938 0.000119 0.000016 0.000002 0.000000 0.000000
3710.0 1.000000 1.000000 0.877249 0.708366 0.079581 0.008097 0.000940 0.000119 0.000016 0.000002 0.000000 0.000000
3711.0 1.000000 1.000000 0.877135 0.708108 0.079904 0.008121 0.000942 0.000120 0.000016 0.000002 0.000000 0.000000
3712.0 1.000000 1.000000 0.877020 0.707850 0.080230 0.008144 0.000943 0.000120 0.000016 0.000002 0.000000 0.000000
3713.0 1.000000 1.000000 0.876905 0.707592 0.080557 0.008168 0.000945 0.000120 0.000016 0.000002 0.000000 0.000000
3714.0 1.000000 1.000000 0.876790 0.707334 0.080886 0.008192 0.000947 0.000120 0.000016 0.000002 0.000000 0.000000
3715.0 1.000000 1.000000 0.876675 0.707076 0.081217 0.008216 0.000949 0.000120 0.000016 0.000002 0.000000 0.000000
3716.0 1.000000 1.000000 0.876561 0.706818 0.081549 0.008240 0.000950 0.000120 0.000016 0.000002 0.000000 0.000000
3717.0 1.000000 1.000000 0.876446 0.706559 0.081883 0.008264 0.000952 0.000120 0.000016 0.000002 0.000000 0.000000
3718.0 1.000000 1.000000 0.876330 0.706301 0.082218 0.008288 0.000954 0.000120 0.000016 0.000002 0.000000 0.000000
3719.0 1.000000 1.000000 0.876215 0.706042 0.082555 0.008312 0.000956 0.000120 0.000016 0.000002 0.000000 0.000000
3720.0 1.000000 1.000000 0.876100 0.705783 0.082894 0.008336 0.000957 0.000121 0.000016 0.000002 0.000000 0.000000
3721.0 1.000000 1.000000 0.875985 0.705525 0.083235 0.008361 0.000959 0.000121 0.000016 0.000002 0.000000 0.000000
3722.0 1.000000 1.000000 0.875869 0.705266 0.083578 0.008385 0.000961 0.000121 0.000016 0.000002 0.000000 0.000000
3723.0 1.000000 1.000000 0.875754 0.717900 0.083922 0.008410 0.000963 0.000121 0.000016 0.000002 0.000000 0.000000
3724.0 1.000000 1.000000 0.875638 0.717650 0.084268 0.008435 0.000965 0.000121 0.000016 0.000002 0.000000 0.000000
3725.0 1.000000 1.000000 0.875523 0.717400 0.084616 0.008460 0.000967 0.000121 0.000016 0.000002 0.000000 0.000000
3726.0 1.000000 1.000000 0.875407 0.717150 0.084966 0.008485 0.000968 0.000121 0.000016 0.000002 0.000000 0.000000
3727.0 1.000000 1.000000 0.875292 0.716900 0.085317 0.008510 0.000970 0.000121 0.000016 0.000002 0.000000 0.000000
3728.0 1.000000 1.000000 0.875176 0.716650 0.085670 0.008535 0.000972 0.000121 0.000016 0.000002 0.000000 0.000000
3729.0 1.000000 1.000000 0.875060 0.716399 0.086025 0.008560 0.000974 0.000122 0.000016 0.000002 0.000000 0.000000
3730.0 1.000000 1.000000 0.874944 0.716149 0.086382 0.008586 0.000976 0.000122 0.000016 0.000002 0.000000 0.000000
3731.0 1.000000 1.000000 0.874828 0.715898 0.086741 0.008611 0.000978 0.000122 0.000016 0.000002 0.000000 0.000000
3732.0 1.000000 1.000000 0.874712 0.715647 0.087102 0.008637 0.000980 0.000122 0.000016 0.000002 0.000000 0.000000
3733.0 1.000000 1.000000 0.874596 0.715397 0.087464 0.008663 0.000981 0.000122 0.000016 0.000002 0.000000 0.000000
3734.0 1.000000 1.000000 0.874480 0.715146 0.087828 0.008689 0.000983 0.000122 0.000016 0.000002 0.000000 0.000000
3735.0 1.000000 1.000000 0.874363 0.714895 0.088194 0.008715 0.000985 0.000122 0.000016 0.000002 0.000000 0.000000
3736.0 1.000000 1.000000 0.874247 0.714644 0.088563 0.008741 0.000987 0.000122 0.000016 0.000002 0.000000 0.000000
3737.0 1.000000 1.000000 0.874131 0.714393 0.088933 0.008767 0.000989 0.000122 0.000016 0.000002 0.000000 0.000000
3738.0 1.000000 1.000000 0.874014 0.714141 0.089305 0.008793 0.000991 0.000123 0.000016 0.000002 0.000000 0.000000
3739.0 1.000000 1.000000 0.873898 0.713890 0.089679 0.008820 0.000993 0.000123 0.000016 0.000002 0.000000 0.000000
3740.0 1.000000 1.000000 0.873781 0.713638 0.090054 0.008846 0.000995 0.000123 0.000016 0.000002 0.000000 0.000000
3741.0 1.000000 1.000000 0.873664 0.713387 0.090432 0.008873 0.000997 0.000123 0.000016 0.000002 0.000000 0.000000
3742.0 1.000000 1.000000 0.873548 0.713135 0.090812 0.008899 0.000999 0.000123 0.000016 0.000002 0.000000 0.000000
3743.0 1.000000 1.000000 0.873431 0.712883 0.091194 0.008926 0.001001 0.000123 0.000016 0.000002 0.000000 0.000000
3744.0 1.000000 1.000000 0.873314 0.712631 0.091577 0.008953 0.001003 0.000123 0.000016 0.000002 0.000000 0.000000
3745.0 1.000000 1.000000 0.873197 0.712379 0.091963 0.008980 0.001005 0.000123 0.000016 0.000002 0.000000 0.000000
3746.0 1.000000 1.000000 0.873080 0.712127 0.092350 0.009008 0.001007 0.000124 0.000016 0.000002 0.000000 0.000000
3747.0 1.000000 1.000000 0.872963 0.711874 0.092740 0.009035 0.001009 0.000124 0.000016 0.000002 0.000000 0.000000
3748.0 1.000000 1.000000 0.872846 0.711622 0.093132 0.009062 0.001011 0.000124 0.000016 0.000002 0.000000 0.000000
3749.0 1.000000 1.000000 0.872729 0.711370 0.093526 0.009090 0.001013 0.000124 0.000016 0.000002 0.000000 0.000000
3750.0 1.000000 1.000000 0.872611 0.711117 0.093922 0.009118 0.001015 0.000124 0.000016 0.000002 0.000000 0.000000
3751.0 1.000000 1.000000 0.872494 0.710864 0.094320 0.009145 0.001017 0.000124 0.000016 0.000002 0.000000 0.000000
3752.0 1.000000 1.000000 0.872377 0.729673 0.094720 0.009173 0.001019 0.000124 0.000016 0.000002 0.000000 0.000000
3753.0 1.000000 1.000000 0.872259 0.729435 0.095122 0.009201 0.001021 0.000124 0.000016 0.000002 0.000000 0.000000
3754.0 1.000000 1.000000 0.872141 0.729196 0.095526 0.009229 0.001023 0.000125 0.000016 0.000002 0.000000 0.000000
3755.0 1.000000 1.000000 0.872024 0.728958 0.095933 0.009258 0.001025 0.000125 0.000016 0.000002 0.000000 0.000000
3756.0 1.000000 1.000000 0.871906 0.728719 0.096341 0.009286 0.001027 0.000125 0.000016 0.000002 0.000000 0.000000
3757.0 1.000000 1.000000 0.871788 0.728480 0.096752 0.009315 0.001029 0.000125 0.000016 0.000002 0.000000 0.000000
3758.0 1.000000 1.000000 0.871671 0.728241 0.097164 0.009343 0.001031 0.000125 0.000016 0.000002 0.000000 0.000000
3759.0 1.000000 1.000000 0.871553 0.728002 0.097580 0.009372 0.001033 0.000125 0.000016 0.000002 0.000000 0.000000
3760.0 1.000000 1.000000 0.871435 0.727763 0.097997 0.009401 0.001035 0.000125 0.000016 0.000002 0.000000 0.000000
3761.0 1.000000 1.000000 0.871317 0.727524 0.098416 0.009430 0.001037 0.000126 0.000016 0.000002 0.000000 0.000000
3762.0 1.000000 1.000000 0.871199 0.727284 0.098837 0.009459 0.001039 0.000126 0.000016 0.000002 0.000000 0.000000
3763.0 1.000000 1.000000 0.871080 0.727045 0.099261 0.009488 0.001042 0.000126 0.000016 0.000002 0.000000 0.000000
3764.0 1.000000 1.000000 0.870962 0.726805 0.099687 0.009518 0.001044 0.000126 0.000016 0.000002 0.000000 0.000000
3765.0 1.000000 1.000000 0.870844 0.726566 0.100115 0.009547 0.001046 0.000126 0.000016 0.000002 0.000000 0.000000
3766.0 1.000000 1.000000 0.870725 0.726326 0.100546 0.009577 0.001048 0.000126 0.000016 0.000002 0.000000 0.000000
3767.0 1.000000 1.000000 0.870607 0.726086 0.100979 0.009607 0.001050 0.000126 0.000016 0.000002 0.000000 0.000000
3768.0 1.000000 1.000000 0.870488 0.725846 0.101414 0.009637 0.001052 0.000126 0.000016 0.000002 0.000000 0.000000
3769.0 1.000000 1.000000 0.870370 0.725606 0.101851 0.009667 0.001054 0.000127 0.000016 0.000002 0.000000 0.000000
3770.0 1.000000 1.000000 0.870251 0.725366 0.102291 0.009697 0.001057 0.000127 0.000016 0.000002 0.000000 0.000000
3771.0 1.000000 1.000000 0.870132 0.725125 0.102733 0.009727 0.001059 0.000127 0.000016 0.000002 0.000000 0.000000
3772.0 1.000000 1.000000 0.870014 0.724885 0.103178 0.009758 0.001061 0.000127 0.000016 0.000002 0.000000 0.000000
3773.0 1.000000 1.000000 0.869895 0.724645 0.103624 0.009788 0.001063 0.000127 0.000016 0.000002 0.000000 0.000000
3774.0 1.000000 1.000000 0.869776 0.724404 0.104074 0.009819 0.001065 0.000127 0.000016 0.000002 0.000000 0.000000
3775.0 1.000000 1.000000 0.869657 0.724163 0.104525 0.009850 0.001067 0.000127 0.000016 0.000002 0.000000 0.000000
3776.0 1.000000 1.000000 0.869538 0.723922 0.104979 0.009881 0.001070 0.000128 0.000016 0.000002 0.000000 0.000000
3777.0 1.000000 1.000000 0.869419 0.723681 0.105435 0.009912 0.001072 0.000128 0.000016 0.000002 0.000000 0.000000
3778.0 1.000000 1.000000 0.869299 0.723440 0.105894 0.009943 0.001074 0.000128 0.000016 0.000002 0.000000 0.000000
3779.0 1.000000 1.000000 0.869180 0.723199 0.106355 0.009974 0.001076 0.000128 0.000016 0.000002 0.000000 0.000000
3780.0 1.000000 1.000000 0.869061 0.722958 0.106819 0.010006 0.001079 0.000128 0.000016 0.000002 0.000000 0.000000
3781.0 1.000000 1.000000 0.868941 0.722717 0.107285 0.010038 0.001081 0.000128 0.000016 0.000002 0.000000 0.000000
3782.0 1.000000 1.000000 0.868822 0.722475 0.107754 0.010069 0.001083 0.000128 0.000016 0.000002 0.000000 0.000000
3783.0 1.000000 1.000000 0.868702 0.722234 0.108225 0.010101 0.001085 0.000129 0.000016 0.000002 0.000000 0.000000
3784.0 1.000000 1.000000 0.868583 0.721992 0.108699 0.010133 0.001088 0.000129 0.000016 0.000002 0.000000 0.000000
3785.0 1.000000 1.000000 0.868463 0.721750 0.109175 0.010166 0.001090 0.000129 0.000016 0.000002 0.000000 0.000000
3786.0 1.000000 1.000000 0.868343 0.721508 0.109654 0.010198 0.001092 0.000129 0.000016 0.000002 0.000000 0.000000
3787.0 1.000000 1.000000 0.868223 0.721266 0.110135 0.010230 0.001095 0.000129 0.000016 0.000002 0.000000 0.000000
3788.0 1.000000 1.000000 0.868103 0.721024 0.110619 0.010263 0.001097 0.000129 0.000016 0.000002 0.000000 0.000000
3789.0 1.000000 1.000000 0.867983 0.720782 0.111106 0.010296 0.001099 0.000129 0.000016 0.000002 0.000000 0.000000
3790.0 1.000000 1.000000 0.867863 0.720540 0.111594 0.010329 0.001102 0.000130 0.000016 0.000002 0.000000 0.000000
3791.0 1.000000 1.000000 0.867743 0.720297 0.112086 0.010362 0.001104 0.000130 0.000016 0.000002 0.000000 0.000000
3792.0 1.000000 1.000000 0.867623 0.720055 0.112581 0.010395 0.001106 0.000130 0.000016 0.000002 0.000000 0.000000
3793.0 1.000000 1.000000 0.867503 0.719812 0.113078 0.010428 0.001109 0.000130 0.000016 0.000002 0.000000 0.000000
3794.0 1.000000 1.000000 0.867383 0.719570 0.113577 0.010462 0.001111 0.000130 0.000016 0.000002 0.000000 0.000000
3795.0 1.000000 1.000000 0.867262 0.719327 0.114080 0.010496 0.001113 0.000130 0.000016 0.000002 0.000000 0.000000
3796.0 1.000000 1.000000 0.867142 0.719084 0.114585 0.010529 0.001116 0.000130 0.000016 0.000002 0.000000 0.000000
3797.0 1.000000 1.000000 0.867021 0.718841 0.115093 0.010563 0.001118 0.000131 0.000016 0.000002 0.000000 0.000000
3798.0 1.000000 1.000000 0.866901 0.718598 0.115604 0.010597 0.001121 0.000131 0.000016 0.000002 0.000000 0.000000
3799.0 1.000000 1.000000 0.866780 0.746735 0.116117 0.010632 0.001123 0.000131 0.000016 0.000002 0.000000 0.000000
3800.0 1.000000 1.000000 0.866659 0.746512 0.116633 0.010666 0.001125 0.000131 0.000016 0.000002 0.000000 0.000000
3801.0 1.000000 1.000000 0.866538 0.746290 0.117152 0.010701 0.001128 0.000131 0.000016 0.000002 0.000000 0.000000
3802.0 1.000000 1.000000 0.866418 0.746068 0.117674 0.010735 0.001130 0.000131 0.000016 0.000002 0.000000 0.000000
3803.0 1.000000 1.000000 0.866297 0.745845 0.118199 0.010770 0.001133 0.000132 0.000016 0.000002 0.000000 0.000000
3804.0 1.000000 1.000000 0.866176 0.745622 0.118726 0.010805 0.001135 0.000132 0.000016 0.000002 0.000000 0.000000
3805.0 1.000000 1.000000 0.866055 0.745400 0.119256 0.010840 0.001138 0.000132 0.000016 0.000002 0.000000 0.000000
3806.0 1.000000 1.000000 0.865933 0.745177 0.119789 0.010876 0.001140 0.000132 0.000016 0.000002 0.000000 0.000000
3807.0 1.000000 1.000000 0.865812 0.744954 0.120325 0.010911 0.001143 0.000132 0.000016 0.000002 0.000000 0.000000
3808.0 1.000000 1.000000 0.865691 0.744731 0.120864 0.010947 0.001145 0.000132 0.000016 0.000002 0.000000 0.000000
3809.0 1.000000 1.000000 0.865570 0.744508 0.121406 0.010983 0.001148 0.000133 0.000016 0.000002 0.000000 0.000000
3810.0 1.000000 1.000000 0.865448 0.744285 0.121951 0.011019 0.001150 0.000133 0.000016 0.000002 0.000000 0.000000
3811.0 1.000000 1.000000 0.865327 0.744061 0.122499 0.011055 0.001153 0.000133 0.000016 0.000002 0.000000 0.000000
3812.0 1.000000 1.000000 0.865205 0.743838 0.123050 0.011091 0.001155 0.000133 0.000016 0.000002 0.000000 0.000000
3813.0 1.000000 1.000000 0.865084 0.743614 0.123603 0.011127 0.001158 0.000133 0.000016 0.000002 0.000000 0.000000
3814.0 1.000000 1.000000 0.864962 0.743391 0.124160 0.011164 0.001160 0.000133 0.000016 0.000002 0.000000 0.000000
3815.0 1.000000 1.000000 0.864840 0.743167 0.124720 0.011201 0.001163 0.000133 0.000016 0.000002 0.000000 0.000000
3816.0 1.000000 1.000000 0.864718 0.742943 0.125283 0.011238 0.001166 0.000134 0.000016 0.000002 0.000000 0.000000
3817.0 1.000000 1.000000 0.864596 0.742719 0.125849 0.011275 0.001168 0.000134 0.000016 0.000002 0.000000 0.000000
3818.0 1.000000 1.000000 0.864474 0.742495 0.126418 0.011312 0.001171 0.000134 0.000016 0.000002 0.000000 0.000000
3819.0 1.000000 1.000000 0.864352 0.742271 0.126990 0.011350 0.001173 0.000134 0.000016 0.000002 0.000000 0.000000
3820.0 1.000000 1.000000 0.864230 0.742047 0.127566 0.011387 0.001176 0.000134 0.000016 0.000002 0.000000 0.000000
3821.0 1.000000 1.000000 0.864108 0.741822 0.128144 0.011425 0.001179 0.000134 0.000016 0.000002 0.000000 0.000000
3822.0 1.000000 1.000000 0.863986 0.741598 0.128725 0.011463 0.001181 0.000135 0.000016 0.000002 0.000000 0.000000
3823.0 1.000000 1.000000 0.863863 0.741373 0.129311 0.011501 0.001184 0.000135 0.000016 0.000002 0.000000 0.000000
3824.0 1.000000 1.000000 0.863741 0.741149 0.129899 0.011539 0.001187 0.000135 0.000016 0.000002 0.000000 0.000000
3825.0 1.000000 1.000000 0.863619 0.740924 0.130490 0.011578 0.001189 0.000135 0.000017 0.000002 0.000000 0.000000
3826.0 1.000000 1.000000 0.863496 0.740699 0.131085 0.011616 0.001192 0.000135 0.000017 0.000002 0.000000 0.000000
3827.0 1.000000 1.000000 0.863374 0.740474 0.131682 0.011655 0.001195 0.000135 0.000017 0.000002 0.000000 0.000000
3828.0 1.000000 1.000000 0.863251 0.740249 0.132283 0.011694 0.001197 0.000136 0.000017 0.000002 0.000000 0.000000
3829.0 1.000000 1.000000 0.863128 0.740024 0.132888 0.011733 0.001200 0.000136 0.000017 0.000002 0.000000 0.000000
3830.0 1.000000 1.000000 0.863005 0.739799 0.133496 0.011773 0.001203 0.000136 0.000017 0.000002 0.000000 0.000000
3831.0 1.000000 1.000000 0.862882 0.739573 0.134107 0.011812 0.001205 0.000136 0.000017 0.000002 0.000000 0.000000
3832.0 1.000000 1.000000 0.862759 0.739348 0.134722 0.011852 0.001208 0.000136 0.000017 0.000002 0.000000 0.000000
3833.0 1.000000 1.000000 0.862637 0.739122 0.135340 0.011892 0.001211 0.000137 0.000017 0.000002 0.000000 0.000000
3834.0 1.000000 1.000000 0.862513 0.738897 0.135961 0.011932 0.001214 0.000137 0.000017 0.000002 0.000000 0.000000
3835.0 1.000000 1.000000 0.862390 0.738671 0.136586 0.011972 0.001216 0.000137 0.000017 0.000002 0.000000 0.000000
3836.0 1.000000 1.000000 0.862267 0.738445 0.137214 0.012012 0.001219 0.000137 0.000017 0.000002 0.000000 0.000000
3837.0 1.000000 1.000000 0.862144 0.738219 0.137845 0.012053 0.001222 0.000137 0.000017 0.000002 0.000000 0.000000
3838.0 1.000000 1.000000 0.862020 0.737993 0.138481 0.012094 0.001225 0.000137 0.000017 0.000002 0.000000 0.000000
3839.0 1.000000 1.000000 0.861897 0.737767 0.139120 0.012135 0.001228 0.000138 0.000017 0.000002 0.000000 0.000000
3840.0 1.000000 1.000000 0.861773 0.737540 0.139762 0.012176 0.001231 0.000138 0.000017 0.000002 0.000000 0.000000
3841.0 1.000000 1.000000 0.861650 0.737314 0.140408 0.012217 0.001233 0.000138 0.000017 0.000002 0.000000 0.000000
3842.0 1.000000 1.000000 0.861526 0.737088 0.141057 0.012259 0.001236 0.000138 0.000017 0.000002 0.000000 0.000000
3843.0 1.000000 1.000000 0.861403 0.736861 0.141710 0.012300 0.001239 0.000138 0.000017 0.000002 0.000000 0.000000
3844.0 1.000000 1.000000 0.861279 0.736634 0.142367 0.012342 0.001242 0.000139 0.000017 0.000002 0.000000 0.000000
3845.0 1.000000 1.000000 0.861155 0.736408 0.143027 0.012384 0.001245 0.000139 0.000017 0.000002 0.000000 0.000000
3846.0 1.000000 1.000000 0.861031 0.736181 0.143691 0.012426 0.001248 0.000139 0.000017 0.000002 0.000000 0.000000
3847.0 1.000000 1.000000 0.860907 0.735954 0.144359 0.012469 0.001251 0.000139 0.000017 0.000002 0.000000 0.000000
3848.0 1.000000 1.000000 0.860783 0.735727 0.145031 0.012512 0.001254 0.000139 0.000017 0.000002 0.000000 0.000000
3849.0 1.000000 1.000000 0.860659 0.735500 0.145706 0.012554 0.001256 0.000139 0.000017 0.000002 0.000000 0.000000
3850.0 1.000000 1.000000 0.860535 0.735272 0.146385 0.012598 0.001259 0.000140 0.000017 0.000002 0.000000 0.000000
3851.0 1.000000 1.000000 0.860411 0.735045 0.147068 0.012641 0.001262 0.000140 0.000017 0.000002 0.000000 0.000000
3852.0 1.000000 1.000000 0.860286 0.734818 0.147755 0.012684 0.001265 0.000140 0.000017 0.000002 0.000000 0.000000
3853.0 1.000000 1.000000 0.860162 0.734590 0.148445 0.012728 0.001268 0.000140 0.000017 0.000002 0.000000 0.000000
3854.0 1.000000 1.000000 0.860037 0.734362 0.149139 0.012772 0.001271 0.000140 0.000017 0.000002 0.000000 0.000000
3855.0 1.000000 1.000000 0.859913 0.734135 0.149837 0.012816 0.001274 0.000141 0.000017 0.000002 0.000000 0.000000
3856.0 1.000000 1.000000 0.859788 0.733907 0.150539 0.012860 0.001277 0.000141 0.000017 0.000002 0.000000 0.000000
3857.0 1.000000 1.000000 0.859664 0.733679 0.151246 0.012904 0.001280 0.000141 0.000017 0.000002 0.000000 0.000000
3858.0 1.000000 1.000000 0.859539 0.733451 0.151956 0.012949 0.001283 0.000141 0.000017 0.000002 0.000000 0.000000
3859.0 1.000000 1.000000 0.859414 0.733222 0.152670 0.012994 0.001286 0.000141 0.000017 0.000002 0.000000 0.000000
3860.0 1.000000 1.000000 0.859289 0.732994 0.153388 0.013039 0.001289 0.000142 0.000017 0.000002 0.000000 0.000000
3861.0 1.000000 1.000000 0.859164 0.732766 0.154110 0.013084 0.001292 0.000142 0.000017 0.000002 0.000000 0.000000
3862.0 1.000000 1.000000 0.859039 0.732537 0.154836 0.013130 0.001296 0.000142 0.000017 0.000002 0.000000 0.000000
3863.0 1.000000 1.000000 0.858914 0.732309 0.155567 0.013176 0.001299 0.000142 0.000017 0.000002 0.000000 0.000000
3864.0 1.000000 1.000000 0.858789 0.732080 0.156301 0.013221 0.001302 0.000142 0.000017 0.000002 0.000000 0.000000
3865.0 1.000000 1.000000 0.858664 0.731852 0.157039 0.013267 0.001305 0.000143 0.000017 0.000002 0.000000 0.000000
3866.0 1.000000 1.000000 0.858538 0.731623 0.157782 0.013314 0.001308 0.000143 0.000017 0.000002 0.000000 0.000000
3867.0 1.000000 1.000000 0.858413 0.731394 0.158529 0.013360 0.001311 0.000143 0.000017 0.000002 0.000000 0.000000
3868.0 1.000000 1.000000 0.858288 0.731165 0.159280 0.013407 0.001314 0.000143 0.000017 0.000002 0.000000 0.000000
3869.0 1.000000 1.000000 0.858162 0.730936 0.160035 0.013454 0.001317 0.000143 0.000017 0.000002 0.000000 0.000000
3870.0 1.000000 1.000000 0.858037 0.730706 0.160795 0.013501 0.001321 0.000144 0.000017 0.000002 0.000000 0.000000
3871.0 1.000000 1.000000 0.857911 0.730477 0.161559 0.013549 0.001324 0.000144 0.000017 0.000002 0.000000 0.000000
3872.0 1.000000 1.000000 0.857785 0.730247 0.162327 0.013596 0.001327 0.000144 0.000017 0.000002 0.000000 0.000000
3873.0 1.000000 1.000000 0.857659 0.730018 0.163100 0.013644 0.001330 0.000144 0.000017 0.000002 0.000000 0.000000
3874.0 1.000000 1.000000 0.857534 0.729788 0.163877 0.013692 0.001333 0.000144 0.000017 0.000002 0.000000 0.000000
3875.0 1.000000 1.000000 0.857408 0.729559 0.164659 0.013741 0.001337 0.000145 0.000017 0.000002 0.000000 0.000000
3876.0 1.000000 1.000000 0.857282 0.729329 0.165445 0.013789 0.001340 0.000145 0.000017 0.000002 0.000000 0.000000
3877.0 1.000000 1.000000 0.857156 0.729099 0.166235 0.013838 0.001343 0.000145 0.000017 0.000002 0.000000 0.000000
3878.0 1.000000 1.000000 0.857030 0.728869 0.167030 0.013887 0.001346 0.000145 0.000017 0.000002 0.000000 0.000000
3879.0 1.000000 1.000000 0.856903 0.728639 0.167829 0.013936 0.001350 0.000145 0.000017 0.000002 0.000000 0.000000
3880.0 1.000000 1.000000 0.856777 0.728408 0.168633 0.013985 0.001353 0.000146 0.000017 0.000002 0.000000 0.000000
3881.0 1.000000 1.000000 0.856651 0.728178 0.169442 0.014035 0.001356 0.000146 0.000017 0.000002 0.000000 0.000000
3882.0 1.000000 1.000000 0.856524 0.727948 0.170255 0.014085 0.001360 0.000146 0.000017 0.000002 0.000000 0.000000
3883.0 1.000000 1.000000 0.856398 0.727717 0.171073 0.014135 0.001363 0.000146 0.000017 0.000002 0.000000 0.000000
3884.0 1.000000 1.000000 0.856271 0.727486 0.171896 0.014185 0.001366 0.000146 0.000017 0.000002 0.000000 0.000000
3885.0 1.000000 1.000000 0.856145 0.727256 0.172723 0.014236 0.001370 0.000147 0.000017 0.000002 0.000000 0.000000
3886.0 1.000000 1.000000 0.856018 0.727025 0.173555 0.014287 0.001373 0.000147 0.000017 0.000002 0.000000 0.000000
3887.0 1.000000 1.000000 0.855891 0.726794 0.174391 0.014338 0.001376 0.000147 0.000017 0.000002 0.000000 0.000000
3888.0 1.000000 1.000000 0.855765 0.726563 0.175233 0.014389 0.001380 0.000147 0.000017 0.000002 0.000000 0.000000
3889.0 1.000000 1.000000 0.855638 0.726332 0.176079 0.014441 0.001383 0.000147 0.000017 0.000002 0.000000 0.000000
3890.0 1.000000 1.000000 0.855511 0.726101 0.176931 0.014492 0.001387 0.000148 0.000017 0.000002 0.000000 0.000000
3891.0 1.000000 1.000000 0.855384 0.773815 0.177787 0.014545 0.001390 0.000148 0.000017 0.000002 0.000000 0.000000
3892.0 1.000000 1.000000 0.855257 0.773619 0.178648 0.014597 0.001394 0.000148 0.000017 0.000002 0.000000 0.000000
3893.0 1.000000 1.000000 0.855129 0.773424 0.179515 0.014649 0.001397 0.000148 0.000017 0.000002 0.000000 0.000000
3894.0 1.000000 1.000000 0.855002 0.773228 0.180386 0.014702 0.001401 0.000149 0.000017 0.000002 0.000000 0.000000
3895.0 1.000000 1.000000 0.854875 0.773033 0.181263 0.014755 0.001404 0.000149 0.000017 0.000002 0.000000 0.000000
3896.0 1.000000 1.000000 0.854748 0.772837 0.182144 0.014808 0.001408 0.000149 0.000017 0.000002 0.000000 0.000000
3897.0 1.000000 1.000000 0.854620 0.772641 0.183031 0.014862 0.001411 0.000149 0.000017 0.000002 0.000000 0.000000
3898.0 1.000000 1.000000 0.854493 0.772445 0.183923 0.014916 0.001415 0.000149 0.000017 0.000002 0.000000 0.000000
3899.0 1.000000 1.000000 0.854365 0.772249 0.184820 0.014970 0.001418 0.000150 0.000017 0.000002 0.000000 0.000000
3900.0 1.000000 1.000000 0.854237 0.772053 0.185721 0.015024 0.001422 0.000150 0.000017 0.000002 0.000000 0.000000
3901.0 1.000000 1.000000 0.854110 0.771857 0.186629 0.015079 0.001425 0.000150 0.000017 0.000002 0.000000 0.000000
3902.0 1.000000 1.000000 0.853982 0.771660 0.187542 0.015134 0.001429 0.000150 0.000017 0.000002 0.000000 0.000000
3903.0 1.000000 1.000000 0.853854 0.771464 0.188460 0.015189 0.001433 0.000151 0.000017 0.000002 0.000000 0.000000
3904.0 1.000000 1.000000 0.853726 0.771268 0.189383 0.015244 0.001436 0.000151 0.000017 0.000002 0.000000 0.000000
3905.0 1.000000 1.000000 0.853598 0.771071 0.190311 0.015300 0.001440 0.000151 0.000017 0.000002 0.000000 0.000000
3906.0 1.000000 1.000000 0.853470 0.770874 0.191244 0.015355 0.001444 0.000151 0.000017 0.000002 0.000000 0.000000
3907.0 1.000000 1.000000 0.853342 0.770678 0.192184 0.015412 0.001447 0.000152 0.000017 0.000002 0.000000 0.000000
3908.0 1.000000 1.000000 0.853214 0.770481 0.193129 0.015468 0.001451 0.000152 0.000017 0.000002 0.000000 0.000000
3909.0 1.000000 1.000000 0.853085 0.770284 0.194079 0.015525 0.001455 0.000152 0.000017 0.000002 0.000000 0.000000
3910.0 1.000000 1.000000 0.852957 0.770087 0.195035 0.015582 0.001458 0.000152 0.000017 0.000002 0.000000 0.000000
3911.0 1.000000 1.000000 0.852829 0.769889 0.195996 0.015639 0.001462 0.000152 0.000017 0.000002 0.000000 0.000000
3912.0 1.000000 1.000000 0.852700 0.769692 0.196963 0.015696 0.001466 0.000153 0.000017 0.000002 0.000000 0.000000
3913.0 1.000000 1.000000 0.852572 0.769495 0.197936 0.015754 0.001470 0.000153 0.000017 0.000002 0.000000 0.000000
3914.0 1.000000 1.000000 0.852443 0.769298 0.198914 0.015812 0.001473 0.000153 0.000017 0.000002 0.000000 0.000000
3915.0 1.000000 1.000000 0.852314 0.769100 0.199898 0.015870 0.001477 0.000153 0.000017 0.000002 0.000000 0.000000
3916.0 1.000000 1.000000 0.852186 0.768902 0.200887 0.015929 0.001481 0.000154 0.000017 0.000002 0.000000 0.000000
3917.0 1.000000 1.000000 0.852057 0.768705 0.201883 0.015988 0.001485 0.000154 0.000017 0.000002 0.000000 0.000000
3918.0 1.000000 1.000000 0.851928 0.768507 0.202885 0.016047 0.001489 0.000154 0.000017 0.000002 0.000000 0.000000
3919.0 1.000000 1.000000 0.851799 0.768309 0.203892 0.016106 0.001492 0.000154 0.000017 0.000002 0.000000 0.000000
3920.0 1.000000 1.000000 0.851670 0.768111 0.204905 0.016166 0.001496 0.000155 0.000017 0.000002 0.000000 0.000000
3921.0 1.000000 1.000000 0.851541 0.767913 0.205924 0.016226 0.001500 0.000155 0.000017 0.000002 0.000000 0.000000
3922.0 1.000000 1.000000 0.851412 0.767715 0.206949 0.016286 0.001504 0.000155 0.000017 0.000002 0.000000 0.000000
3923.0 1.000000 1.000000 0.851282 0.767517 0.207980 0.016347 0.001508 0.000155 0.000017 0.000002 0.000000 0.000000
3924.0 1.000000 1.000000 0.851153 0.767318 0.209017 0.016408 0.001512 0.000156 0.000017 0.000002 0.000000 0.000000
3925.0 1.000000 1.000000 0.851024 0.767120 0.210061 0.016469 0.001516 0.000156 0.000017 0.000002 0.000000 0.000000
3926.0 1.000000 1.000000 0.850894 0.766921 0.211110 0.016530 0.001520 0.000156 0.000017 0.000002 0.000000 0.000000
3927.0 1.000000 1.000000 0.850765 0.766723 0.212166 0.016592 0.001524 0.000156 0.000017 0.000002 0.000000 0.000000
3928.0 1.000000 1.000000 0.850635 0.766524 0.213227 0.016654 0.001528 0.000157 0.000017 0.000002 0.000000 0.000000
3929.0 1.000000 1.000000 0.850506 0.766325 0.214295 0.016716 0.001532 0.000157 0.000017 0.000002 0.000000 0.000000
3930.0 1.000000 1.000000 0.850376 0.766126 0.215369 0.016779 0.001536 0.000157 0.000017 0.000002 0.000000 0.000000
3931.0 1.000000 1.000000 0.850246 0.765927 0.216450 0.016842 0.001540 0.000157 0.000017 0.000002 0.000000 0.000000
3932.0 1.000000 1.000000 0.850116 0.765728 0.217537 0.016905 0.001544 0.000158 0.000017 0.000002 0.000000 0.000000
3933.0 1.000000 1.000000 0.849986 0.765529 0.218630 0.016969 0.001548 0.000158 0.000017 0.000002 0.000000 0.000000
3934.0 1.000000 1.000000 0.849856 0.765330 0.219730 0.017033 0.001552 0.000158 0.000017 0.000002 0.000000 0.000000
3935.0 1.000000 1.000000 0.849726 0.765131 0.220837 0.017097 0.001556 0.000158 0.000017 0.000002 0.000000 0.000000
3936.0 1.000000 1.000000 0.849596 0.764931 0.221950 0.017161 0.001560 0.000159 0.000017 0.000002 0.000000 0.000000
3937.0 1.000000 1.000000 0.849466 0.764732 0.223069 0.017226 0.001564 0.000159 0.000017 0.000002 0.000000 0.000000
3938.0 1.000000 1.000000 0.849335 0.764532 0.224196 0.017291 0.001569 0.000159 0.000017 0.000002 0.000000 0.000000
3939.0 1.000000 1.000000 0.849205 0.764332 0.225328 0.017357 0.001573 0.000159 0.000017 0.000002 0.000000 0.000000
3940.0 1.000000 1.000000 0.849075 0.764132 0.226467 0.017422 0.001577 0.000160 0.000018 0.000002 0.000000 0.000000
3941.0 1.000000 1.000000 0.848944 0.763932 0.227614 0.017488 0.001581 0.000160 0.000018 0.000002 0.000000 0.000000
3942.0 1.000000 1.000000 0.848814 0.763732 0.228767 0.017555 0.001585 0.000160 0.000018 0.000002 0.000000 0.000000
3943.0 1.000000 1.000000 0.848683 0.763532 0.229927 0.017621 0.001590 0.000160 0.000018 0.000002 0.000000 0.000000
3944.0 1.000000 1.000000 0.848552 0.763332 0.231094 0.017688 0.001594 0.000161 0.000018 0.000002 0.000000 0.000000
3945.0 1.000000 1.000000 0.848422 0.763132 0.232268 0.017756 0.001598 0.000161 0.000018 0.000002 0.000000 0.000000
3946.0 1.000000 1.000000 0.848291 0.762932 0.233449 0.017823 0.001602 0.000161 0.000018 0.000002 0.000000 0.000000
3947.0 1.000000 1.000000 0.848160 0.762731 0.234637 0.017891 0.001607 0.000162 0.000018 0.000002 0.000000 0.000000
3948.0 1.000000 1.000000 0.848029 0.762531 0.235832 0.017960 0.001611 0.000162 0.000018 0.000002 0.000000 0.000000
3949.0 1.000000 1.000000 0.847898 0.762330 0.237034 0.018028 0.001615 0.000162 0.000018 0.000002 0.000000 0.000000
3950.0 1.000000 1.000000 0.847767 0.762129 0.238243 0.018097 0.001620 0.000162 0.000018 0.000002 0.000000 0.000000
3951.0 1.000000 1.000000 0.847636 0.761928 0.239459 0.018166 0.001624 0.000163 0.000018 0.000002 0.000000 0.000000
3952.0 1.000000 1.000000 0.847504 0.761728 0.240683 0.018236 0.001629 0.000163 0.000018 0.000002 0.000000 0.000000
3953.0 1.000000 1.000000 0.847373 0.761527 0.241915 0.018306 0.001633 0.000163 0.000018 0.000002 0.000000 0.000000
3954.0 1.000000 1.000000 0.847242 0.761325 0.243153 0.018376 0.001637 0.000163 0.000018 0.000002 0.000000 0.000000
3955.0 1.000000 1.000000 0.847110 0.761124 0.244399 0.018447 0.001642 0.000164 0.000018 0.000002 0.000000 0.000000
3956.0 1.000000 1.000000 0.846979 0.760923 0.245653 0.018518 0.001646 0.000164 0.000018 0.000002 0.000000 0.000000
3957.0 1.000000 1.000000 0.846847 0.760722 0.246913 0.018590 0.001651 0.000164 0.000018 0.000002 0.000000 0.000000
3958.0 1.000000 1.000000 0.846715 0.760520 0.248182 0.018661 0.001655 0.000165 0.000018 0.000002 0.000000 0.000000
3959.0 1.000000 1.000000 0.846584 0.760319 0.249458 0.018733 0.001660 0.000165 0.000018 0.000002 0.000000 0.000000
3960.0 1.000000 1.000000 0.846452 0.760117 0.250742 0.018806 0.001664 0.000165 0.000018 0.000002 0.000000 0.000000
3961.0 1.000000 1.000000 0.846320 0.759915 0.252033 0.018879 0.001669 0.000165 0.000018 0.000002 0.000000 0.000000
3962.0 1.000000 1.000000 0.846188 0.759713 0.253333 0.018952 0.001674 0.000166 0.000018 0.000002 0.000000 0.000000
3963.0 1.000000 1.000000 0.846056 0.759512 0.254640 0.019025 0.001678 0.000166 0.000018 0.000002 0.000000 0.000000
3964.0 1.000000 1.000000 0.845924 0.759310 0.255955 0.019099 0.001683 0.000166 0.000018 0.000002 0.000000 0.000000
3965.0 1.000000 1.000000 0.845792 0.759107 0.257278 0.019173 0.001687 0.000167 0.000018 0.000002 0.000000 0.000000
3966.0 1.000000 1.000000 0.845659 0.758905 0.258608 0.019248 0.001692 0.000167 0.000018 0.000002 0.000000 0.000000
3967.0 1.000000 1.000000 0.845527 0.758703 0.259948 0.019323 0.001697 0.000167 0.000018 0.000002 0.000000 0.000000
3968.0 1.000000 1.000000 0.845395 0.758501 0.261295 0.019398 0.001701 0.000167 0.000018 0.000002 0.000000 0.000000
3969.0 1.000000 1.000000 0.845262 0.758298 0.262650 0.019474 0.001706 0.000168 0.000018 0.000002 0.000000 0.000000
3970.0 1.000000 1.000000 0.845130 0.758096 0.264013 0.019550 0.001711 0.000168 0.000018 0.000002 0.000000 0.000000
3971.0 1.000000 1.000000 0.844997 0.757893 0.265385 0.019626 0.001716 0.000168 0.000018 0.000002 0.000000 0.000000
3972.0 1.000000 1.000000 0.844865 0.757690 0.266765 0.019703 0.001720 0.000169 0.000018 0.000002 0.000000 0.000000
3973.0 1.000000 1.000000 0.844732 0.757487 0.268153 0.019780 0.001725 0.000169 0.000018 0.000002 0.000000 0.000000
3974.0 1.000000 1.000000 0.844599 0.757285 0.269550 0.019858 0.001730 0.000169 0.000018 0.000002 0.000000 0.000000
3975.0 1.000000 1.000000 0.844466 0.757082 0.270956 0.019936 0.001735 0.000169 0.000018 0.000002 0.000000 0.000000
3976.0 1.000000 1.000000 0.844333 0.756878 0.272370 0.020014 0.001740 0.000170 0.000018 0.000002 0.000000 0.000000
3977.0 1.000000 1.000000 0.844200 0.756675 0.273791 0.020093 0.001744 0.000170 0.000018 0.000002 0.000000 0.000000
3978.0 1.000000 1.000000 0.844067 0.756472 0.275223 0.020172 0.001749 0.000170 0.000018 0.000002 0.000000 0.000000
3979.0 1.000000 1.000000 0.843934 0.756269 0.276662 0.020252 0.001754 0.000171 0.000018 0.000002 0.000000 0.000000
3980.0 1.000000 1.000000 0.843801 0.756065 0.278111 0.020332 0.001759 0.000171 0.000018 0.000002 0.000000 0.000000
3981.0 1.000000 1.000000 0.843668 0.755862 0.279568 0.020412 0.001764 0.000171 0.000018 0.000002 0.000000 0.000000
3982.0 1.000000 1.000000 0.843534 0.755658 0.281035 0.020493 0.001769 0.000172 0.000018 0.000002 0.000000 0.000000
3983.0 1.000000 1.000000 0.843401 0.755454 0.282510 0.020574 0.001774 0.000172 0.000018 0.000002 0.000000 0.000000
3984.0 1.000000 1.000000 0.843268 0.755251 0.283995 0.020655 0.001779 0.000172 0.000018 0.000002 0.000000 0.000000
3985.0 1.000000 1.000000 0.843134 0.755047 0.285487 0.020737 0.001784 0.000173 0.000018 0.000002 0.000000 0.000000
3986.0 1.000000 1.000000 0.843000 0.754843 0.286990 0.020820 0.001789 0.000173 0.000018 0.000002 0.000000 0.000000
3987.0 1.000000 1.000000 0.842867 0.754639 0.288501 0.020902 0.001794 0.000173 0.000018 0.000002 0.000000 0.000000
3988.0 1.000000 1.000000 0.842733 0.754434 0.290022 0.020986 0.001799 0.000173 0.000018 0.000002 0.000000 0.000000
3989.0 1.000000 1.000000 0.842599 0.754230 0.291553 0.021069 0.001804 0.000174 0.000018 0.000002 0.000000 0.000000
3990.0 1.000000 1.000000 0.842465 0.754026 0.293093 0.021153 0.001810 0.000174 0.000018 0.000002 0.000000 0.000000
3991.0 1.000000 1.000000 0.842331 0.753821 0.294641 0.021238 0.001815 0.000174 0.000018 0.000002 0.000000 0.000000
3992.0 1.000000 1.000000 0.842197 0.753617 0.296200 0.021322 0.001820 0.000175 0.000018 0.000002 0.000000 0.000000
3993.0 1.000000 1.000000 0.842063 0.753412 0.297768 0.021408 0.001825 0.000175 0.000018 0.000002 0.000000 0.000000
3994.0 1.000000 1.000000 0.841929 0.753207 0.299345 0.021493 0.001830 0.000175 0.000018 0.000002 0.000000 0.000000
3995.0 1.000000 1.000000 0.841795 0.753003 0.300934 0.021579 0.001836 0.000176 0.000018 0.000002 0.000000 0.000000
3996.0 1.000000 1.000000 0.841661 0.752798 0.302531 0.021666 0.001841 0.000176 0.000018 0.000002 0.000000 0.000000
3997.0 1.000000 1.000000 0.841526 0.752593 0.304138 0.021753 0.001846 0.000176 0.000018 0.000002 0.000000 0.000000
3998.0 1.000000 1.000000 0.841392 0.752388 0.305755 0.021840 0.001851 0.000177 0.000018 0.000002 0.000000 0.000000
3999.0 1.000000 1.000000 0.841257 0.752182 0.307382 0.021928 0.001857 0.000177 0.000018 0.000002 0.000000 0.000000
4000.0 1.000000 1.000000 0.841123 0.751977 0.309018 0.022017 0.001862 0.000177 0.000018 0.000002 0.000000 0.000000
4001.0 1.000000 1.000000 0.840988 0.751772 0.310666 0.022105 0.001868 0.000178 0.000018 0.000002 0.000000 0.000000
4002.0 1.000000 1.000000 0.840853 0.751566 0.312322 0.022194 0.001873 0.000178 0.000018 0.000002 0.000000 0.000000
4003.0 1.000000 1.000000 0.840718 0.751361 0.313991 0.022284 0.001878 0.000178 0.000018 0.000002 0.000000 0.000000
4004.0 1.000000 1.000000 0.840584 0.751155 0.315669 0.022374 0.001884 0.000179 0.000018 0.000002 0.000000 0.000000
4005.0 1.000000 1.000000 0.840449 0.750950 0.317357 0.022465 0.001889 0.000179 0.000018 0.000002 0.000000 0.000000
4006.0 1.000000 1.000000 0.840314 0.750744 0.319056 0.022556 0.001895 0.000179 0.000018 0.000002 0.000000 0.000000
4007.0 1.000000 1.000000 0.840179 0.750538 0.320765 0.022647 0.001900 0.000180 0.000018 0.000002 0.000000 0.000000
4008.0 1.000000 1.000000 0.840043 0.750332 0.322485 0.022739 0.001906 0.000180 0.000018 0.000002 0.000000 0.000000
4009.0 1.000000 1.000000 0.839908 0.750126 0.324215 0.022832 0.001911 0.000180 0.000019 0.000002 0.000000 0.000000
4010.0 1.000000 1.000000 0.839773 0.749920 0.325957 0.022925 0.001917 0.000181 0.000019 0.000002 0.000000 0.000000
4011.0 1.000000 1.000000 0.839638 0.749714 0.327709 0.023018 0.001923 0.000181 0.000019 0.000002 0.000000 0.000000
4012.0 1.000000 1.000000 0.839502 0.749507 0.329472 0.023112 0.001928 0.000181 0.000019 0.000002 0.000000 0.000000
4013.0 1.000000 1.000000 0.839367 0.749301 0.331246 0.023206 0.001934 0.000182 0.000019 0.000002 0.000000 0.000000
4014.0 1.000000 1.000000 0.839231 0.749094 0.333031 0.023301 0.001939 0.000182 0.000019 0.000002 0.000000 0.000000
4015.0 1.000000 1.000000 0.839096 0.748888 0.334826 0.023396 0.001945 0.000182 0.000019 0.000002 0.000000 0.000000
4016.0 1.000000 1.000000 0.838960 0.748681 0.336635 0.023492 0.001951 0.000183 0.000019 0.000002 0.000000 0.000000
4017.0 1.000000 1.000000 0.838824 0.748474 0.338454 0.023588 0.001957 0.000183 0.000019 0.000002 0.000000 0.000000
4018.0 1.000000 1.000000 0.838688 0.748267 0.340283 0.023685 0.001962 0.000183 0.000019 0.000002 0.000000 0.000000
4019.0 1.000000 1.000000 0.838552 0.748061 0.342125 0.023782 0.001968 0.000184 0.000019 0.000002 0.000000 0.000000
4020.0 1.000000 1.000000 0.838417 0.747854 0.343978 0.023880 0.001974 0.000184 0.000019 0.000002 0.000000 0.000000
4021.0 1.000000 1.000000 0.838280 0.747646 0.345842 0.023978 0.001980 0.000184 0.000019 0.000002 0.000000 0.000000
4022.0 1.000000 1.000000 0.838144 0.747439 0.347718 0.024076 0.001986 0.000185 0.000019 0.000002 0.000000 0.000000
4023.0 1.000000 1.000000 0.838008 0.747232 0.349606 0.024176 0.001992 0.000185 0.000019 0.000002 0.000000 0.000000
4024.0 1.000000 1.000000 0.837872 0.747024 0.351507 0.024275 0.001998 0.000185 0.000019 0.000002 0.000000 0.000000
4025.0 1.000000 1.000000 0.837736 0.746817 0.353418 0.024376 0.002004 0.000186 0.000019 0.000002 0.000000 0.000000
4026.0 1.000000 1.000000 0.837599 0.746609 0.355341 0.024476 0.002009 0.000186 0.000019 0.000002 0.000000 0.000000
4027.0 1.000000 1.000000 0.837463 0.746402 0.357278 0.024578 0.002015 0.000187 0.000019 0.000002 0.000000 0.000000
4028.0 1.000000 1.000000 0.837326 0.746194 0.359226 0.024679 0.002021 0.000187 0.000019 0.000002 0.000000 0.000000
4029.0 1.000000 1.000000 0.837190 0.745986 0.361185 0.024782 0.002028 0.000187 0.000019 0.000002 0.000000 0.000000
4030.0 1.000000 1.000000 0.837053 0.745778 0.363158 0.024884 0.002034 0.000188 0.000019 0.000002 0.000000 0.000000
4031.0 1.000000 1.000000 0.836916 0.745570 0.365142 0.024988 0.002040 0.000188 0.000019 0.000002 0.000000 0.000000
4032.0 1.000000 1.000000 0.836779 0.745362 0.367141 0.025092 0.002046 0.000188 0.000019 0.000002 0.000000 0.000000
4033.0 1.000000 1.000000 0.836643 0.745154 0.369152 0.025196 0.002052 0.000189 0.000019 0.000002 0.000000 0.000000
4034.0 1.000000 1.000000 0.836506 0.744946 0.371173 0.025301 0.002058 0.000189 0.000019 0.000002 0.000000 0.000000
4035.0 1.000000 1.000000 0.836369 0.744737 0.373210 0.025407 0.002064 0.000189 0.000019 0.000002 0.000000 0.000000
4036.0 1.000000 1.000000 0.836232 0.744529 0.375258 0.025513 0.002071 0.000190 0.000019 0.000002 0.000000 0.000000
4037.0 1.000000 1.000000 0.836094 0.744320 0.377319 0.025619 0.002077 0.000190 0.000019 0.000002 0.000000 0.000000
4038.0 1.000000 1.000000 0.835957 0.744112 0.379393 0.025726 0.002083 0.000191 0.000019 0.000002 0.000000 0.000000
4039.0 1.000000 1.000000 0.835820 0.743903 0.381482 0.025834 0.002089 0.000191 0.000019 0.000002 0.000000 0.000000
4040.0 1.000000 1.000000 0.835683 0.743694 0.383582 0.025942 0.002096 0.000191 0.000019 0.000002 0.000000 0.000000
4041.0 1.000000 1.000000 0.835545 0.743485 0.385696 0.026051 0.002102 0.000192 0.000019 0.000002 0.000000 0.000000
4042.0 1.000000 1.000000 0.835408 0.743276 0.387824 0.026160 0.002108 0.000192 0.000019 0.000002 0.000000 0.000000
4043.0 1.000000 1.000000 0.835270 0.743067 0.389964 0.026270 0.002115 0.000193 0.000019 0.000002 0.000000 0.000000
4044.0 1.000000 1.000000 0.835133 0.742858 0.392119 0.026381 0.002121 0.000193 0.000019 0.000002 0.000000 0.000000
4045.0 1.000000 1.000000 0.834995 0.742649 0.394287 0.026492 0.002128 0.000193 0.000019 0.000002 0.000000 0.000000
4046.0 1.000000 1.000000 0.834857 0.742440 0.396470 0.026604 0.002134 0.000194 0.000019 0.000002 0.000000 0.000000
4047.0 1.000000 1.000000 0.834719 0.742230 0.398666 0.026716 0.002141 0.000194 0.000019 0.000002 0.000000 0.000000
4048.0 1.000000 1.000000 0.834581 0.742021 0.400876 0.026829 0.002147 0.000194 0.000019 0.000002 0.000000 0.000000
4049.0 1.000000 1.000000 0.834443 0.741811 0.403100 0.026942 0.002154 0.000195 0.000019 0.000002 0.000000 0.000000
4050.0 1.000000 1.000000 0.834305 0.741601 0.405338 0.027056 0.002161 0.000195 0.000019 0.000002 0.000000 0.000000
4051.0 1.000000 1.000000 0.834167 0.741392 0.407590 0.027170 0.002167 0.000196 0.000019 0.000002 0.000000 0.000000
4052.0 1.000000 1.000000 0.834029 0.741182 0.409856 0.027286 0.002174 0.000196 0.000019 0.000002 0.000000 0.000000
4053.0 1.000000 1.000000 0.833891 0.740972 0.412139 0.027401 0.002181 0.000196 0.000019 0.000002 0.000000 0.000000
4054.0 1.000000 1.000000 0.833752 0.740762 0.414434 0.027518 0.002187 0.000197 0.000019 0.000002 0.000000 0.000000
4055.0 1.000000 1.000000 0.833614 0.740552 0.416744 0.027635 0.002194 0.000197 0.000019 0.000002 0.000000 0.000000
4056.0 1.000000 1.000000 0.833476 0.740341 0.419070 0.027752 0.002201 0.000198 0.000019 0.000002 0.000000 0.000000
4057.0 1.000000 1.000000 0.833337 0.740131 0.421410 0.027871 0.002208 0.000198 0.000019 0.000002 0.000000 0.000000
4058.0 1.000000 1.000000 0.833198 0.739921 0.423766 0.027989 0.002214 0.000198 0.000019 0.000002 0.000000 0.000000
4059.0 1.000000 1.000000 0.833060 0.739710 0.426136 0.028109 0.002221 0.000199 0.000019 0.000002 0.000000 0.000000
4060.0 1.000000 1.000000 0.832921 0.739500 0.428521 0.028229 0.002228 0.000199 0.000019 0.000002 0.000000 0.000000
4061.0 1.000000 1.000000 0.832782 0.739289 0.430924 0.028350 0.002235 0.000200 0.000019 0.000002 0.000000 0.000000
4062.0 1.000000 1.000000 0.832643 0.739078 0.433339 0.028471 0.002242 0.000200 0.000020 0.000002 0.000000 0.000000
4063.0 1.000000 1.000000 0.832504 0.738867 0.435770 0.028593 0.002249 0.000200 0.000020 0.000002 0.000000 0.000000
4064.0 1.000000 1.000000 0.832365 0.738657 0.438218 0.028715 0.002256 0.000201 0.000020 0.000002 0.000000 0.000000
4065.0 1.000000 1.000000 0.832226 0.738446 0.440681 0.028839 0.002263 0.000201 0.000020 0.000002 0.000000 0.000000
4066.0 1.000000 1.000000 0.832087 0.738234 0.443161 0.028963 0.002270 0.000202 0.000020 0.000002 0.000000 0.000000
4067.0 1.000000 1.000000 0.831948 0.738023 0.445657 0.029087 0.002277 0.000202 0.000020 0.000002 0.000000 0.000000
4068.0 1.000000 1.000000 0.831809 0.737812 0.448167 0.029212 0.002285 0.000203 0.000020 0.000002 0.000000 0.000000
4069.0 1.000000 1.000000 0.831669 0.737601 0.450694 0.029338 0.002292 0.000203 0.000020 0.000002 0.000000 0.000000
4070.0 1.000000 1.000000 0.831530 0.737389 0.453238 0.029465 0.002299 0.000203 0.000020 0.000002 0.000000 0.000000
4071.0 1.000000 1.000000 0.831390 0.737178 0.455798 0.029592 0.002306 0.000204 0.000020 0.000002 0.000000 0.000000
4072.0 1.000000 1.000000 0.831251 0.736966 0.458375 0.029720 0.002313 0.000204 0.000020 0.000002 0.000000 0.000000
4073.0 1.000000 1.000000 0.831111 0.736755 0.460968 0.029848 0.002321 0.000205 0.000020 0.000002 0.000000 0.000000
4074.0 1.000000 1.000000 0.830971 0.736543 0.463577 0.029977 0.002328 0.000205 0.000020 0.000002 0.000000 0.000000
4075.0 1.000000 1.000000 0.830832 0.736331 0.466205 0.030107 0.002335 0.000206 0.000020 0.000002 0.000000 0.000000
4076.0 1.000000 1.000000 0.830692 0.736119 0.468850 0.030238 0.002343 0.000206 0.000020 0.000002 0.000000 0.000000
4077.0 1.000000 1.000000 0.830552 0.735907 0.471511 0.030369 0.002350 0.000206 0.000020 0.000002 0.000000 0.000000
4078.0 1.000000 1.000000 0.830412 0.735695 0.474190 0.030501 0.002358 0.000207 0.000020 0.000002 0.000000 0.000000
4079.0 1.000000 1.000000 0.830272 0.735483 0.476885 0.030634 0.002365 0.000207 0.000020 0.000002 0.000000 0.000000
4080.0 1.000000 1.000000 0.830132 0.735270 0.479598 0.030767 0.002373 0.000208 0.000020 0.000002 0.000000 0.000000
4081.0 1.000000 1.000000 0.829992 0.735058 0.482330 0.030901 0.002380 0.000208 0.000020 0.000002 0.000000 0.000000
4082.0 1.000000 1.000000 0.829851 0.734845 0.485079 0.031036 0.002388 0.000209 0.000020 0.000002 0.000000 0.000000
4083.0 1.000000 1.000000 0.829711 0.734633 0.487845 0.031172 0.002395 0.000209 0.000020 0.000002 0.000000 0.000000
4084.0 1.000000 1.000000 0.829571 0.734420 0.490631 0.031308 0.002403 0.000209 0.000020 0.000002 0.000000 0.000000
4085.0 1.000000 1.000000 0.829430 0.734207 0.493433 0.031445 0.002411 0.000210 0.000020 0.000002 0.000000 0.000000
4086.0 1.000000 1.000000 0.829290 0.733995 0.496253 0.031582 0.002418 0.000210 0.000020 0.000002 0.000000 0.000000
4087.0 1.000000 1.000000 0.829149 0.733782 0.499094 0.031721 0.002426 0.000211 0.000020 0.000002 0.000000 0.000000
4088.0 1.000000 1.000000 0.829008 0.733569 0.501951 0.031860 0.002434 0.000211 0.000020 0.000002 0.000000 0.000000
4089.0 1.000000 1.000000 0.828868 0.733356 0.504829 0.032000 0.002442 0.000212 0.000020 0.000002 0.000000 0.000000
4090.0 1.000000 1.000000 0.828727 0.733143 0.507725 0.032141 0.002450 0.000212 0.000020 0.000002 0.000000 0.000000
4091.0 1.000000 1.000000 0.828586 0.732929 0.510639 0.032282 0.002458 0.000213 0.000020 0.000002 0.000000 0.000000
4092.0 1.000000 1.000000 0.828445 0.732716 0.513574 0.032424 0.002466 0.000213 0.000020 0.000002 0.000000 0.000000
4093.0 1.000000 1.000000 0.828304 0.732503 0.516526 0.032567 0.002473 0.000214 0.000020 0.000002 0.000000 0.000000
4094.0 1.000000 1.000000 0.828163 0.732289 0.519497 0.032711 0.002481 0.000214 0.000020 0.000002 0.000000 0.000000
4095.0 1.000000 1.000000 0.828022 0.732075 0.522490 0.032855 0.002490 0.000215 0.000020 0.000002 0.000000 0.000000
4096.0 1.000000 1.000000 0.827881 0.731862 0.525502 0.033000 0.002498 0.000215 0.000020 0.000002 0.000000 0.000000
4097.0 1.000000 1.000000 0.827739 0.731648 0.528533 0.033146 0.002506 0.000215 0.000020 0.000002 0.000000 0.000000
4098.0 1.000000 1.000000 0.827598 0.731434 0.531584 0.033293 0.002514 0.000216 0.000020 0.000002 0.000000 0.000000
4099.0 1.000000 1.000000 0.827456 0.731220 0.534655 0.033441 0.002522 0.000216 0.000020 0.000002 0.000000 0.000000
4100.0 1.000000 1.000000 0.827315 0.731006 0.537747 0.033589 0.002530 0.000217 0.000020 0.000002 0.000000 0.000000
4101.0 1.000000 1.000000 0.827173 0.730792 0.540858 0.033738 0.002538 0.000217 0.000020 0.000002 0.000000 0.000000
4102.0 1.000000 1.000000 0.827032 0.730578 0.543990 0.033888 0.002547 0.000218 0.000020 0.000002 0.000000 0.000000
4103.0 1.000000 1.000000 0.826890 0.826890 0.546709 0.034039 0.002555 0.000218 0.000020 0.000002 0.000000 0.000000
4104.0 1.000000 1.000000 0.826748 0.826748 0.546397 0.034191 0.002563 0.000219 0.000020 0.000002 0.000000 0.000000
4105.0 1.000000 1.000000 0.826606 0.826606 0.546085 0.034343 0.002572 0.000219 0.000020 0.000002 0.000000 0.000000
4106.0 1.000000 1.000000 0.826465 0.826465 0.545772 0.034497 0.002580 0.000220 0.000021 0.000002 0.000000 0.000000
4107.0 1.000000 1.000000 0.826323 0.826323 0.545459 0.034651 0.002589 0.000220 0.000021 0.000002 0.000000 0.000000
4108.0 1.000000 1.000000 0.826181 0.826181 0.545858 0.034806 0.002597 0.000221 0.000021 0.000002 0.000000 0.000000
4109.0 1.000000 1.000000 0.826038 0.826038 0.546523 0.034962 0.002606 0.000221 0.000021 0.000002 0.000000 0.000000
4110.0 1.000000 1.000000 0.825896 0.825896 0.546620 0.035118 0.002614 0.000222 0.000021 0.000002 0.000000 0.000000
4111.0 1.000000 1.000000 0.825754 0.825754 0.547296 0.035276 0.002623 0.000222 0.000021 0.000002 0.000000 0.000000
4112.0 1.000000 1.000000 0.825612 0.825612 0.547586 0.035435 0.002632 0.000223 0.000021 0.000002 0.000000 0.000000
4113.0 1.000000 1.000000 0.825469 0.825469 0.547966 0.035594 0.002640 0.000223 0.000021 0.000002 0.000000 0.000000
4114.0 1.000000 1.000000 0.825327 0.825327 0.548457 0.035754 0.002649 0.000224 0.000021 0.000002 0.000000 0.000000
4115.0 1.000000 1.000000 0.825184 0.825184 0.549082 0.035915 0.002658 0.000224 0.000021 0.000002 0.000000 0.000000
4116.0 1.000000 1.000000 0.825042 0.825042 0.549874 0.036077 0.002667 0.000225 0.000021 0.000002 0.000000 0.000000
4117.0 1.000000 1.000000 0.824899 0.824899 0.549564 0.036240 0.002676 0.000225 0.000021 0.000002 0.000000 0.000000
4118.0 1.000000 1.000000 0.824756 0.824756 0.550565 0.036403 0.002685 0.000226 0.000021 0.000002 0.000000 0.000000
4119.0 1.000000 1.000000 0.824613 0.824613 0.551831 0.036568 0.002694 0.000226 0.000021 0.000002 0.000000 0.000000
4120.0 1.000000 1.000000 0.824471 0.824471 0.551522 0.036733 0.002703 0.000227 0.000021 0.000002 0.000000 0.000000
4121.0 1.000000 1.000000 0.824328 0.824328 0.551213 0.036900 0.002712 0.000227 0.000021 0.000002 0.000000 0.000000
4122.0 1.000000 1.000000 0.824185 0.824185 0.552821 0.037067 0.002721 0.000228 0.000021 0.000002 0.000000 0.000000
4123.0 1.000000 1.000000 0.824041 0.824041 0.552513 0.037235 0.002730 0.000228 0.000021 0.000002 0.000000 0.000000
4124.0 1.000000 1.000000 0.823898 0.823898 0.554569 0.037404 0.002739 0.000229 0.000021 0.000002 0.000000 0.000000
4125.0 1.000000 1.000000 0.823755 0.823755 0.554261 0.037574 0.002748 0.000229 0.000021 0.000002 0.000000 0.000000
4126.0 1.000000 1.000000 0.823612 0.823612 0.553954 0.037745 0.002757 0.000230 0.000021 0.000002 0.000000 0.000000
4127.0 1.000000 1.000000 0.823468 0.823468 0.553646 0.037917 0.002767 0.000230 0.000021 0.000002 0.000000 0.000000
4128.0 1.000000 1.000000 0.823325 0.823325 0.556304 0.038090 0.002776 0.000231 0.000021 0.000002 0.000000 0.000000
4129.0 1.000000 1.000000 0.823182 0.823182 0.555997 0.038264 0.002785 0.000231 0.000021 0.000002 0.000000 0.000000
4130.0 1.000000 1.000000 0.823038 0.823038 0.555691 0.038438 0.002795 0.000232 0.000021 0.000002 0.000000 0.000000
4131.0 1.000000 1.000000 0.822894 0.822894 0.555385 0.038614 0.002804 0.000232 0.000021 0.000002 0.000000 0.000000
4132.0 1.000000 1.000000 0.822751 0.822751 0.558865 0.038791 0.002814 0.000233 0.000021 0.000002 0.000000 0.000000
4133.0 1.000000 1.000000 0.822607 0.822607 0.558561 0.038968 0.002823 0.000234 0.000021 0.000002 0.000000 0.000000
4134.0 1.000000 1.000000 0.822463 0.822463 0.558256 0.039147 0.002833 0.000234 0.000021 0.000002 0.000000 0.000000
4135.0 1.000000 1.000000 0.822319 0.822319 0.557951 0.039326 0.002842 0.000235 0.000021 0.000002 0.000000 0.000000
4136.0 1.000000 1.000000 0.822175 0.822175 0.557646 0.039507 0.002852 0.000235 0.000021 0.000002 0.000000 0.000000
4137.0 1.000000 1.000000 0.822031 0.822031 0.557341 0.039689 0.002862 0.000236 0.000021 0.000002 0.000000 0.000000
4138.0 1.000000 1.000000 0.821887 0.821887 0.561984 0.039871 0.002871 0.000236 0.000021 0.000002 0.000000 0.000000
4139.0 1.000000 1.000000 0.821743 0.821743 0.561681 0.040055 0.002881 0.000237 0.000021 0.000002 0.000000 0.000000
4140.0 1.000000 1.000000 0.821599 0.821599 0.561378 0.040239 0.002891 0.000237 0.000021 0.000002 0.000000 0.000000
4141.0 1.000000 1.000000 0.821454 0.821454 0.561074 0.040425 0.002901 0.000238 0.000021 0.000002 0.000000 0.000000
4142.0 1.000000 1.000000 0.821310 0.821310 0.560771 0.040611 0.002911 0.000238 0.000021 0.000002 0.000000 0.000000
4143.0 1.000000 1.000000 0.821165 0.821165 0.560468 0.040799 0.002921 0.000239 0.000022 0.000002 0.000000 0.000000
4144.0 1.000000 1.000000 0.821021 0.821021 0.560165 0.040988 0.002931 0.000240 0.000022 0.000002 0.000000 0.000000
4145.0 1.000000 1.000000 0.820876 0.820876 0.566501 0.041178 0.002941 0.000240 0.000022 0.000002 0.000000 0.000000
4146.0 1.000000 1.000000 0.820732 0.820732 0.566200 0.041368 0.002951 0.000241 0.000022 0.000002 0.000000 0.000000
4147.0 1.000000 1.000000 0.820587 0.820587 0.565900 0.041560 0.002961 0.000241 0.000022 0.000002 0.000000 0.000000
4148.0 1.000000 1.000000 0.820442 0.820442 0.565599 0.041753 0.002971 0.000242 0.000022 0.000002 0.000000 0.000000
4149.0 1.000000 1.000000 0.820297 0.820297 0.565299 0.041947 0.002981 0.000242 0.000022 0.000002 0.000000 0.000000
4150.0 1.000000 1.000000 0.820152 0.820152 0.564998 0.042142 0.002992 0.000243 0.000022 0.000002 0.000000 0.000000
4151.0 1.000000 1.000000 0.820007 0.820007 0.564697 0.042338 0.003002 0.000244 0.000022 0.000002 0.000000 0.000000
4152.0 1.000000 1.000000 0.819862 0.819862 0.564396 0.042535 0.003012 0.000244 0.000022 0.000002 0.000000 0.000000
4153.0 1.000000 1.000000 0.819717 0.819717 0.564096 0.042734 0.003023 0.000245 0.000022 0.000002 0.000000 0.000000
4154.0 1.000000 1.000000 0.819572 0.819572 0.563795 0.042933 0.003033 0.000245 0.000022 0.000002 0.000000 0.000000
4155.0 1.000000 1.000000 0.819426 0.819426 0.572704 0.043134 0.003044 0.000246 0.000022 0.000002 0.000000 0.000000
4156.0 1.000000 1.000000 0.819281 0.819281 0.572407 0.043335 0.003054 0.000247 0.000022 0.000002 0.000000 0.000000
4157.0 1.000000 1.000000 0.819136 0.819136 0.572110 0.043538 0.003065 0.000247 0.000022 0.000002 0.000000 0.000000
4158.0 1.000000 1.000000 0.818990 0.818990 0.571813 0.043742 0.003076 0.000248 0.000022 0.000002 0.000000 0.000000
4159.0 1.000000 1.000000 0.818845 0.818845 0.571516 0.043947 0.003086 0.000248 0.000022 0.000002 0.000000 0.000000
4160.0 1.000000 1.000000 0.818699 0.818699 0.571219 0.044153 0.003097 0.000249 0.000022 0.000002 0.000000 0.000000
4161.0 1.000000 1.000000 0.818553 0.818553 0.570922 0.044361 0.003108 0.000249 0.000022 0.000002 0.000000 0.000000
4162.0 1.000000 1.000000 0.818408 0.818408 0.570625 0.044569 0.003119 0.000250 0.000022 0.000002 0.000000 0.000000
4163.0 1.000000 1.000000 0.818262 0.818262 0.570327 0.044779 0.003130 0.000251 0.000022 0.000002 0.000000 0.000000
4164.0 1.000000 1.000000 0.818116 0.818116 0.570030 0.044990 0.003141 0.000251 0.000022 0.000002 0.000000 0.000000
4165.0 1.000000 1.000000 0.817970 0.817970 0.569733 0.045202 0.003152 0.000252 0.000022 0.000002 0.000000 0.000000
4166.0 1.000000 1.000000 0.817824 0.817824 0.569435 0.045415 0.003163 0.000253 0.000022 0.000002 0.000000 0.000000
4167.0 1.000000 1.000000 0.817678 0.817678 0.569138 0.045629 0.003174 0.000253 0.000022 0.000002 0.000000 0.000000
4168.0 1.000000 1.000000 0.817532 0.817532 0.581143 0.045845 0.003185 0.000254 0.000022 0.000002 0.000000 0.000000
4169.0 1.000000 1.000000 0.817385 0.817385 0.580851 0.046062 0.003196 0.000254 0.000022 0.000002 0.000000 0.000000
4170.0 1.000000 1.000000 0.817239 0.817239 0.580559 0.046280 0.003208 0.000255 0.000022 0.000002 0.000000 0.000000
4171.0 1.000000 1.000000 0.817093 0.817093 0.580267 0.046499 0.003219 0.000256 0.000022 0.000002 0.000000 0.000000
4172.0 1.000000 1.000000 0.816946 0.816946 0.579975 0.046720 0.003230 0.000256 0.000022 0.000002 0.000000 0.000000
4173.0 1.000000 1.000000 0.816800 0.816800 0.579683 0.046942 0.003242 0.000257 0.000022 0.000002 0.000000 0.000000
4174.0 1.000000 1.000000 0.816653 0.816653 0.579391 0.047165 0.003253 0.000257 0.000022 0.000002 0.000000 0.000000
4175.0 1.000000 1.000000 0.816506 0.816506 0.579098 0.047389 0.003265 0.000258 0.000022 0.000002 0.000000 0.000000
4176.0 1.000000 1.000000 0.816360 0.816360 0.578806 0.047614 0.003276 0.000259 0.000023 0.000002 0.000000 0.000000
4177.0 1.000000 1.000000 0.816213 0.816213 0.578514 0.047841 0.003288 0.000259 0.000023 0.000002 0.000000 0.000000
4178.0 1.000000 1.000000 0.816066 0.816066 0.578221 0.048069 0.003300 0.000260 0.000023 0.000002 0.000000 0.000000
4179.0 1.000000 1.000000 0.815919 0.815919 0.577929 0.048299 0.003312 0.000261 0.000023 0.000002 0.000000 0.000000
4180.0 1.000000 1.000000 0.815772 0.815772 0.577636 0.048529 0.003323 0.000261 0.000023 0.000002 0.000000 0.000000
4181.0 1.000000 1.000000 0.815625 0.815625 0.577344 0.048761 0.003335 0.000262 0.000023 0.000002 0.000000 0.000000
4182.0 1.000000 1.000000 0.815478 0.815478 0.577051 0.048995 0.003347 0.000263 0.000023 0.000002 0.000000 0.000000
4183.0 1.000000 1.000000 0.815331 0.815331 0.576758 0.049229 0.003359 0.000263 0.000023 0.000002 0.000000 0.000000
4184.0 1.000000 1.000000 0.815183 0.815183 0.576466 0.049466 0.003371 0.000264 0.000023 0.000002 0.000000 0.000000
4185.0 1.000000 1.000000 0.815036 0.815036 0.576173 0.049703 0.003383 0.000265 0.000023 0.000002 0.000000 0.000000
4186.0 1.000000 1.000000 0.814889 0.814889 0.575880 0.049941 0.003395 0.000265 0.000023 0.000002 0.000000 0.000000
4187.0 1.000000 1.000000 0.814741 0.814741 0.575587 0.050181 0.003408 0.000266 0.000023 0.000002 0.000000 0.000000
4188.0 1.000000 1.000000 0.814594 0.814594 0.575294 0.050423 0.003420 0.000267 0.000023 0.000002 0.000000 0.000000
4189.0 1.000000 1.000000 0.814446 0.814446 0.592016 0.050665 0.003432 0.000267 0.000023 0.000002 0.000000 0.000000
4190.0 1.000000 1.000000 0.814298 0.814298 0.591730 0.050910 0.003444 0.000268 0.000023 0.000002 0.000000 0.000000
4191.0 1.000000 1.000000 0.814151 0.814151 0.591445 0.051155 0.003457 0.000269 0.000023 0.000002 0.000000 0.000000
4192.0 1.000000 1.000000 0.814003 0.814003 0.591160 0.051402 0.003469 0.000269 0.000023 0.000002 0.000000 0.000000
4193.0 1.000000 1.000000 0.813855 0.813855 0.590875 0.051650 0.003482 0.000270 0.000023 0.000002 0.000000 0.000000
4194.0 1.000000 1.000000 0.813707 0.813707 0.590589 0.051900 0.003495 0.000271 0.000023 0.000002 0.000000 0.000000
4195.0 1.000000 1.000000 0.813559 0.813559 0.590304 0.052151 0.003507 0.000271 0.000023 0.000002 0.000000 0.000000
4196.0 1.000000 1.000000 0.813411 0.813411 0.590019 0.052404 0.003520 0.000272 0.000023 0.000002 0.000000 0.000000
4197.0 1.000000 1.000000 0.813263 0.813263 0.589733 0.052658 0.003533 0.000273 0.000023 0.000002 0.000000 0.000000
4198.0 1.000000 1.000000 0.813114 0.813114 0.589447 0.052914 0.003546 0.000273 0.000023 0.000002 0.000000 0.000000
4199.0 1.000000 1.000000 0.812966 0.812966 0.589162 0.053171 0.003558 0.000274 0.000023 0.000002 0.000000 0.000000
4200.0 1.000000 1.000000 0.812818 0.812818 0.588876 0.053429 0.003571 0.000275 0.000023 0.000002 0.000000 0.000000
4201.0 1.000000 1.000000 0.812669 0.812669 0.588590 0.053689 0.003584 0.000275 0.000023 0.000002 0.000000 0.000000
4202.0 1.000000 1.000000 0.812521 0.812521 0.588305 0.053951 0.003598 0.000276 0.000023 0.000002 0.000000 0.000000
4203.0 1.000000 1.000000 0.812372 0.812372 0.588019 0.054213 0.003611 0.000277 0.000023 0.000002 0.000000 0.000000
4204.0 1.000000 1.000000 0.812224 0.812224 0.587733 0.054478 0.003624 0.000278 0.000023 0.000002 0.000000 0.000000
4205.0 1.000000 1.000000 0.812075 0.812075 0.587447 0.054744 0.003637 0.000278 0.000024 0.000002 0.000000 0.000000
4206.0 1.000000 1.000000 0.811926 0.811926 0.587161 0.055011 0.003650 0.000279 0.000024 0.000002 0.000000 0.000000
4207.0 1.000000 1.000000 0.811777 0.811777 0.586875 0.055280 0.003664 0.000280 0.000024 0.000002 0.000000 0.000000
4208.0 1.000000 1.000000 0.811628 0.811628 0.586589 0.055551 0.003677 0.000280 0.000024 0.000002 0.000000 0.000000
4209.0 1.000000 1.000000 0.811479 0.811479 0.586302 0.055823 0.003691 0.000281 0.000024 0.000002 0.000000 0.000000
4210.0 1.000000 1.000000 0.811330 0.811330 0.586016 0.056097 0.003704 0.000282 0.000024 0.000002 0.000000 0.000000
4211.0 1.000000 1.000000 0.811181 0.811181 0.585730 0.056373 0.003718 0.000283 0.000024 0.000002 0.000000 0.000000
4212.0 1.000000 1.000000 0.811032 0.811032 0.585444 0.056649 0.003732 0.000283 0.000024 0.000002 0.000000 0.000000
4213.0 1.000000 1.000000 0.810883 0.810883 0.585157 0.056928 0.003746 0.000284 0.000024 0.000002 0.000000 0.000000
4214.0 1.000000 1.000000 0.810733 0.810733 0.584871 0.057208 0.003759 0.000285 0.000024 0.000002 0.000000 0.000000
4215.0 1.000000 1.000000 0.810584 0.810584 0.584584 0.057490 0.003773 0.000286 0.000024 0.000002 0.000000 0.000000
4216.0 1.000000 1.000000 0.810435 0.810435 0.584298 0.057773 0.003787 0.000286 0.000024 0.000002 0.000000 0.000000
4217.0 1.000000 1.000000 0.810285 0.810285 0.584011 0.058058 0.003801 0.000287 0.000024 0.000002 0.000000 0.000000
4218.0 1.000000 1.000000 0.810135 0.810135 0.583724 0.058345 0.003816 0.000288 0.000024 0.000002 0.000000 0.000000
4219.0 1.000000 1.000000 0.809986 0.809986 0.583437 0.058633 0.003830 0.000289 0.000024 0.000002 0.000000 0.000000
4220.0 1.000000 1.000000 0.809836 0.809836 0.583151 0.058923 0.003844 0.000289 0.000024 0.000002 0.000000 0.000000
4221.0 1.000000 1.000000 0.809686 0.809686 0.608658 0.059215 0.003858 0.000290 0.000024 0.000002 0.000000 0.000000
4222.0 1.000000 1.000000 0.809536 0.809536 0.608385 0.059508 0.003873 0.000291 0.000024 0.000002 0.000000 0.000000
4223.0 1.000000 1.000000 0.809386 0.809386 0.608112 0.059803 0.003887 0.000292 0.000024 0.000002 0.000000 0.000000
4224.0 1.000000 1.000000 0.809236 0.809236 0.607838 0.060100 0.003902 0.000292 0.000024 0.000002 0.000000 0.000000
4225.0 1.000000 1.000000 0.809086 0.809086 0.607565 0.060399 0.003916 0.000293 0.000024 0.000002 0.000000 0.000000
4226.0 1.000000 1.000000 0.808936 0.808936 0.607292 0.060699 0.003931 0.000294 0.000024 0.000002 0.000000 0.000000
4227.0 1.000000 1.000000 0.808786 0.808786 0.607018 0.061001 0.003946 0.000295 0.000024 0.000002 0.000000 0.000000
4228.0 1.000000 1.000000 0.808636 0.808636 0.606744 0.061305 0.003960 0.000295 0.000024 0.000002 0.000000 0.000000
4229.0 1.000000 1.000000 0.808485 0.808485 0.606471 0.061610 0.003975 0.000296 0.000024 0.000002 0.000000 0.000000
4230.0 1.000000 1.000000 0.808335 0.808335 0.606197 0.061918 0.003990 0.000297 0.000024 0.000002 0.000000 0.000000
4231.0 1.000000 1.000000 0.808185 0.808185 0.605923 0.062227 0.004005 0.000298 0.000025 0.000002 0.000000 0.000000
4232.0 1.000000 1.000000 0.808034 0.808034 0.605650 0.062538 0.004020 0.000299 0.000025 0.000002 0.000000 0.000000
4233.0 1.000000 1.000000 0.807883 0.807883 0.605376 0.062851 0.004035 0.000299 0.000025 0.000002 0.000000 0.000000
4234.0 1.000000 1.000000 0.807733 0.807733 0.605102 0.063166 0.004051 0.000300 0.000025 0.000002 0.000000 0.000000
4235.0 1.000000 1.000000 0.807582 0.807582 0.604828 0.063482 0.004066 0.000301 0.000025 0.000002 0.000000 0.000000
4236.0 1.000000 1.000000 0.807431 0.807431 0.604554 0.063800 0.004081 0.000302 0.000025 0.000002 0.000000 0.000000
4237.0 1.000000 1.000000 0.807280 0.807280 0.604280 0.064121 0.004097 0.000303 0.000025 0.000002 0.000000 0.000000
4238.0 1.000000 1.000000 0.807129 0.807129 0.604006 0.064442 0.004112 0.000303 0.000025 0.000002 0.000000 0.000000
4239.0 1.000000 1.000000 0.806978 0.806978 0.603731 0.064766 0.004128 0.000304 0.000025 0.000002 0.000000 0.000000
4240.0 1.000000 1.000000 0.806827 0.806827 0.603457 0.065093 0.004144 0.000305 0.000025 0.000002 0.000000 0.000000
4241.0 1.000000 1.000000 0.806676 0.806676 0.603183 0.065420 0.004159 0.000306 0.000025 0.000002 0.000000 0.000000
4242.0 1.000000 1.000000 0.806525 0.806525 0.602908 0.065750 0.004175 0.000307 0.000025 0.000002 0.000000 0.000000
4243.0 1.000000 1.000000 0.806373 0.806373 0.602634 0.066082 0.004191 0.000308 0.000025 0.000002 0.000000 0.000000
4244.0 1.000000 1.000000 0.806222 0.806222 0.602359 0.066415 0.004207 0.000308 0.000025 0.000002 0.000000 0.000000
4245.0 1.000000 1.000000 0.806071 0.806071 0.602085 0.066751 0.004223 0.000309 0.000025 0.000002 0.000000 0.000000
4246.0 1.000000 1.000000 0.805919 0.805919 0.601810 0.067089 0.004239 0.000310 0.000025 0.000002 0.000000 0.000000
4247.0 1.000000 1.000000 0.805768 0.805768 0.601536 0.067428 0.004256 0.000311 0.000025 0.000002 0.000000 0.000000
4248.0 1.000000 1.000000 0.805616 0.805616 0.601261 0.067770 0.004272 0.000312 0.000025 0.000002 0.000000 0.000000
4249.0 1.000000 1.000000 0.805464 0.805464 0.600986 0.068113 0.004288 0.000313 0.000025 0.000002 0.000000 0.000000
4250.0 1.000000 1.000000 0.805313 0.805313 0.600711 0.068459 0.004305 0.000313 0.000025 0.000002 0.000000 0.000000
4251.0 1.000000 1.000000 0.805161 0.805161 0.600436 0.068807 0.004321 0.000314 0.000025 0.000002 0.000000 0.000000
4252.0 1.000000 1.000000 0.805009 0.805009 0.600161 0.069157 0.004338 0.000315 0.000025 0.000002 0.000000 0.000000
4253.0 1.000000 1.000000 0.804857 0.804857 0.599886 0.069508 0.004354 0.000316 0.000025 0.000002 0.000000 0.000000
4254.0 1.000000 1.000000 0.804705 0.804705 0.599611 0.069862 0.004371 0.000317 0.000025 0.000002 0.000000 0.000000
4255.0 1.000000 1.000000 1.000000 0.804553 0.599336 0.070218 0.004388 0.000318 0.000026 0.000002 0.000000 0.000000
4256.0 1.000000 1.000000 1.000000 0.804400 0.599061 0.070577 0.004405 0.000319 0.000026 0.000002 0.000000 0.000000
4257.0 1.000000 1.000000 1.000000 0.804248 0.598786 0.070937 0.004422 0.000319 0.000026 0.000002 0.000000 0.000000
4258.0 1.000000 1.000000 1.000000 0.804096 0.598511 0.071299 0.004439 0.000320 0.000026 0.000002 0.000000 0.000000
4259.0 1.000000 1.000000 1.000000 0.803944 0.598235 0.071664 0.004456 0.000321 0.000026 0.000002 0.000000 0.000000
4260.0 1.000000 1.000000 1.000000 0.803791 0.597960 0.072030 0.004474 0.000322 0.000026 0.000002 0.000000 0.000000
4261.0 1.000000 1.000000 1.000000 0.803639 0.597684 0.072400 0.004491 0.000323 0.000026 0.000002 0.000000 0.000000
4262.0 1.000000 1.000000 1.000000 0.803486 0.597409 0.072771 0.004508 0.000324 0.000026 0.000002 0.000000 0.000000
4263.0 1.000000 1.000000 1.000000 0.803333 0.597133 0.073144 0.004526 0.000325 0.000026 0.000002 0.000000 0.000000
4264.0 1.000000 1.000000 1.000000 0.803181 0.596858 0.073520 0.004544 0.000326 0.000026 0.000002 0.000000 0.000000
4265.0 1.000000 1.000000 1.000000 0.803028 0.596582 0.073897 0.004561 0.000327 0.000026 0.000002 0.000000 0.000000
4266.0 1.000000 1.000000 1.000000 0.802875 0.596306 0.074278 0.004579 0.000328 0.000026 0.000002 0.000000 0.000000
4267.0 1.000000 1.000000 1.000000 0.802722 0.596030 0.074660 0.004597 0.000328 0.000026 0.000002 0.000000 0.000000
4268.0 1.000000 1.000000 1.000000 0.802569 0.595755 0.075045 0.004615 0.000329 0.000026 0.000002 0.000000 0.000000
4269.0 1.000000 1.000000 1.000000 0.802416 0.595479 0.075432 0.004633 0.000330 0.000026 0.000002 0.000000 0.000000
4270.0 1.000000 1.000000 1.000000 0.802263 0.595203 0.075821 0.004651 0.000331 0.000026 0.000002 0.000000 0.000000
4271.0 1.000000 1.000000 1.000000 0.802110 0.594927 0.076213 0.004669 0.000332 0.000026 0.000002 0.000000 0.000000
4272.0 1.000000 1.000000 1.000000 0.801956 0.594651 0.076606 0.004688 0.000333 0.000026 0.000002 0.000000 0.000000
4273.0 1.000000 1.000000 1.000000 0.801803 0.594375 0.077003 0.004706 0.000334 0.000026 0.000002 0.000000 0.000000
4274.0 1.000000 1.000000 1.000000 0.801650 0.632298 0.077402 0.004725 0.000335 0.000026 0.000002 0.000000 0.000000
4275.0 1.000000 1.000000 1.000000 0.801496 0.632041 0.077803 0.004743 0.000336 0.000026 0.000002 0.000000 0.000000
4276.0 1.000000 1.000000 1.000000 0.801343 0.631784 0.078206 0.004762 0.000337 0.000026 0.000002 0.000000 0.000000
4277.0 1.000000 1.000000 1.000000 0.801189 0.631528 0.078612 0.004781 0.000338 0.000027 0.000002 0.000000 0.000000
4278.0 1.000000 1.000000 1.000000 0.801035 0.631271 0.079021 0.004799 0.000339 0.000027 0.000002 0.000000 0.000000
4279.0 1.000000 1.000000 1.000000 0.800882 0.631013 0.079432 0.004818 0.000340 0.000027 0.000002 0.000000 0.000000
4280.0 1.000000 1.000000 1.000000 0.800728 0.630756 0.079845 0.004837 0.000341 0.000027 0.000002 0.000000 0.000000
4281.0 1.000000 1.000000 1.000000 0.800574 0.630499 0.080261 0.004857 0.000342 0.000027 0.000002 0.000000 0.000000
4282.0 1.000000 1.000000 1.000000 0.800420 0.630242 0.080679 0.004876 0.000343 0.000027 0.000002 0.000000 0.000000
4283.0 1.000000 1.000000 1.000000 0.800266 0.629985 0.081100 0.004895 0.000344 0.000027 0.000002 0.000000 0.000000
4284.0 1.000000 1.000000 1.000000 0.800112 0.629727 0.081524 0.004915 0.000345 0.000027 0.000002 0.000000 0.000000
4285.0 1.000000 1.000000 1.000000 0.799958 0.629470 0.081950 0.004934 0.000346 0.000027 0.000002 0.000000 0.000000
4286.0 1.000000 1.000000 1.000000 0.799804 0.629212 0.082378 0.004954 0.000346 0.000027 0.000002 0.000000 0.000000
4287.0 1.000000 1.000000 1.000000 0.799649 0.628955 0.082809 0.004973 0.000347 0.000027 0.000002 0.000000 0.000000
4288.0 1.000000 1.000000 1.000000 0.799495 0.628697 0.083243 0.004993 0.000348 0.000027 0.000002 0.000000 0.000000
4289.0 1.000000 1.000000 1.000000 0.799341 0.628440 0.083680 0.005013 0.000349 0.000027 0.000002 0.000000 0.000000
4290.0 1.000000 1.000000 1.000000 0.799186 0.628182 0.084119 0.005033 0.000350 0.000027 0.000002 0.000000 0.000000
4291.0 1.000000 1.000000 1.000000 0.799032 0.627924 0.084561 0.005053 0.000351 0.000027 0.000002 0.000000 0.000000
4292.0 1.000000 1.000000 1.000000 0.798877 0.627666 0.085005 0.005074 0.000353 0.000027 0.000002 0.000000 0.000000
4293.0 1.000000 1.000000 1.000000 0.798722 0.627408 0.085452 0.005094 0.000354 0.000027 0.000002 0.000000 0.000000
4294.0 1.000000 1.000000 1.000000 0.798568 0.627150 0.085902 0.005114 0.000355 0.000027 0.000002 0.000000 0.000000
4295.0 1.000000 1.000000 1.000000 0.798413 0.626892 0.086355 0.005135 0.000356 0.000027 0.000002 0.000000 0.000000
4296.0 1.000000 1.000000 1.000000 0.798258 0.626634 0.086810 0.005156 0.000357 0.000027 0.000002 0.000000 0.000000
4297.0 1.000000 1.000000 1.000000 0.798103 0.626376 0.087268 0.005176 0.000358 0.000028 0.000002 0.000000 0.000000
4298.0 1.000000 1.000000 1.000000 0.797948 0.626118 0.087729 0.005197 0.000359 0.000028 0.000002 0.000000 0.000000
4299.0 1.000000 1.000000 1.000000 0.797793 0.625859 0.088193 0.005218 0.000360 0.000028 0.000002 0.000000 0.000000
4300.0 1.000000 1.000000 1.000000 0.797638 0.625601 0.088659 0.005239 0.000361 0.000028 0.000002 0.000000 0.000000
4301.0 1.000000 1.000000 1.000000 0.797482 0.625343 0.089129 0.005260 0.000362 0.000028 0.000002 0.000000 0.000000
4302.0 1.000000 1.000000 1.000000 0.797327 0.625084 0.089601 0.005281 0.000363 0.000028 0.000002 0.000000 0.000000
4303.0 1.000000 1.000000 1.000000 0.797172 0.624826 0.090077 0.005303 0.000364 0.000028 0.000002 0.000000 0.000000
4304.0 1.000000 1.000000 1.000000 0.797016 0.624567 0.090555 0.005324 0.000365 0.000028 0.000002 0.000000 0.000000
4305.0 1.000000 1.000000 1.000000 0.796861 0.624308 0.091036 0.005346 0.000366 0.000028 0.000002 0.000000 0.000000
4306.0 1.000000 1.000000 1.000000 0.796705 0.624050 0.091520 0.005368 0.000367 0.000028 0.000002 0.000000 0.000000
4307.0 1.000000 1.000000 1.000000 0.796550 0.623791 0.092007 0.005389 0.000368 0.000028 0.000002 0.000000 0.000000
4308.0 1.000000 1.000000 1.000000 0.796394 0.623532 0.092497 0.005411 0.000369 0.000028 0.000002 0.000000 0.000000
4309.0 1.000000 1.000000 1.000000 0.796238 0.623273 0.092990 0.005433 0.000370 0.000028 0.000002 0.000000 0.000000
4310.0 1.000000 1.000000 1.000000 0.796082 0.623014 0.093486 0.005455 0.000371 0.000028 0.000002 0.000000 0.000000
4311.0 1.000000 1.000000 1.000000 0.795927 0.622755 0.093985 0.005478 0.000373 0.000028 0.000002 0.000000 0.000000
4312.0 1.000000 1.000000 1.000000 0.795771 0.622496 0.094487 0.005500 0.000374 0.000028 0.000002 0.000000 0.000000
4313.0 1.000000 1.000000 1.000000 0.795615 0.622237 0.094993 0.005522 0.000375 0.000028 0.000002 0.000000 0.000000
4314.0 1.000000 1.000000 1.000000 0.795459 0.621978 0.095501 0.005545 0.000376 0.000028 0.000002 0.000000 0.000000
4315.0 1.000000 1.000000 1.000000 0.795302 0.621719 0.096013 0.005568 0.000377 0.000028 0.000002 0.000000 0.000000
4316.0 1.000000 1.000000 1.000000 0.795146 0.621459 0.096527 0.005591 0.000378 0.000029 0.000002 0.000000 0.000000
4317.0 1.000000 1.000000 1.000000 0.794990 0.621200 0.097045 0.005613 0.000379 0.000029 0.000002 0.000000 0.000000
4318.0 1.000000 1.000000 1.000000 0.794834 0.620940 0.097566 0.005637 0.000380 0.000029 0.000002 0.000000 0.000000
4319.0 1.000000 1.000000 1.000000 0.794677 0.620681 0.098090 0.005660 0.000381 0.000029 0.000002 0.000000 0.000000
4320.0 1.000000 1.000000 1.000000 0.794521 0.620421 0.098618 0.005683 0.000383 0.000029 0.000002 0.000000 0.000000
4321.0 1.000000 1.000000 1.000000 0.794364 0.620162 0.099149 0.005706 0.000384 0.000029 0.000002 0.000000 0.000000
4322.0 1.000000 1.000000 1.000000 0.794207 0.619902 0.099683 0.005730 0.000385 0.000029 0.000002 0.000000 0.000000
4323.0 1.000000 1.000000 1.000000 0.794051 0.619642 0.100220 0.005753 0.000386 0.000029 0.000002 0.000000 0.000000
4324.0 1.000000 1.000000 1.000000 0.793894 0.619383 0.100761 0.005777 0.000387 0.000029 0.000002 0.000000 0.000000
4325.0 1.000000 1.000000 1.000000 0.793737 0.619123 0.101305 0.005801 0.000388 0.000029 0.000002 0.000000 0.000000
4326.0 1.000000 1.000000 1.000000 0.793580 0.618863 0.101852 0.005825 0.000389 0.000029 0.000002 0.000000 0.000000
4327.0 1.000000 1.000000 1.000000 0.793423 0.618603 0.102403 0.005849 0.000391 0.000029 0.000002 0.000000 0.000000
4328.0 1.000000 1.000000 1.000000 0.793266 0.618343 0.102957 0.005873 0.000392 0.000029 0.000002 0.000000 0.000000
4329.0 1.000000 1.000000 1.000000 0.793109 0.618083 0.103515 0.005898 0.000393 0.000029 0.000002 0.000000 0.000000
4330.0 1.000000 1.000000 1.000000 0.792952 0.617823 0.104077 0.005922 0.000394 0.000029 0.000002 0.000000 0.000000
4331.0 1.000000 1.000000 1.000000 0.792795 0.617563 0.104641 0.005947 0.000395 0.000029 0.000002 0.000000 0.000000
4332.0 1.000000 1.000000 1.000000 0.792637 0.617302 0.105209 0.005972 0.000397 0.000029 0.000002 0.000000 0.000000
4333.0 1.000000 1.000000 1.000000 0.792480 0.617042 0.105781 0.005997 0.000398 0.000029 0.000002 0.000000 0.000000
4334.0 1.000000 1.000000 1.000000 0.792323 0.616782 0.106357 0.006022 0.000399 0.000030 0.000002 0.000000 0.000000
4335.0 1.000000 1.000000 1.000000 0.792165 0.616521 0.106936 0.006047 0.000400 0.000030 0.000002 0.000000 0.000000
4336.0 1.000000 1.000000 1.000000 0.792008 0.616261 0.107518 0.006072 0.000401 0.000030 0.000002 0.000000 0.000000
4337.0 1.000000 1.000000 1.000000 0.791850 0.616000 0.108104 0.006097 0.000403 0.000030 0.000002 0.000000 0.000000
4338.0 1.000000 1.000000 1.000000 0.791692 0.615740 0.108694 0.006123 0.000404 0.000030 0.000002 0.000000 0.000000
4339.0 1.000000 1.000000 1.000000 0.791535 0.615479 0.109288 0.006148 0.000405 0.000030 0.000002 0.000000 0.000000
4340.0 1.000000 1.000000 1.000000 0.791377 0.615218 0.109886 0.006174 0.000406 0.000030 0.000002 0.000000 0.000000
4341.0 1.000000 1.000000 1.000000 0.791219 0.614957 0.110487 0.006200 0.000408 0.000030 0.000002 0.000000 0.000000
4342.0 1.000000 1.000000 1.000000 0.791061 0.614697 0.111091 0.006226 0.000409 0.000030 0.000002 0.000000 0.000000
4343.0 1.000000 1.000000 1.000000 0.790903 0.614436 0.111700 0.006252 0.000410 0.000030 0.000002 0.000000 0.000000
4344.0 1.000000 1.000000 1.000000 0.790745 0.614175 0.112312 0.006279 0.000411 0.000030 0.000002 0.000000 0.000000
4345.0 1.000000 1.000000 1.000000 0.790587 0.613914 0.112928 0.006305 0.000413 0.000030 0.000002 0.000000 0.000000
4346.0 1.000000 1.000000 1.000000 0.790428 0.613653 0.113549 0.006332 0.000414 0.000030 0.000002 0.000000 0.000000
4347.0 1.000000 1.000000 1.000000 0.790270 0.613392 0.114173 0.006358 0.000415 0.000030 0.000002 0.000000 0.000000
4348.0 1.000000 1.000000 1.000000 0.790112 0.613130 0.114801 0.006385 0.000416 0.000030 0.000002 0.000000 0.000000
4349.0 1.000000 1.000000 1.000000 0.789953 0.612869 0.115433 0.006412 0.000418 0.000030 0.000002 0.000000 0.000000
4350.0 1.000000 1.000000 1.000000 0.789795 0.612608 0.116069 0.006439 0.000419 0.000031 0.000002 0.000000 0.000000
4351.0 1.000000 1.000000 1.000000 0.789636 0.612347 0.116709 0.006467 0.000420 0.000031 0.000002 0.000000 0.000000
4352.0 1.000000 1.000000 1.000000 0.789478 0.612085 0.117352 0.006494 0.000422 0.000031 0.000002 0.000000 0.000000
4353.0 1.000000 1.000000 1.000000 0.789319 0.611824 0.118001 0.006522 0.000423 0.000031 0.000002 0.000000 0.000000
4354.0 1.000000 1.000000 1.000000 0.789160 0.611562 0.118653 0.006549 0.000424 0.000031 0.000002 0.000000 0.000000
4355.0 1.000000 1.000000 1.000000 0.789001 0.611301 0.119310 0.006577 0.000426 0.000031 0.000002 0.000000 0.000000
4356.0 1.000000 1.000000 1.000000 0.788842 0.611039 0.119970 0.006605 0.000427 0.000031 0.000002 0.000000 0.000000
4357.0 1.000000 1.000000 1.000000 0.788683 0.610777 0.120634 0.006633 0.000428 0.000031 0.000002 0.000000 0.000000
4358.0 1.000000 1.000000 1.000000 0.788524 0.610516 0.121303 0.006662 0.000429 0.000031 0.000002 0.000000 0.000000
4359.0 1.000000 1.000000 1.000000 0.788365 0.610254 0.121976 0.006690 0.000431 0.000031 0.000002 0.000000 0.000000
4360.0 1.000000 1.000000 1.000000 0.788206 0.609992 0.122654 0.006719 0.000432 0.000031 0.000002 0.000000 0.000000
4361.0 1.000000 1.000000 1.000000 0.788047 0.609730 0.123335 0.006747 0.000434 0.000031 0.000002 0.000000 0.000000
4362.0 1.000000 1.000000 1.000000 0.787888 0.609468 0.124022 0.006776 0.000435 0.000031 0.000002 0.000000 0.000000
4363.0 1.000000 1.000000 1.000000 0.787728 0.609206 0.124712 0.006805 0.000436 0.000031 0.000002 0.000000 0.000000
4364.0 1.000000 1.000000 1.000000 0.787569 0.608944 0.125407 0.006834 0.000438 0.000031 0.000002 0.000000 0.000000
4365.0 1.000000 1.000000 1.000000 0.787409 0.608682 0.126106 0.006864 0.000439 0.000031 0.000002 0.000000 0.000000
4366.0 1.000000 1.000000 1.000000 0.787250 0.608420 0.126810 0.006893 0.000440 0.000032 0.000002 0.000000 0.000000
4367.0 1.000000 1.000000 1.000000 0.787090 0.608158 0.127518 0.006923 0.000442 0.000032 0.000002 0.000000 0.000000
4368.0 1.000000 1.000000 1.000000 0.786931 0.607896 0.128230 0.006953 0.000443 0.000032 0.000002 0.000000 0.000000
4369.0 1.000000 1.000000 1.000000 0.786771 0.607633 0.128948 0.006983 0.000445 0.000032 0.000002 0.000000 0.000000
4370.0 1.000000 1.000000 1.000000 0.786611 0.607371 0.129669 0.007013 0.000446 0.000032 0.000002 0.000000 0.000000
4371.0 1.000000 1.000000 1.000000 0.786451 0.607108 0.130396 0.007043 0.000447 0.000032 0.000002 0.000000 0.000000
4372.0 1.000000 1.000000 1.000000 0.786291 0.606846 0.131127 0.007073 0.000449 0.000032 0.000002 0.000000 0.000000
4373.0 1.000000 1.000000 1.000000 0.786131 0.606583 0.131863 0.007104 0.000450 0.000032 0.000002 0.000000 0.000000
4374.0 1.000000 1.000000 1.000000 0.785971 0.606321 0.132603 0.007135 0.000452 0.000032 0.000002 0.000000 0.000000
4375.0 1.000000 1.000000 1.000000 0.785811 0.606058 0.133348 0.007166 0.000453 0.000032 0.000002 0.000000 0.000000
4376.0 1.000000 1.000000 1.000000 0.785651 0.605796 0.134098 0.007197 0.000455 0.000032 0.000002 0.000000 0.000000
4377.0 1.000000 1.000000 1.000000 0.785490 0.669767 0.134853 0.007228 0.000456 0.000032 0.000002 0.000000 0.000000
4378.0 1.000000 1.000000 1.000000 0.785330 0.669536 0.135612 0.007259 0.000457 0.000032 0.000002 0.000000 0.000000
4379.0 1.000000 1.000000 1.000000 0.785170 0.669305 0.136377 0.007291 0.000459 0.000032 0.000002 0.000000 0.000000
4380.0 1.000000 1.000000 1.000000 0.785009 0.669074 0.137146 0.007323 0.000460 0.000032 0.000002 0.000000 0.000000
4381.0 1.000000 1.000000 1.000000 0.784849 0.668843 0.137921 0.007354 0.000462 0.000033 0.000002 0.000000 0.000000
4382.0 1.000000 1.000000 1.000000 0.784688 0.668611 0.138700 0.007387 0.000463 0.000033 0.000002 0.000000 0.000000
4383.0 1.000000 1.000000 1.000000 0.784527 0.668380 0.139485 0.007419 0.000465 0.000033 0.000003 0.000000 0.000000
4384.0 1.000000 1.000000 1.000000 0.784366 0.668149 0.140274 0.007451 0.000466 0.000033 0.000003 0.000000 0.000000
4385.0 1.000000 1.000000 1.000000 0.784206 0.667917 0.141068 0.007484 0.000468 0.000033 0.000003 0.000000 0.000000
4386.0 1.000000 1.000000 1.000000 0.784045 0.667685 0.141868 0.007516 0.000469 0.000033 0.000003 0.000000 0.000000
4387.0 1.000000 1.000000 1.000000 0.783884 0.667454 0.142673 0.007549 0.000471 0.000033 0.000003 0.000000 0.000000
4388.0 1.000000 1.000000 1.000000 0.783723 0.667222 0.143482 0.007582 0.000472 0.000033 0.000003 0.000000 0.000000
4389.0 1.000000 1.000000 1.000000 0.783562 0.666990 0.144298 0.007616 0.000474 0.000033 0.000003 0.000000 0.000000
4390.0 1.000000 1.000000 1.000000 0.783401 0.666759 0.145118 0.007649 0.000475 0.000033 0.000003 0.000000 0.000000
4391.0 1.000000 1.000000 1.000000 0.783239 0.666527 0.145944 0.007683 0.000477 0.000033 0.000003 0.000000 0.000000
4392.0 1.000000 1.000000 1.000000 0.783078 0.666295 0.146775 0.007717 0.000478 0.000033 0.000003 0.000000 0.000000
4393.0 1.000000 1.000000 1.000000 0.782917 0.666063 0.147612 0.007751 0.000480 0.000033 0.000003 0.000000 0.000000
4394.0 1.000000 1.000000 1.000000 0.782755 0.665831 0.148454 0.007785 0.000482 0.000033 0.000003 0.000000 0.000000
4395.0 1.000000 1.000000 1.000000 0.782594 0.665598 0.149301 0.007819 0.000483 0.000034 0.000003 0.000000 0.000000
4396.0 1.000000 1.000000 1.000000 0.782432 0.665366 0.150154 0.007854 0.000485 0.000034 0.000003 0.000000 0.000000
4397.0 1.000000 1.000000 1.000000 0.782271 0.665134 0.151013 0.007888 0.000486 0.000034 0.000003 0.000000 0.000000
4398.0 1.000000 1.000000 1.000000 0.782109 0.664902 0.151877 0.007923 0.000488 0.000034 0.000003 0.000000 0.000000
4399.0 1.000000 1.000000 1.000000 0.781947 0.664669 0.152746 0.007958 0.000489 0.000034 0.000003 0.000000 0.000000
4400.0 1.000000 1.000000 1.000000 0.781785 0.664437 0.153622 0.007994 0.000491 0.000034 0.000003 0.000000 0.000000
4401.0 1.000000 1.000000 1.000000 0.781624 0.664204 0.154503 0.008029 0.000493 0.000034 0.000003 0.000000 0.000000
4402.0 1.000000 1.000000 1.000000 0.781462 0.663972 0.155389 0.008065 0.000494 0.000034 0.000003 0.000000 0.000000
4403.0 1.000000 1.000000 1.000000 0.781300 0.663739 0.156282 0.008101 0.000496 0.000034 0.000003 0.000000 0.000000
4404.0 1.000000 1.000000 1.000000 0.781138 0.663506 0.157180 0.008137 0.000498 0.000034 0.000003 0.000000 0.000000
4405.0 1.000000 1.000000 1.000000 0.780975 0.663273 0.158084 0.008173 0.000499 0.000034 0.000003 0.000000 0.000000
4406.0 1.000000 1.000000 1.000000 0.780813 0.663040 0.158994 0.008209 0.000501 0.000034 0.000003 0.000000 0.000000
4407.0 1.000000 1.000000 1.000000 0.780651 0.662808 0.159911 0.008246 0.000502 0.000034 0.000003 0.000000 0.000000
4408.0 1.000000 1.000000 1.000000 0.780489 0.662575 0.160832 0.008283 0.000504 0.000035 0.000003 0.000000 0.000000
4409.0 1.000000 1.000000 1.000000 0.780326 0.662341 0.161760 0.008320 0.000506 0.000035 0.000003 0.000000 0.000000
4410.0 1.000000 1.000000 1.000000 0.780164 0.662108 0.162695 0.008357 0.000507 0.000035 0.000003 0.000000 0.000000
4411.0 1.000000 1.000000 1.000000 0.780001 0.661875 0.163635 0.008394 0.000509 0.000035 0.000003 0.000000 0.000000
4412.0 1.000000 1.000000 1.000000 0.779839 0.661642 0.164582 0.008432 0.000511 0.000035 0.000003 0.000000 0.000000
4413.0 1.000000 1.000000 1.000000 0.779676 0.661409 0.165534 0.008470 0.000513 0.000035 0.000003 0.000000 0.000000
4414.0 1.000000 1.000000 1.000000 0.779513 0.661175 0.166493 0.008508 0.000514 0.000035 0.000003 0.000000 0.000000
4415.0 1.000000 1.000000 1.000000 0.779351 0.660942 0.167458 0.008546 0.000516 0.000035 0.000003 0.000000 0.000000
4416.0 1.000000 1.000000 1.000000 0.779188 0.660708 0.168430 0.008584 0.000518 0.000035 0.000003 0.000000 0.000000
4417.0 1.000000 1.000000 1.000000 0.779025 0.660475 0.169408 0.008623 0.000519 0.000035 0.000003 0.000000 0.000000
4418.0 1.000000 1.000000 1.000000 0.778862 0.660241 0.170392 0.008662 0.000521 0.000035 0.000003 0.000000 0.000000
4419.0 1.000000 1.000000 1.000000 0.778699 0.660007 0.171383 0.008701 0.000523 0.000035 0.000003 0.000000 0.000000
4420.0 1.000000 1.000000 1.000000 0.778536 0.659774 0.172380 0.008740 0.000525 0.000035 0.000003 0.000000 0.000000
4421.0 1.000000 1.000000 1.000000 0.778372 0.659540 0.173384 0.008780 0.000526 0.000036 0.000003 0.000000 0.000000
4422.0 1.000000 1.000000 1.000000 0.778209 0.659306 0.174395 0.008819 0.000528 0.000036 0.000003 0.000000 0.000000
4423.0 1.000000 1.000000 1.000000 0.778046 0.659072 0.175412 0.008859 0.000530 0.000036 0.000003 0.000000 0.000000
4424.0 1.000000 1.000000 1.000000 0.777882 0.658838 0.176436 0.008899 0.000532 0.000036 0.000003 0.000000 0.000000
4425.0 1.000000 1.000000 1.000000 0.777719 0.658604 0.177467 0.008940 0.000534 0.000036 0.000003 0.000000 0.000000
4426.0 1.000000 1.000000 1.000000 0.777556 0.658370 0.178504 0.008980 0.000535 0.000036 0.000003 0.000000 0.000000
4427.0 1.000000 1.000000 1.000000 0.777392 0.658135 0.179549 0.009021 0.000537 0.000036 0.000003 0.000000 0.000000
4428.0 1.000000 1.000000 1.000000 0.777228 0.657901 0.180600 0.009062 0.000539 0.000036 0.000003 0.000000 0.000000
4429.0 1.000000 1.000000 1.000000 0.777065 0.657667 0.181658 0.009103 0.000541 0.000036 0.000003 0.000000 0.000000
4430.0 1.000000 1.000000 1.000000 0.776901 0.657432 0.182724 0.009145 0.000543 0.000036 0.000003 0.000000 0.000000
4431.0 1.000000 1.000000 1.000000 0.776737 0.657198 0.183796 0.009187 0.000544 0.000036 0.000003 0.000000 0.000000
4432.0 1.000000 1.000000 1.000000 0.776573 0.656963 0.184875 0.009228 0.000546 0.000036 0.000003 0.000000 0.000000
4433.0 1.000000 1.000000 1.000000 0.776409 0.656729 0.185962 0.009271 0.000548 0.000037 0.000003 0.000000 0.000000
4434.0 1.000000 1.000000 1.000000 0.776245 0.656494 0.187056 0.009313 0.000550 0.000037 0.000003 0.000000 0.000000
4435.0 1.000000 1.000000 1.000000 0.776081 0.656260 0.188157 0.009356 0.000552 0.000037 0.000003 0.000000 0.000000
4436.0 1.000000 1.000000 1.000000 0.775917 0.656025 0.189265 0.009398 0.000554 0.000037 0.000003 0.000000 0.000000
4437.0 1.000000 1.000000 1.000000 0.775753 0.655790 0.190381 0.009441 0.000556 0.000037 0.000003 0.000000 0.000000
4438.0 1.000000 1.000000 1.000000 0.775588 0.655555 0.191505 0.009485 0.000558 0.000037 0.000003 0.000000 0.000000
4439.0 1.000000 1.000000 1.000000 0.775424 0.655320 0.192636 0.009528 0.000559 0.000037 0.000003 0.000000 0.000000
4440.0 1.000000 1.000000 1.000000 0.775260 0.655085 0.193773 0.009572 0.000561 0.000037 0.000003 0.000000 0.000000
4441.0 1.000000 1.000000 1.000000 0.775095 0.654850 0.194920 0.009616 0.000563 0.000037 0.000003 0.000000 0.000000
4442.0 1.000000 1.000000 1.000000 0.774930 0.654615 0.196074 0.009660 0.000565 0.000037 0.000003 0.000000 0.000000
4443.0 1.000000 1.000000 1.000000 0.774766 0.654380 0.197234 0.009705 0.000567 0.000037 0.000003 0.000000 0.000000
4444.0 1.000000 1.000000 1.000000 0.774601 0.654144 0.198403 0.009750 0.000569 0.000038 0.000003 0.000000 0.000000
4445.0 1.000000 1.000000 1.000000 0.774436 0.653909 0.199580 0.009795 0.000571 0.000038 0.000003 0.000000 0.000000
4446.0 1.000000 1.000000 1.000000 0.774272 0.653674 0.200765 0.009840 0.000573 0.000038 0.000003 0.000000 0.000000
4447.0 1.000000 1.000000 1.000000 0.774107 0.653438 0.201957 0.009885 0.000575 0.000038 0.000003 0.000000 0.000000
4448.0 1.000000 1.000000 1.000000 0.773942 0.653203 0.203159 0.009931 0.000577 0.000038 0.000003 0.000000 0.000000
4449.0 1.000000 1.000000 1.000000 0.773777 0.652967 0.204367 0.009977 0.000579 0.000038 0.000003 0.000000 0.000000
4450.0 1.000000 1.000000 1.000000 0.773612 0.652731 0.205584 0.010023 0.000581 0.000038 0.000003 0.000000 0.000000
4451.0 1.000000 1.000000 1.000000 0.773447 0.652496 0.206809 0.010070 0.000583 0.000038 0.000003 0.000000 0.000000
4452.0 1.000000 1.000000 1.000000 0.773281 0.652260 0.208042 0.010117 0.000585 0.000038 0.000003 0.000000 0.000000
4453.0 1.000000 1.000000 1.000000 0.773116 0.652024 0.209283 0.010164 0.000587 0.000038 0.000003 0.000000 0.000000
4454.0 1.000000 1.000000 1.000000 0.772951 0.651788 0.210533 0.010211 0.000589 0.000038 0.000003 0.000000 0.000000
4455.0 1.000000 1.000000 1.000000 0.772785 0.651552 0.211792 0.010258 0.000591 0.000039 0.000003 0.000000 0.000000
4456.0 1.000000 1.000000 1.000000 0.772620 0.651316 0.213058 0.010306 0.000593 0.000039 0.000003 0.000000 0.000000
4457.0 1.000000 1.000000 1.000000 0.772454 0.651080 0.214334 0.010354 0.000595 0.000039 0.000003 0.000000 0.000000
4458.0 1.000000 1.000000 1.000000 0.772289 0.650844 0.215617 0.010403 0.000597 0.000039 0.000003 0.000000 0.000000
4459.0 1.000000 1.000000 1.000000 0.772123 0.650608 0.216909 0.010451 0.000599 0.000039 0.000003 0.000000 0.000000
4460.0 1.000000 1.000000 1.000000 0.771957 0.650372 0.218211 0.010500 0.000601 0.000039 0.000003 0.000000 0.000000
4461.0 1.000000 1.000000 1.000000 0.771792 0.650135 0.219521 0.010549 0.000604 0.000039 0.000003 0.000000 0.000000
4462.0 1.000000 1.000000 1.000000 0.771626 0.649899 0.220840 0.010599 0.000606 0.000039 0.000003 0.000000 0.000000
4463.0 1.000000 1.000000 1.000000 0.771460 0.649662 0.222168 0.010648 0.000608 0.000039 0.000003 0.000000 0.000000
4464.0 1.000000 1.000000 1.000000 0.771294 0.649426 0.223504 0.010698 0.000610 0.000039 0.000003 0.000000 0.000000
4465.0 1.000000 1.000000 1.000000 0.771128 0.649189 0.224850 0.010748 0.000612 0.000039 0.000003 0.000000 0.000000
4466.0 1.000000 1.000000 1.000000 0.770962 0.648953 0.226205 0.010799 0.000614 0.000040 0.000003 0.000000 0.000000
4467.0 1.000000 1.000000 1.000000 0.770795 0.648716 0.227569 0.010850 0.000616 0.000040 0.000003 0.000000 0.000000
4468.0 1.000000 1.000000 1.000000 0.770629 0.648479 0.228943 0.010901 0.000619 0.000040 0.000003 0.000000 0.000000
4469.0 1.000000 1.000000 1.000000 0.770463 0.648243 0.230325 0.010952 0.000621 0.000040 0.000003 0.000000 0.000000
4470.0 1.000000 1.000000 1.000000 0.770297 0.648006 0.231718 0.011004 0.000623 0.000040 0.000003 0.000000 0.000000
4471.0 1.000000 1.000000 1.000000 0.770130 0.647769 0.233119 0.011056 0.000625 0.000040 0.000003 0.000000 0.000000
4472.0 1.000000 1.000000 1.000000 0.769964 0.647532 0.234531 0.011108 0.000627 0.000040 0.000003 0.000000 0.000000
4473.0 1.000000 1.000000 1.000000 0.769797 0.647295 0.235951 0.011161 0.000630 0.000040 0.000003 0.000000 0.000000
4474.0 1.000000 1.000000 1.000000 0.769630 0.647058 0.237381 0.011213 0.000632 0.000040 0.000003 0.000000 0.000000
4475.0 1.000000 1.000000 1.000000 0.769464 0.646820 0.238821 0.011267 0.000634 0.000040 0.000003 0.000000 0.000000
4476.0 1.000000 1.000000 1.000000 0.769297 0.646583 0.240271 0.011320 0.000636 0.000041 0.000003 0.000000 0.000000
4477.0 1.000000 1.000000 1.000000 0.769130 0.646346 0.241732 0.011374 0.000639 0.000041 0.000003 0.000000 0.000000
4478.0 1.000000 1.000000 1.000000 0.768963 0.646109 0.243201 0.011428 0.000641 0.000041 0.000003 0.000000 0.000000
4479.0 1.000000 1.000000 1.000000 0.768796 0.645871 0.244680 0.011482 0.000643 0.000041 0.000003 0.000000 0.000000
4480.0 1.000000 1.000000 1.000000 0.768629 0.645634 0.246171 0.011537 0.000645 0.000041 0.000003 0.000000 0.000000
4481.0 1.000000 1.000000 1.000000 0.768462 0.645396 0.247670 0.011592 0.000648 0.000041 0.000003 0.000000 0.000000
4482.0 1.000000 1.000000 1.000000 0.768295 0.645159 0.249181 0.011647 0.000650 0.000041 0.000003 0.000000 0.000000
4483.0 1.000000 1.000000 1.000000 0.768128 0.644921 0.250701 0.011702 0.000652 0.000041 0.000003 0.000000 0.000000
4484.0 1.000000 1.000000 1.000000 0.767961 0.644683 0.252233 0.011758 0.000655 0.000041 0.000003 0.000000 0.000000
4485.0 1.000000 1.000000 1.000000 0.767793 0.644446 0.253775 0.011814 0.000657 0.000041 0.000003 0.000000 0.000000
4486.0 1.000000 1.000000 1.000000 0.767626 0.644208 0.255326 0.011871 0.000659 0.000042 0.000003 0.000000 0.000000
4487.0 1.000000 1.000000 1.000000 0.767458 0.643970 0.256890 0.011928 0.000662 0.000042 0.000003 0.000000 0.000000
4488.0 1.000000 1.000000 1.000000 0.767291 0.643732 0.258463 0.011985 0.000664 0.000042 0.000003 0.000000 0.000000
4489.0 1.000000 1.000000 1.000000 0.767123 0.643494 0.260047 0.012042 0.000667 0.000042 0.000003 0.000000 0.000000
4490.0 1.000000 1.000000 1.000000 0.766956 0.643256 0.261643 0.012100 0.000669 0.000042 0.000003 0.000000 0.000000
4491.0 1.000000 1.000000 1.000000 0.766788 0.643018 0.263249 0.012158 0.000671 0.000042 0.000003 0.000000 0.000000
4492.0 1.000000 1.000000 1.000000 0.766620 0.642780 0.264867 0.012217 0.000674 0.000042 0.000003 0.000000 0.000000
4493.0 1.000000 1.000000 1.000000 0.766452 0.642542 0.266495 0.012275 0.000676 0.000042 0.000003 0.000000 0.000000
4494.0 1.000000 1.000000 1.000000 0.766284 0.642303 0.268134 0.012335 0.000679 0.000042 0.000003 0.000000 0.000000
4495.0 1.000000 1.000000 1.000000 0.766116 0.642065 0.269786 0.012394 0.000681 0.000043 0.000003 0.000000 0.000000
4496.0 1.000000 1.000000 1.000000 0.765948 0.641827 0.271448 0.012454 0.000684 0.000043 0.000003 0.000000 0.000000
4497.0 1.000000 1.000000 1.000000 0.765780 0.641588 0.273122 0.012514 0.000686 0.000043 0.000003 0.000000 0.000000
4498.0 1.000000 1.000000 1.000000 0.765612 0.641350 0.274808 0.012574 0.000689 0.000043 0.000003 0.000000 0.000000
4499.0 1.000000 1.000000 1.000000 0.765444 0.641111 0.276505 0.012635 0.000691 0.000043 0.000003 0.000000 0.000000
4500.0 1.000000 1.000000 1.000000 0.765276 0.640872 0.278213 0.012696 0.000694 0.000043 0.000003 0.000000 0.000000
4501.0 1.000000 1.000000 1.000000 0.765107 0.640634 0.279934 0.012758 0.000696 0.000043 0.000003 0.000000 0.000000
4502.0 1.000000 1.000000 1.000000 0.764939 0.640395 0.281666 0.012820 0.000699 0.000043 0.000003 0.000000 0.000000
4503.0 1.000000 1.000000 1.000000 0.764770 0.640156 0.283410 0.012882 0.000701 0.000043 0.000003 0.000000 0.000000
4504.0 1.000000 1.000000 1.000000 0.764602 0.639917 0.285167 0.012945 0.000704 0.000043 0.000003 0.000000 0.000000
4505.0 1.000000 1.000000 1.000000 0.764433 0.639678 0.286937 0.013007 0.000706 0.000044 0.000003 0.000000 0.000000
4506.0 1.000000 1.000000 1.000000 0.764264 0.639439 0.288717 0.013071 0.000709 0.000044 0.000003 0.000000 0.000000
4507.0 1.000000 1.000000 1.000000 0.764096 0.639200 0.290510 0.013134 0.000712 0.000044 0.000003 0.000000 0.000000
4508.0 1.000000 1.000000 1.000000 0.763927 0.638961 0.292316 0.013198 0.000714 0.000044 0.000003 0.000000 0.000000
4509.0 1.000000 1.000000 1.000000 0.763758 0.638722 0.294135 0.013263 0.000717 0.000044 0.000003 0.000000 0.000000
4510.0 1.000000 1.000000 1.000000 0.763589 0.638483 0.295966 0.013327 0.000720 0.000044 0.000003 0.000000 0.000000
4511.0 1.000000 1.000000 1.000000 0.763420 0.638244 0.297810 0.013393 0.000722 0.000044 0.000003 0.000000 0.000000
4512.0 1.000000 1.000000 1.000000 0.763251 0.638004 0.299666 0.013458 0.000725 0.000044 0.000003 0.000000 0.000000
4513.0 1.000000 1.000000 1.000000 0.763082 0.637765 0.301537 0.013524 0.000728 0.000045 0.000003 0.000000 0.000000
4514.0 1.000000 1.000000 1.000000 0.762913 0.637525 0.303419 0.013590 0.000730 0.000045 0.000003 0.000000 0.000000
4515.0 1.000000 1.000000 1.000000 0.762743 0.637286 0.305315 0.013657 0.000733 0.000045 0.000003 0.000000 0.000000
4516.0 1.000000 1.000000 1.000000 0.762574 0.637046 0.307224 0.013724 0.000736 0.000045 0.000003 0.000000 0.000000
4517.0 1.000000 1.000000 1.000000 0.762405 0.636807 0.309147 0.013791 0.000738 0.000045 0.000003 0.000000 0.000000
4518.0 1.000000 1.000000 1.000000 0.762235 0.636567 0.311082 0.013859 0.000741 0.000045 0.000003 0.000000 0.000000
4519.0 1.000000 1.000000 1.000000 0.762066 0.636327 0.313031 0.013927 0.000744 0.000045 0.000003 0.000000 0.000000
4520.0 1.000000 1.000000 1.000000 0.761896 0.636088 0.314995 0.013996 0.000747 0.000045 0.000003 0.000000 0.000000
4521.0 1.000000 1.000000 1.000000 0.761727 0.635848 0.316972 0.014065 0.000749 0.000045 0.000003 0.000000 0.000000
4522.0 1.000000 1.000000 1.000000 0.761557 0.635608 0.318963 0.014134 0.000752 0.000046 0.000003 0.000000 0.000000
4523.0 1.000000 1.000000 1.000000 0.761387 0.635368 0.320967 0.014204 0.000755 0.000046 0.000003 0.000000 0.000000
4524.0 1.000000 1.000000 1.000000 0.761217 0.635128 0.322986 0.014274 0.000758 0.000046 0.000003 0.000000 0.000000
4525.0 1.000000 1.000000 1.000000 0.761047 0.634888 0.325018 0.014344 0.000761 0.000046 0.000003 0.000000 0.000000
4526.0 1.000000 1.000000 1.000000 0.760877 0.634648 0.327065 0.014415 0.000764 0.000046 0.000003 0.000000 0.000000
4527.0 1.000000 1.000000 1.000000 0.760707 0.634408 0.329127 0.014487 0.000766 0.000046 0.000003 0.000000 0.000000
4528.0 1.000000 1.000000 1.000000 0.760537 0.634167 0.331203 0.014558 0.000769 0.000046 0.000003 0.000000 0.000000
4529.0 1.000000 1.000000 1.000000 0.760367 0.633927 0.333294 0.014631 0.000772 0.000046 0.000003 0.000000 0.000000
4530.0 1.000000 1.000000 1.000000 0.760197 0.633687 0.335399 0.014703 0.000775 0.000047 0.000003 0.000000 0.000000
4531.0 1.000000 1.000000 1.000000 0.760027 0.633446 0.337519 0.014776 0.000778 0.000047 0.000003 0.000000 0.000000
4532.0 1.000000 1.000000 1.000000 0.759856 0.633206 0.339654 0.014850 0.000781 0.000047 0.000003 0.000000 0.000000
4533.0 1.000000 1.000000 1.000000 0.759686 0.632965 0.341803 0.014924 0.000784 0.000047 0.000003 0.000000 0.000000
4534.0 1.000000 1.000000 1.000000 0.759515 0.632725 0.343970 0.014998 0.000787 0.000047 0.000003 0.000000 0.000000
4535.0 1.000000 1.000000 1.000000 0.759345 0.632484 0.346151 0.015073 0.000790 0.000047 0.000003 0.000000 0.000000
4536.0 1.000000 1.000000 1.000000 0.759174 0.632244 0.348346 0.015148 0.000793 0.000047 0.000003 0.000000 0.000000
4537.0 1.000000 1.000000 1.000000 0.759004 0.632003 0.350557 0.015224 0.000796 0.000047 0.000003 0.000000 0.000000
4538.0 1.000000 1.000000 1.000000 0.758833 0.631762 0.352785 0.015300 0.000799 0.000048 0.000003 0.000000 0.000000
4539.0 1.000000 1.000000 1.000000 0.758662 0.631521 0.355028 0.015376 0.000802 0.000048 0.000003 0.000000 0.000000
4540.0 1.000000 1.000000 1.000000 0.758491 0.631280 0.357287 0.015453 0.000805 0.000048 0.000003 0.000000 0.000000
4541.0 1.000000 1.000000 1.000000 0.758321 0.631040 0.359563 0.015531 0.000808 0.000048 0.000003 0.000000 0.000000
4542.0 1.000000 1.000000 1.000000 0.758150 0.630798 0.361853 0.015608 0.000811 0.000048 0.000003 0.000000 0.000000
4543.0 1.000000 1.000000 1.000000 0.757978 0.630557 0.364161 0.015687 0.000814 0.000048 0.000003 0.000000 0.000000
4544.0 1.000000 1.000000 1.000000 0.757807 0.630316 0.366485 0.015766 0.000817 0.000048 0.000003 0.000000 0.000000
4545.0 1.000000 1.000000 1.000000 0.757636 0.630075 0.368824 0.015845 0.000820 0.000048 0.000003 0.000000 0.000000
4546.0 1.000000 1.000000 1.000000 0.757465 0.629834 0.371181 0.015924 0.000824 0.000049 0.000003 0.000000 0.000000
4547.0 1.000000 1.000000 1.000000 0.757294 0.629593 0.373554 0.016005 0.000827 0.000049 0.000003 0.000000 0.000000
4548.0 1.000000 1.000000 1.000000 0.757122 0.629351 0.375946 0.016085 0.000830 0.000049 0.000003 0.000000 0.000000
4549.0 1.000000 1.000000 1.000000 0.756951 0.629110 0.378354 0.016166 0.000833 0.000049 0.000003 0.000000 0.000000
4550.0 1.000000 1.000000 1.000000 0.756780 0.628869 0.380778 0.016248 0.000836 0.000049 0.000003 0.000000 0.000000
4551.0 1.000000 1.000000 1.000000 0.756608 0.628627 0.383219 0.016330 0.000839 0.000049 0.000003 0.000000 0.000000
4552.0 1.000000 1.000000 1.000000 0.756436 0.628385 0.385679 0.016413 0.000843 0.000049 0.000003 0.000000 0.000000
4553.0 1.000000 1.000000 1.000000 0.756265 0.628144 0.388155 0.016496 0.000846 0.000050 0.000003 0.000000 0.000000
4554.0 1.000000 1.000000 1.000000 0.756093 0.627902 0.390649 0.016579 0.000849 0.000050 0.000003 0.000000 0.000000
4555.0 1.000000 1.000000 1.000000 0.755921 0.627661 0.393162 0.016663 0.000852 0.000050 0.000003 0.000000 0.000000
4556.0 1.000000 1.000000 1.000000 0.755749 0.627419 0.395693 0.016748 0.000856 0.000050 0.000003 0.000000 0.000000
4557.0 1.000000 1.000000 1.000000 0.755577 0.627177 0.398241 0.016833 0.000859 0.000050 0.000003 0.000000 0.000000
4558.0 1.000000 1.000000 1.000000 0.755405 0.626935 0.400808 0.016918 0.000862 0.000050 0.000003 0.000000 0.000000
4559.0 1.000000 1.000000 1.000000 0.755233 0.626693 0.402667 0.017004 0.000866 0.000050 0.000003 0.000000 0.000000
4560.0 1.000000 1.000000 1.000000 0.755061 0.626451 0.402354 0.017091 0.000869 0.000051 0.000003 0.000000 0.000000
4561.0 1.000000 1.000000 1.000000 0.754889 0.626209 0.402041 0.017178 0.000872 0.000051 0.000003 0.000000 0.000000
4562.0 1.000000 1.000000 1.000000 0.754717 0.625967 0.401729 0.017265 0.000876 0.000051 0.000003 0.000000 0.000000
4563.0 1.000000 1.000000 1.000000 0.754545 0.625725 0.401197 0.017353 0.000879 0.000051 0.000003 0.000000 0.000000
4564.0 1.000000 1.000000 1.000000 0.754372 0.625483 0.401609 0.017442 0.000883 0.000051 0.000003 0.000000 0.000000
4565.0 1.000000 1.000000 1.000000 0.754200 0.625241 0.401918 0.017531 0.000886 0.000051 0.000003 0.000000 0.000000
4566.0 1.000000 1.000000 1.000000 0.754027 0.624998 0.402379 0.017621 0.000889 0.000051 0.000003 0.000000 0.000000
4567.0 1.000000 1.000000 1.000000 0.753855 0.624756 0.403048 0.017711 0.000893 0.000051 0.000003 0.000000 0.000000
4568.0 1.000000 1.000000 1.000000 0.753682 0.624513 0.403329 0.017802 0.000896 0.000052 0.000003 0.000000 0.000000
4569.0 1.000000 1.000000 1.000000 0.753510 0.624271 0.403694 0.017894 0.000900 0.000052 0.000003 0.000000 0.000000
4570.0 1.000000 1.000000 1.000000 0.753337 0.624029 0.404162 0.017985 0.000904 0.000052 0.000003 0.000000 0.000000
4571.0 1.000000 1.000000 1.000000 0.753164 0.623786 0.404755 0.018078 0.000907 0.000052 0.000003 0.000000 0.000000
4572.0 1.000000 1.000000 1.000000 0.752991 0.623543 0.405500 0.018171 0.000911 0.000052 0.000003 0.000000 0.000000
4573.0 1.000000 1.000000 1.000000 0.752818 0.623301 0.406434 0.018265 0.000914 0.000052 0.000003 0.000000 0.000000
4574.0 1.000000 1.000000 1.000000 0.752645 0.623058 0.406122 0.018358 0.000918 0.000053 0.000003 0.000000 0.000000
4575.0 1.000000 1.000000 1.000000 0.752472 0.622815 0.407293 0.018453 0.000921 0.000053 0.000003 0.000000 0.000000
4576.0 1.000000 1.000000 1.000000 0.752299 0.622572 0.406982 0.018548 0.000925 0.000053 0.000003 0.000000 0.000000
4577.0 1.000000 1.000000 1.000000 0.752126 0.622329 0.408453 0.018644 0.000929 0.000053 0.000003 0.000000 0.000000
4578.0 1.000000 1.000000 1.000000 0.751953 0.622087 0.408142 0.018740 0.000932 0.000053 0.000003 0.000000 0.000000
4579.0 1.000000 1.000000 1.000000 0.751780 0.621844 0.407832 0.018837 0.000936 0.000053 0.000003 0.000000 0.000000
4580.0 1.000000 1.000000 1.000000 0.751606 0.621601 0.409692 0.018935 0.000940 0.000053 0.000003 0.000000 0.000000
4581.0 1.000000 1.000000 1.000000 0.751433 0.621358 0.409381 0.019033 0.000943 0.000054 0.000003 0.000000 0.000000
4582.0 1.000000 1.000000 1.000000 0.751259 0.621114 0.409071 0.019131 0.000947 0.000054 0.000003 0.000000 0.000000
4583.0 1.000000 1.000000 1.000000 0.751086 0.620871 0.411442 0.019231 0.000951 0.000054 0.000003 0.000000 0.000000
4584.0 1.000000 1.000000 1.000000 0.750912 0.620628 0.411132 0.019330 0.000955 0.000054 0.000003 0.000000 0.000000
4585.0 1.000000 1.000000 1.000000 0.750739 0.620385 0.410822 0.019431 0.000958 0.000054 0.000003 0.000000 0.000000
4586.0 1.000000 1.000000 1.000000 0.750565 0.620141 0.413880 0.019532 0.000962 0.000054 0.000003 0.000000 0.000000
4587.0 1.000000 1.000000 1.000000 0.750391 0.619898 0.413570 0.019634 0.000966 0.000054 0.000003 0.000000 0.000000
4588.0 1.000000 1.000000 1.000000 0.750217 0.619654 0.413261 0.019736 0.000970 0.000055 0.000003 0.000000 0.000000
4589.0 1.000000 1.000000 1.000000 0.750043 0.619411 0.412951 0.019838 0.000974 0.000055 0.000003 0.000000 0.000000
4590.0 1.000000 1.000000 1.000000 0.749869 0.619167 0.412642 0.019942 0.000978 0.000055 0.000003 0.000000 0.000000
4591.0 1.000000 1.000000 1.000000 0.749695 0.618924 0.416643 0.020046 0.000982 0.000055 0.000003 0.000000 0.000000
4592.0 1.000000 1.000000 1.000000 0.749521 0.618680 0.416334 0.020151 0.000986 0.000055 0.000003 0.000000 0.000000
4593.0 1.000000 1.000000 1.000000 0.749347 0.618437 0.416025 0.020256 0.000989 0.000055 0.000003 0.000000 0.000000
4594.0 1.000000 1.000000 1.000000 0.749173 0.618193 0.415717 0.020362 0.000993 0.000056 0.000003 0.000000 0.000000
4595.0 1.000000 1.000000 1.000000 0.748999 0.617949 0.415408 0.020468 0.000997 0.000056 0.000003 0.000000 0.000000
4596.0 1.000000 1.000000 1.000000 0.748824 0.617705 0.415100 0.020575 0.001001 0.000056 0.000003 0.000000 0.000000
4597.0 1.000000 1.000000 1.000000 0.748650 0.617461 0.420436 0.020684 0.001005 0.000056 0.000003 0.000000 0.000000
4598.0 1.000000 1.000000 1.000000 0.748475 0.617217 0.420128 0.020792 0.001010 0.000056 0.000003 0.000000 0.000000
4599.0 1.000000 1.000000 1.000000 0.748301 0.616973 0.419820 0.020901 0.001014 0.000056 0.000003 0.000000 0.000000
4600.0 1.000000 1.000000 1.000000 0.748126 0.616729 0.419513 0.021011 0.001018 0.000057 0.000003 0.000000 0.000000
4601.0 1.000000 1.000000 1.000000 0.747952 0.616485 0.419205 0.021121 0.001022 0.000057 0.000003 0.000000 0.000000
4602.0 1.000000 1.000000 1.000000 0.747777 0.616241 0.418897 0.021232 0.001026 0.000057 0.000003 0.000000 0.000000
4603.0 1.000000 1.000000 1.000000 0.747602 0.615997 0.418590 0.021343 0.001030 0.000057 0.000003 0.000000 0.000000
4604.0 1.000000 1.000000 1.000000 0.747427 0.615752 0.418282 0.021456 0.001034 0.000057 0.000004 0.000000 0.000000
4605.0 1.000000 1.000000 1.000000 0.747252 0.615508 0.425576 0.021570 0.001038 0.000057 0.000004 0.000000 0.000000
4606.0 1.000000 1.000000 1.000000 0.747077 0.615264 0.425270 0.021684 0.001043 0.000058 0.000004 0.000000 0.000000
4607.0 1.000000 1.000000 1.000000 0.746902 0.615019 0.424963 0.021798 0.001047 0.000058 0.000004 0.000000 0.000000
4608.0 1.000000 1.000000 1.000000 0.746727 0.614775 0.424657 0.021913 0.001051 0.000058 0.000004 0.000000 0.000000
4609.0 1.000000 1.000000 1.000000 0.746552 0.614530 0.424351 0.022028 0.001055 0.000058 0.000004 0.000000 0.000000
4610.0 1.000000 1.000000 1.000000 0.746377 0.614286 0.424044 0.022145 0.001060 0.000058 0.000004 0.000000 0.000000
4611.0 1.000000 1.000000 1.000000 0.746202 0.614041 0.423738 0.022262 0.001064 0.000058 0.000004 0.000000 0.000000
4612.0 1.000000 1.000000 1.000000 0.746026 0.613797 0.423432 0.022380 0.001068 0.000059 0.000004 0.000000 0.000000
4613.0 1.000000 1.000000 1.000000 0.745851 0.613552 0.423126 0.022498 0.001072 0.000059 0.000004 0.000000 0.000000
4614.0 1.000000 1.000000 1.000000 0.745676 0.613307 0.422819 0.022617 0.001077 0.000059 0.000004 0.000000 0.000000
4615.0 1.000000 1.000000 1.000000 0.745500 0.613062 0.422513 0.022737 0.001081 0.000059 0.000004 0.000000 0.000000
4616.0 1.000000 1.000000 1.000000 0.745324 0.745324 0.432801 0.022860 0.001086 0.000059 0.000004 0.000000 0.000000
4617.0 1.000000 1.000000 1.000000 0.745149 0.745149 0.432497 0.022981 0.001090 0.000059 0.000004 0.000000 0.000000
4618.0 1.000000 1.000000 1.000000 0.744973 0.744973 0.432192 0.023103 0.001095 0.000060 0.000004 0.000000 0.000000
4619.0 1.000000 1.000000 1.000000 0.744797 0.744797 0.431888 0.023226 0.001099 0.000060 0.000004 0.000000 0.000000
4620.0 1.000000 1.000000 1.000000 0.744622 0.744622 0.431584 0.023350 0.001104 0.000060 0.000004 0.000000 0.000000
4621.0 1.000000 1.000000 1.000000 0.744446 0.744446 0.431279 0.023474 0.001108 0.000060 0.000004 0.000000 0.000000
4622.0 1.000000 1.000000 1.000000 0.744270 0.744270 0.430975 0.023599 0.001113 0.000060 0.000004 0.000000 0.000000
4623.0 1.000000 1.000000 1.000000 0.744094 0.744094 0.430671 0.023725 0.001117 0.000061 0.000004 0.000000 0.000000
4624.0 1.000000 1.000000 1.000000 0.743918 0.743918 0.430367 0.023852 0.001122 0.000061 0.000004 0.000000 0.000000
4625.0 1.000000 1.000000 1.000000 0.743742 0.743742 0.430062 0.023979 0.001126 0.000061 0.000004 0.000000 0.000000
4626.0 1.000000 1.000000 1.000000 0.743565 0.743565 0.429758 0.024107 0.001131 0.000061 0.000004 0.000000 0.000000
4627.0 1.000000 1.000000 1.000000 0.743389 0.743389 0.429454 0.024236 0.001136 0.000061 0.000004 0.000000 0.000000
4628.0 1.000000 1.000000 1.000000 0.743213 0.743213 0.429150 0.024366 0.001140 0.000061 0.000004 0.000000 0.000000
4629.0 1.000000 1.000000 1.000000 0.743036 0.743036 0.428846 0.024496 0.001145 0.000062 0.000004 0.000000 0.000000
4630.0 1.000000 1.000000 1.000000 0.742860 0.742860 0.428542 0.024628 0.001150 0.000062 0.000004 0.000000 0.000000
4631.0 1.000000 1.000000 1.000000 0.742684 0.742684 0.428238 0.024760 0.001154 0.000062 0.000004 0.000000 0.000000
4632.0 1.000000 1.000000 1.000000 0.742507 0.742507 0.442181 0.024896 0.001159 0.000062 0.000004 0.000000 0.000000
4633.0 1.000000 1.000000 1.000000 0.742330 0.742330 0.441880 0.025029 0.001164 0.000062 0.000004 0.000000 0.000000
4634.0 1.000000 1.000000 1.000000 0.742154 0.742154 0.441578 0.025164 0.001169 0.000063 0.000004 0.000000 0.000000
4635.0 1.000000 1.000000 1.000000 0.741977 0.741977 0.441277 0.025299 0.001174 0.000063 0.000004 0.000000 0.000000
4636.0 1.000000 1.000000 1.000000 0.741800 0.741800 0.440975 0.025435 0.001179 0.000063 0.000004 0.000000 0.000000
4637.0 1.000000 1.000000 1.000000 0.741623 0.741623 0.440674 0.025572 0.001184 0.000063 0.000004 0.000000 0.000000
4638.0 1.000000 1.000000 1.000000 0.741446 0.741446 0.440372 0.025710 0.001188 0.000063 0.000004 0.000000 0.000000
4639.0 1.000000 1.000000 1.000000 0.741269 0.741269 0.440071 0.025849 0.001193 0.000064 0.000004 0.000000 0.000000
4640.0 1.000000 1.000000 1.000000 0.741092 0.741092 0.439769 0.025988 0.001198 0.000064 0.000004 0.000000 0.000000
4641.0 1.000000 1.000000 1.000000 0.740915 0.740915 0.439468 0.026129 0.001203 0.000064 0.000004 0.000000 0.000000
4642.0 1.000000 1.000000 1.000000 0.740738 0.740738 0.439166 0.026270 0.001208 0.000064 0.000004 0.000000 0.000000
4643.0 1.000000 1.000000 1.000000 0.740561 0.740561 0.438865 0.026412 0.001213 0.000064 0.000004 0.000000 0.000000
4644.0 1.000000 1.000000 1.000000 0.740384 0.740384 0.438564 0.026555 0.001218 0.000064 0.000004 0.000000 0.000000
4645.0 1.000000 1.000000 1.000000 0.740206 0.740206 0.438262 0.026699 0.001224 0.000065 0.000004 0.000000 0.000000
4646.0 1.000000 1.000000 1.000000 0.740029 0.740029 0.437961 0.026844 0.001229 0.000065 0.000004 0.000000 0.000000
4647.0 1.000000 1.000000 1.000000 0.739851 0.739851 0.437660 0.026989 0.001234 0.000065 0.000004 0.000000 0.000000
4648.0 1.000000 1.000000 1.000000 0.739674 0.739674 0.437358 0.027136 0.001239 0.000065 0.000004 0.000000 0.000000
4649.0 1.000000 1.000000 1.000000 0.739496 0.739496 0.437057 0.027284 0.001244 0.000065 0.000004 0.000000 0.000000
4650.0 1.000000 1.000000 1.000000 0.739319 0.739319 0.436756 0.027432 0.001249 0.000066 0.000004 0.000000 0.000000
4651.0 1.000000 1.000000 1.000000 0.739141 0.739141 0.436455 0.027581 0.001255 0.000066 0.000004 0.000000 0.000000
4652.0 1.000000 1.000000 1.000000 0.738963 0.738963 0.436153 0.027732 0.001260 0.000066 0.000004 0.000000 0.000000
4653.0 1.000000 1.000000 1.000000 0.738785 0.738785 0.435852 0.027883 0.001265 0.000066 0.000004 0.000000 0.000000
4654.0 1.000000 1.000000 1.000000 0.738607 0.738607 0.455409 0.028040 0.001271 0.000066 0.000004 0.000000 0.000000
4655.0 1.000000 1.000000 1.000000 0.738429 0.738429 0.455112 0.028193 0.001276 0.000067 0.000004 0.000000 0.000000
4656.0 1.000000 1.000000 1.000000 0.738252 0.738252 0.454815 0.028347 0.001281 0.000067 0.000004 0.000000 0.000000
4657.0 1.000000 1.000000 1.000000 0.738073 0.738073 0.454518 0.028501 0.001287 0.000067 0.000004 0.000000 0.000000
4658.0 1.000000 1.000000 1.000000 0.737895 0.737895 0.454220 0.028657 0.001292 0.000067 0.000004 0.000000 0.000000
4659.0 1.000000 1.000000 1.000000 0.737717 0.737717 0.453923 0.028814 0.001298 0.000068 0.000004 0.000000 0.000000
4660.0 1.000000 1.000000 1.000000 0.737539 0.737539 0.453626 0.028972 0.001303 0.000068 0.000004 0.000000 0.000000
4661.0 1.000000 1.000000 1.000000 0.737361 0.737361 0.453328 0.029130 0.001309 0.000068 0.000004 0.000000 0.000000
4662.0 1.000000 1.000000 1.000000 0.737182 0.737182 0.453031 0.029290 0.001314 0.000068 0.000004 0.000000 0.000000
4663.0 1.000000 1.000000 1.000000 0.737004 0.737004 0.452734 0.029451 0.001320 0.000068 0.000004 0.000000 0.000000
4664.0 1.000000 1.000000 1.000000 0.736825 0.736825 0.452437 0.029612 0.001325 0.000069 0.000004 0.000000 0.000000
4665.0 1.000000 1.000000 1.000000 0.736647 0.736647 0.452140 0.029775 0.001331 0.000069 0.000004 0.000000 0.000000
4666.0 1.000000 1.000000 1.000000 0.736468 0.736468 0.451842 0.029939 0.001337 0.000069 0.000004 0.000000 0.000000
4667.0 1.000000 1.000000 1.000000 0.736289 0.736289 0.451545 0.030104 0.001342 0.000069 0.000004 0.000000 0.000000
4668.0 1.000000 1.000000 1.000000 0.736111 0.736111 0.451248 0.030269 0.001348 0.000069 0.000004 0.000000 0.000000
4669.0 1.000000 1.000000 1.000000 0.735932 0.735932 0.450951 0.030436 0.001354 0.000070 0.000004 0.000000 0.000000
4670.0 1.000000 1.000000 1.000000 0.735753 0.735753 0.450654 0.030604 0.001360 0.000070 0.000004 0.000000 0.000000
4671.0 1.000000 1.000000 1.000000 0.735574 0.735574 0.450357 0.030773 0.001365 0.000070 0.000004 0.000000 0.000000
4672.0 1.000000 1.000000 1.000000 0.735395 0.735395 0.450059 0.030943 0.001371 0.000070 0.000004 0.000000 0.000000
4673.0 1.000000 1.000000 1.000000 0.735216 0.735216 0.449762 0.031114 0.001377 0.000071 0.000004 0.000000 0.000000
4674.0 1.000000 1.000000 1.000000 0.735037 0.735037 0.449465 0.031286 0.001383 0.000071 0.000004 0.000000 0.000000
4675.0 1.000000 1.000000 1.000000 0.734858 0.734858 0.449168 0.031460 0.001389 0.000071 0.000004 0.000000 0.000000
4676.0 1.000000 1.000000 1.000000 0.734679 0.734679 0.448871 0.031634 0.001395 0.000071 0.000004 0.000000 0.000000
4677.0 1.000000 1.000000 1.000000 0.734499 0.734499 0.448574 0.031809 0.001401 0.000071 0.000004 0.000000 0.000000
4678.0 1.000000 1.000000 1.000000 0.734320 0.734320 0.448277 0.031986 0.001407 0.000072 0.000004 0.000000 0.000000
4679.0 1.000000 1.000000 1.000000 0.734141 0.734141 0.447980 0.032164 0.001413 0.000072 0.000004 0.000000 0.000000
4680.0 1.000000 1.000000 1.000000 0.733961 0.733961 0.447683 0.032342 0.001419 0.000072 0.000004 0.000000 0.000000
4681.0 1.000000 1.000000 1.000000 0.733782 0.733782 0.447386 0.032522 0.001425 0.000072 0.000004 0.000000 0.000000
4682.0 1.000000 1.000000 1.000000 0.733602 0.733602 0.447089 0.032703 0.001431 0.000073 0.000004 0.000000 0.000000
4683.0 1.000000 1.000000 1.000000 0.733423 0.733423 0.446792 0.032885 0.001437 0.000073 0.000004 0.000000 0.000000
4684.0 1.000000 1.000000 1.000000 0.733243 0.733243 0.446495 0.033069 0.001444 0.000073 0.000004 0.000000 0.000000
4685.0 1.000000 1.000000 1.000000 0.733063 0.733063 0.446198 0.033253 0.001450 0.000073 0.000004 0.000000 0.000000
4686.0 1.000000 1.000000 1.000000 0.732883 0.732883 0.445901 0.033439 0.001456 0.000073 0.000004 0.000000 0.000000
4687.0 1.000000 1.000000 1.000000 0.732704 0.732704 0.445604 0.033626 0.001462 0.000074 0.000004 0.000000 0.000000
4688.0 1.000000 1.000000 1.000000 0.732524 0.732524 0.445307 0.033814 0.001469 0.000074 0.000004 0.000000 0.000000
4689.0 1.000000 1.000000 1.000000 0.732344 0.732344 0.476334 0.034003 0.001475 0.000074 0.000004 0.000000 0.000000
4690.0 1.000000 1.000000 1.000000 0.732164 0.732164 0.476046 0.034193 0.001482 0.000074 0.000004 0.000000 0.000000
4691.0 1.000000 1.000000 1.000000 0.731983 0.731983 0.475759 0.034385 0.001488 0.000075 0.000004 0.000000 0.000000
4692.0 1.000000 1.000000 1.000000 0.731803 0.731803 0.475471 0.034578 0.001494 0.000075 0.000004 0.000000 0.000000
4693.0 1.000000 1.000000 1.000000 0.731623 0.731623 0.475183 0.034772 0.001501 0.000075 0.000004 0.000000 0.000000
4694.0 1.000000 1.000000 1.000000 0.731443 0.731443 0.474896 0.034967 0.001508 0.000075 0.000004 0.000000 0.000000
4695.0 1.000000 1.000000 1.000000 0.731262 0.731262 0.474608 0.035164 0.001514 0.000076 0.000004 0.000000 0.000000
4696.0 1.000000 1.000000 1.000000 0.731082 0.731082 0.474321 0.035362 0.001521 0.000076 0.000004 0.000000 0.000000
4697.0 1.000000 1.000000 1.000000 0.730902 0.730902 0.474033 0.035561 0.001527 0.000076 0.000004 0.000000 0.000000
4698.0 1.000000 1.000000 1.000000 0.730721 0.730721 0.473746 0.035761 0.001534 0.000076 0.000004 0.000000 0.000000
4699.0 1.000000 1.000000 1.000000 0.730541 0.730541 0.473458 0.035963 0.001541 0.000077 0.000004 0.000000 0.000000
4700.0 1.000000 1.000000 1.000000 0.730360 0.730360 0.473170 0.036166 0.001547 0.000077 0.000004 0.000000 0.000000
4701.0 1.000000 1.000000 1.000000 0.730179 0.730179 0.472883 0.036370 0.001554 0.000077 0.000004 0.000000 0.000000
4702.0 1.000000 1.000000 1.000000 0.729998 0.729998 0.472595 0.036576 0.001561 0.000077 0.000004 0.000000 0.000000
4703.0 1.000000 1.000000 1.000000 0.729818 0.729818 0.472308 0.036782 0.001568 0.000078 0.000004 0.000000 0.000000
4704.0 1.000000 1.000000 1.000000 0.729637 0.729637 0.472020 0.036991 0.001575 0.000078 0.000004 0.000000 0.000000
4705.0 1.000000 1.000000 1.000000 0.729456 0.729456 0.471733 0.037200 0.001582 0.000078 0.000004 0.000000 0.000000
4706.0 1.000000 1.000000 1.000000 0.729275 0.729275 0.471445 0.037411 0.001589 0.000078 0.000004 0.000000 0.000000
4707.0 1.000000 1.000000 1.000000 0.729094 0.729094 0.471158 0.037623 0.001596 0.000079 0.000004 0.000000 0.000000
4708.0 1.000000 1.000000 1.000000 0.728913 0.728913 0.470870 0.037837 0.001603 0.000079 0.000004 0.000000 0.000000
4709.0 1.000000 1.000000 1.000000 0.728732 0.728732 0.470583 0.038052 0.001610 0.000079 0.000004 0.000000 0.000000
4710.0 1.000000 1.000000 1.000000 0.728550 0.728550 0.470295 0.038268 0.001617 0.000079 0.000004 0.000000 0.000000
4711.0 1.000000 1.000000 1.000000 0.728369 0.728369 0.470008 0.038486 0.001624 0.000080 0.000004 0.000000 0.000000
4712.0 1.000000 1.000000 1.000000 0.728188 0.728188 0.469720 0.038705 0.001631 0.000080 0.000004 0.000000 0.000000
4713.0 1.000000 1.000000 1.000000 0.728006 0.728006 0.469433 0.038925 0.001639 0.000080 0.000004 0.000000 0.000000
4714.0 1.000000 1.000000 1.000000 0.727825 0.727825 0.469145 0.039147 0.001646 0.000080 0.000004 0.000000 0.000000
4715.0 1.000000 1.000000 1.000000 0.727643 0.727643 0.468857 0.039371 0.001653 0.000081 0.000004 0.000000 0.000000
4716.0 1.000000 1.000000 1.000000 0.727462 0.727462 0.468570 0.039596 0.001660 0.000081 0.000004 0.000000 0.000000
4717.0 1.000000 1.000000 1.000000 0.727280 0.727280 0.468282 0.039822 0.001668 0.000081 0.000004 0.000000 0.000000
4718.0 1.000000 1.000000 1.000000 0.727098 0.727098 0.467995 0.040049 0.001675 0.000082 0.000004 0.000000 0.000000
4719.0 1.000000 1.000000 1.000000 0.726917 0.726917 0.467707 0.040279 0.001683 0.000082 0.000004 0.000000 0.000000
4720.0 1.000000 1.000000 1.000000 0.726735 0.726735 0.467420 0.040509 0.001690 0.000082 0.000004 0.000000 0.000000
4721.0 1.000000 1.000000 1.000000 0.726553 0.726553 0.467133 0.040742 0.001698 0.000082 0.000004 0.000000 0.000000
4722.0 1.000000 1.000000 1.000000 0.726371 0.726371 0.466845 0.040975 0.001705 0.000083 0.000004 0.000000 0.000000
4723.0 1.000000 1.000000 1.000000 0.726189 0.726189 0.466558 0.041210 0.001713 0.000083 0.000004 0.000000 0.000000
4724.0 1.000000 1.000000 1.000000 0.726007 0.726007 0.466270 0.041447 0.001721 0.000083 0.000004 0.000000 0.000000
4725.0 1.000000 1.000000 1.000000 0.725825 0.725825 0.465983 0.041685 0.001728 0.000083 0.000004 0.000000 0.000000
4726.0 1.000000 1.000000 1.000000 0.725643 0.725643 0.465695 0.041925 0.001736 0.000084 0.000005 0.000000 0.000000
4727.0 1.000000 1.000000 1.000000 0.725461 0.725461 0.465408 0.042167 0.001744 0.000084 0.000005 0.000000 0.000000
4728.0 1.000000 1.000000 1.000000 0.725278 0.725278 0.465120 0.042410 0.001752 0.000084 0.000005 0.000000 0.000000
4729.0 1.000000 1.000000 1.000000 0.725096 0.725096 0.464833 0.042654 0.001760 0.000085 0.000005 0.000000 0.000000
4730.0 1.000000 1.000000 1.000000 0.724913 0.724913 0.464545 0.042900 0.001767 0.000085 0.000005 0.000000 0.000000
4731.0 1.000000 1.000000 1.000000 0.724731 0.724731 0.464258 0.043148 0.001775 0.000085 0.000005 0.000000 0.000000
4732.0 1.000000 1.000000 1.000000 0.724549 0.724549 0.463971 0.043397 0.001783 0.000085 0.000005 0.000000 0.000000
4733.0 1.000000 1.000000 1.000000 0.724366 0.724366 0.463683 0.043648 0.001791 0.000086 0.000005 0.000000 0.000000
4734.0 1.000000 1.000000 1.000000 0.724183 0.724183 0.463396 0.043901 0.001800 0.000086 0.000005 0.000000 0.000000
4735.0 1.000000 1.000000 1.000000 0.724001 0.724001 0.463108 0.044155 0.001808 0.000086 0.000005 0.000000 0.000000
4736.0 1.000000 1.000000 1.000000 0.723818 0.723818 0.462821 0.044411 0.001816 0.000087 0.000005 0.000000 0.000000
4737.0 1.000000 1.000000 1.000000 0.723635 0.723635 0.462534 0.044668 0.001824 0.000087 0.000005 0.000000 0.000000
4738.0 1.000000 1.000000 1.000000 0.723452 0.723452 0.462246 0.044928 0.001832 0.000087 0.000005 0.000000 0.000000
4739.0 1.000000 1.000000 1.000000 0.723269 0.723269 0.461959 0.045189 0.001841 0.000087 0.000005 0.000000 0.000000
4740.0 1.000000 1.000000 1.000000 0.723086 0.723086 0.461672 0.045451 0.001849 0.000088 0.000005 0.000000 0.000000
4741.0 1.000000 1.000000 1.000000 0.722903 0.722903 0.461384 0.045715 0.001857 0.000088 0.000005 0.000000 0.000000
4742.0 1.000000 1.000000 1.000000 0.722720 0.722720 0.461097 0.045982 0.001866 0.000088 0.000005 0.000000 0.000000
4743.0 1.000000 1.000000 1.000000 0.722537 0.722537 0.460809 0.046250 0.001874 0.000089 0.000005 0.000000 0.000000
4744.0 1.000000 1.000000 1.000000 0.722354 0.722354 0.460522 0.046519 0.001883 0.000089 0.000005 0.000000 0.000000
4745.0 1.000000 1.000000 1.000000 0.722171 0.722171 0.460235 0.046791 0.001891 0.000089 0.000005 0.000000 0.000000
4746.0 1.000000 1.000000 1.000000 0.721987 0.721987 0.459948 0.047064 0.001900 0.000090 0.000005 0.000000 0.000000
4747.0 1.000000 1.000000 1.000000 0.721804 0.721804 0.459660 0.047339 0.001909 0.000090 0.000005 0.000000 0.000000
4748.0 1.000000 1.000000 1.000000 0.721620 0.721620 0.459373 0.047615 0.001917 0.000090 0.000005 0.000000 0.000000
4749.0 1.000000 1.000000 1.000000 0.721437 0.721437 0.505001 0.047911 0.001927 0.000090 0.000005 0.000000 0.000000
4750.0 1.000000 1.000000 1.000000 0.721253 0.721253 0.504725 0.048191 0.001936 0.000091 0.000005 0.000000 0.000000
4751.0 1.000000 1.000000 1.000000 0.721070 0.721070 0.504450 0.048473 0.001944 0.000091 0.000005 0.000000 0.000000
4752.0 1.000000 1.000000 1.000000 0.720886 0.720886 0.504175 0.048756 0.001953 0.000091 0.000005 0.000000 0.000000
4753.0 1.000000 1.000000 1.000000 0.720702 0.720702 0.503900 0.049042 0.001962 0.000092 0.000005 0.000000 0.000000
4754.0 1.000000 1.000000 1.000000 0.720519 0.720519 0.503625 0.049329 0.001971 0.000092 0.000005 0.000000 0.000000
4755.0 1.000000 1.000000 1.000000 0.720335 0.720335 0.503350 0.049618 0.001980 0.000092 0.000005 0.000000 0.000000
4756.0 1.000000 1.000000 1.000000 0.720151 0.720151 0.503074 0.049909 0.001989 0.000093 0.000005 0.000000 0.000000
4757.0 1.000000 1.000000 1.000000 0.719967 0.719967 0.502799 0.050202 0.001998 0.000093 0.000005 0.000000 0.000000
4758.0 1.000000 1.000000 1.000000 0.719783 0.719783 0.502524 0.050497 0.002008 0.000093 0.000005 0.000000 0.000000
4759.0 1.000000 1.000000 1.000000 0.719599 0.719599 0.502249 0.050793 0.002017 0.000094 0.000005 0.000000 0.000000
4760.0 1.000000 1.000000 1.000000 0.719415 0.719415 0.501973 0.051092 0.002026 0.000094 0.000005 0.000000 0.000000
4761.0 1.000000 1.000000 1.000000 0.719231 0.719231 0.501698 0.051393 0.002035 0.000094 0.000005 0.000000 0.000000
4762.0 1.000000 1.000000 1.000000 0.719046 0.719046 0.501423 0.051695 0.002045 0.000095 0.000005 0.000000 0.000000
4763.0 1.000000 1.000000 1.000000 0.718862 0.718862 0.501148 0.052000 0.002054 0.000095 0.000005 0.000000 0.000000
4764.0 1.000000 1.000000 1.000000 0.718678 0.718678 0.500872 0.052307 0.002064 0.000095 0.000005 0.000000 0.000000
4765.0 1.000000 1.000000 1.000000 0.718493 0.718493 0.500597 0.052616 0.002073 0.000096 0.000005 0.000000 0.000000
4766.0 1.000000 1.000000 1.000000 0.718309 0.718309 0.500322 0.052926 0.002083 0.000096 0.000005 0.000000 0.000000
4767.0 1.000000 1.000000 1.000000 0.718124 0.718124 0.500046 0.053239 0.002092 0.000096 0.000005 0.000000 0.000000
4768.0 1.000000 1.000000 1.000000 0.717940 0.717940 0.499771 0.053554 0.002102 0.000097 0.000005 0.000000 0.000000
4769.0 1.000000 1.000000 1.000000 0.717755 0.717755 0.499496 0.053871 0.002112 0.000097 0.000005 0.000000 0.000000
4770.0 1.000000 1.000000 1.000000 0.717570 0.717570 0.499220 0.054190 0.002122 0.000097 0.000005 0.000000 0.000000
4771.0 1.000000 1.000000 1.000000 0.717386 0.717386 0.498945 0.054512 0.002131 0.000098 0.000005 0.000000 0.000000
4772.0 1.000000 1.000000 1.000000 0.717201 0.717201 0.498670 0.054835 0.002141 0.000098 0.000005 0.000000 0.000000
4773.0 1.000000 1.000000 1.000000 0.717016 0.717016 0.498394 0.055160 0.002151 0.000098 0.000005 0.000000 0.000000
4774.0 1.000000 1.000000 1.000000 0.716831 0.716831 0.498119 0.055488 0.002161 0.000099 0.000005 0.000000 0.000000
4775.0 1.000000 1.000000 1.000000 0.716646 0.716646 0.497844 0.055818 0.002171 0.000099 0.000005 0.000000 0.000000
4776.0 1.000000 1.000000 1.000000 0.716461 0.716461 0.497568 0.056150 0.002182 0.000099 0.000005 0.000000 0.000000
4777.0 1.000000 1.000000 1.000000 0.716276 0.716276 0.497293 0.056484 0.002192 0.000100 0.000005 0.000000 0.000000
4778.0 1.000000 1.000000 1.000000 0.716091 0.716091 0.497017 0.056821 0.002202 0.000100 0.000005 0.000000 0.000000
4779.0 1.000000 1.000000 1.000000 0.715905 0.715905 0.496742 0.057160 0.002212 0.000100 0.000005 0.000000 0.000000
4780.0 1.000000 1.000000 1.000000 0.715720 0.715720 0.496467 0.057501 0.002223 0.000101 0.000005 0.000000 0.000000
4781.0 1.000000 1.000000 1.000000 0.715535 0.715535 0.496191 0.057844 0.002233 0.000101 0.000005 0.000000 0.000000
4782.0 1.000000 1.000000 1.000000 0.715349 0.715349 0.495916 0.058190 0.002243 0.000101 0.000005 0.000000 0.000000
4783.0 1.000000 1.000000 1.000000 0.715164 0.715164 0.495640 0.058538 0.002254 0.000102 0.000005 0.000000 0.000000
4784.0 1.000000 1.000000 1.000000 0.714979 0.714979 0.495365 0.058888 0.002264 0.000102 0.000005 0.000000 0.000000
4785.0 1.000000 1.000000 1.000000 0.714793 0.714793 0.495089 0.059241 0.002275 0.000102 0.000005 0.000000 0.000000
4786.0 1.000000 1.000000 1.000000 0.714607 0.714607 0.494814 0.059596 0.002286 0.000103 0.000005 0.000000 0.000000
4787.0 1.000000 1.000000 1.000000 0.714422 0.714422 0.494538 0.059953 0.002297 0.000103 0.000005 0.000000 0.000000
4788.0 1.000000 1.000000 1.000000 0.714236 0.714236 0.494263 0.060313 0.002307 0.000104 0.000005 0.000000 0.000000
4789.0 1.000000 1.000000 1.000000 0.714050 0.714050 0.493987 0.060675 0.002318 0.000104 0.000005 0.000000 0.000000
4790.0 1.000000 1.000000 1.000000 0.713864 0.713864 0.493712 0.061040 0.002329 0.000104 0.000005 0.000000 0.000000
4791.0 1.000000 1.000000 1.000000 0.713678 0.713678 0.493436 0.061407 0.002340 0.000105 0.000005 0.000000 0.000000
4792.0 1.000000 1.000000 1.000000 0.713493 0.713493 0.493161 0.061776 0.002351 0.000105 0.000005 0.000000 0.000000
4793.0 1.000000 1.000000 1.000000 0.713306 0.713306 0.492885 0.062148 0.002362 0.000105 0.000005 0.000000 0.000000
4794.0 1.000000 1.000000 1.000000 0.713120 0.713120 0.492610 0.062523 0.002373 0.000106 0.000005 0.000000 0.000000
4795.0 1.000000 1.000000 1.000000 0.712934 0.712934 0.492334 0.062900 0.002385 0.000106 0.000005 0.000000 0.000000
4796.0 1.000000 1.000000 1.000000 0.712748 0.712748 0.492059 0.063279 0.002396 0.000107 0.000005 0.000000 0.000000
4797.0 1.000000 1.000000 1.000000 0.712562 0.712562 0.491783 0.063662 0.002407 0.000107 0.000005 0.000000 0.000000
4798.0 1.000000 1.000000 1.000000 0.712376 0.712376 0.491508 0.064046 0.002419 0.000107 0.000005 0.000000 0.000000
4799.0 1.000000 1.000000 1.000000 0.712189 0.712189 0.491232 0.064433 0.002430 0.000108 0.000005 0.000000 0.000000
4800.0 1.000000 1.000000 1.000000 0.712003 0.712003 0.490957 0.064824 0.002442 0.000108 0.000005 0.000000 0.000000
4801.0 1.000000 1.000000 1.000000 0.711816 0.711816 0.490681 0.065216 0.002453 0.000108 0.000005 0.000000 0.000000
4802.0 1.000000 1.000000 1.000000 0.711630 0.711630 0.490405 0.065612 0.002465 0.000109 0.000005 0.000000 0.000000
4803.0 1.000000 1.000000 1.000000 0.711443 0.711443 0.490130 0.066009 0.002477 0.000109 0.000005 0.000000 0.000000
4804.0 1.000000 1.000000 1.000000 0.711257 0.711257 0.489854 0.066410 0.002489 0.000110 0.000005 0.000000 0.000000
4805.0 1.000000 1.000000 1.000000 0.711070 0.711070 0.489579 0.066813 0.002501 0.000110 0.000005 0.000000 0.000000
4806.0 1.000000 1.000000 1.000000 0.710883 0.710883 0.489303 0.067219 0.002512 0.000110 0.000005 0.000000 0.000000
4807.0 1.000000 1.000000 1.000000 0.710697 0.710697 0.489028 0.067628 0.002524 0.000111 0.000005 0.000000 0.000000
4808.0 1.000000 1.000000 1.000000 0.710510 0.710510 0.488752 0.068040 0.002537 0.000111 0.000005 0.000000 0.000000
4809.0 1.000000 1.000000 1.000000 0.710323 0.710323 0.488476 0.068454 0.002549 0.000112 0.000005 0.000000 0.000000
4810.0 1.000000 1.000000 1.000000 0.710136 0.710136 0.488201 0.068872 0.002561 0.000112 0.000006 0.000000 0.000000
4811.0 1.000000 1.000000 1.000000 0.709949 0.709949 0.487925 0.069291 0.002573 0.000112 0.000006 0.000000 0.000000
4812.0 1.000000 1.000000 1.000000 0.709762 0.709762 0.487649 0.069714 0.002586 0.000113 0.000006 0.000000 0.000000
4813.0 1.000000 1.000000 1.000000 0.709575 0.709575 0.487374 0.070140 0.002598 0.000113 0.000006 0.000000 0.000000
4814.0 1.000000 1.000000 1.000000 0.709387 0.709387 0.487098 0.070569 0.002610 0.000114 0.000006 0.000000 0.000000
4815.0 1.000000 1.000000 1.000000 0.709200 0.709200 0.486823 0.071000 0.002623 0.000114 0.000006 0.000000 0.000000
4816.0 1.000000 1.000000 1.000000 0.709013 0.709013 0.486547 0.071435 0.002636 0.000114 0.000006 0.000000 0.000000
4817.0 1.000000 1.000000 1.000000 0.708826 0.708826 0.486271 0.071873 0.002648 0.000115 0.000006 0.000000 0.000000
4818.0 1.000000 1.000000 1.000000 0.708638 0.708638 0.485996 0.072313 0.002661 0.000115 0.000006 0.000000 0.000000
4819.0 1.000000 1.000000 1.000000 0.708451 0.708451 0.485720 0.072757 0.002674 0.000116 0.000006 0.000000 0.000000
4820.0 1.000000 1.000000 1.000000 0.708263 0.708263 0.485444 0.073203 0.002687 0.000116 0.000006 0.000000 0.000000
4821.0 1.000000 1.000000 1.000000 0.708076 0.708076 0.485169 0.073653 0.002700 0.000117 0.000006 0.000000 0.000000
4822.0 1.000000 1.000000 1.000000 0.707888 0.707888 0.484893 0.074106 0.002713 0.000117 0.000006 0.000000 0.000000
4823.0 1.000000 1.000000 1.000000 0.707700 0.707700 0.484617 0.074561 0.002726 0.000117 0.000006 0.000000 0.000000
4824.0 1.000000 1.000000 1.000000 0.707513 0.707513 0.484342 0.075020 0.002739 0.000118 0.000006 0.000000 0.000000
4825.0 1.000000 1.000000 1.000000 0.707325 0.707325 0.484066 0.075482 0.002753 0.000118 0.000006 0.000000 0.000000
4826.0 1.000000 1.000000 1.000000 0.707137 0.707137 0.483790 0.075947 0.002766 0.000119 0.000006 0.000000 0.000000
4827.0 1.000000 1.000000 1.000000 0.706949 0.706949 0.483515 0.076416 0.002779 0.000119 0.000006 0.000000 0.000000
4828.0 1.000000 1.000000 1.000000 0.706761 0.706761 0.483239 0.076888 0.002793 0.000120 0.000006 0.000000 0.000000
4829.0 1.000000 1.000000 1.000000 0.706573 0.706573 0.482963 0.077362 0.002806 0.000120 0.000006 0.000000 0.000000
4830.0 1.000000 1.000000 1.000000 0.706385 0.706385 0.482688 0.077841 0.002820 0.000120 0.000006 0.000000 0.000000
4831.0 1.000000 1.000000 1.000000 0.706197 0.706197 0.482412 0.078322 0.002834 0.000121 0.000006 0.000000 0.000000
4832.0 1.000000 1.000000 1.000000 0.706009 0.706009 0.482136 0.078807 0.002848 0.000121 0.000006 0.000000 0.000000
4833.0 1.000000 1.000000 1.000000 0.705821 0.705821 0.481861 0.079295 0.002862 0.000122 0.000006 0.000000 0.000000
4834.0 1.000000 1.000000 1.000000 0.705632 0.705632 0.481585 0.079787 0.002876 0.000122 0.000006 0.000000 0.000000
4835.0 1.000000 1.000000 1.000000 0.705444 0.705444 0.481309 0.080281 0.002890 0.000123 0.000006 0.000000 0.000000
4836.0 1.000000 1.000000 1.000000 0.705256 0.705256 0.481034 0.080780 0.002904 0.000123 0.000006 0.000000 0.000000
4837.0 1.000000 1.000000 1.000000 0.705067 0.705067 0.480758 0.081282 0.002918 0.000124 0.000006 0.000000 0.000000
4838.0 1.000000 1.000000 1.000000 0.704879 0.704879 0.480482 0.081787 0.002932 0.000124 0.000006 0.000000 0.000000
4839.0 1.000000 1.000000 1.000000 0.704690 0.704690 0.480207 0.082295 0.002947 0.000125 0.000006 0.000000 0.000000
4840.0 1.000000 1.000000 1.000000 0.704501 0.704501 0.479931 0.082807 0.002961 0.000125 0.000006 0.000000 0.000000
4841.0 1.000000 1.000000 1.000000 0.704313 0.704313 0.479655 0.083323 0.002976 0.000125 0.000006 0.000000 0.000000
4842.0 1.000000 1.000000 1.000000 0.704124 0.704124 0.479380 0.083842 0.002990 0.000126 0.000006 0.000000 0.000000
4843.0 1.000000 1.000000 1.000000 0.703935 0.703935 0.479104 0.084365 0.003005 0.000126 0.000006 0.000000 0.000000
4844.0 1.000000 1.000000 1.000000 0.703746 0.703746 0.478828 0.084892 0.003020 0.000127 0.000006 0.000000 0.000000
4845.0 1.000000 1.000000 1.000000 0.703558 0.703558 0.478553 0.085422 0.003035 0.000127 0.000006 0.000000 0.000000
4846.0 1.000000 1.000000 1.000000 0.703369 0.703369 0.478277 0.085956 0.003050 0.000128 0.000006 0.000000 0.000000
4847.0 1.000000 1.000000 1.000000 0.703180 0.703180 0.478001 0.086493 0.003065 0.000128 0.000006 0.000000 0.000000
4848.0 1.000000 1.000000 1.000000 0.702991 0.702991 0.477726 0.087035 0.003080 0.000129 0.000006 0.000000 0.000000
4849.0 1.000000 1.000000 1.000000 0.702801 0.702801 0.477450 0.087580 0.003095 0.000129 0.000006 0.000000 0.000000
4850.0 1.000000 1.000000 1.000000 0.702612 0.702612 0.477174 0.088129 0.003111 0.000130 0.000006 0.000000 0.000000
4851.0 1.000000 1.000000 1.000000 0.702423 0.702423 0.476899 0.088681 0.003126 0.000130 0.000006 0.000000 0.000000
4852.0 1.000000 1.000000 1.000000 0.702234 0.702234 0.476623 0.089238 0.003141 0.000131 0.000006 0.000000 0.000000
4853.0 1.000000 1.000000 1.000000 0.702044 0.702044 0.476347 0.089798 0.003157 0.000131 0.000006 0.000000 0.000000
4854.0 1.000000 1.000000 1.000000 0.701855 0.701855 0.476071 0.090362 0.003173 0.000132 0.000006 0.000000 0.000000
4855.0 1.000000 1.000000 1.000000 0.701666 0.701666 0.475796 0.090930 0.003188 0.000132 0.000006 0.000000 0.000000
4856.0 1.000000 1.000000 1.000000 0.701476 0.701476 0.475520 0.091503 0.003204 0.000133 0.000006 0.000000 0.000000
4857.0 1.000000 1.000000 1.000000 0.701287 0.701287 0.475244 0.092079 0.003220 0.000133 0.000006 0.000000 0.000000
4858.0 1.000000 1.000000 1.000000 0.701097 0.701097 0.474969 0.092659 0.003236 0.000134 0.000006 0.000000 0.000000
4859.0 1.000000 1.000000 1.000000 0.700907 0.700907 0.474693 0.093244 0.003252 0.000134 0.000006 0.000000 0.000000
4860.0 1.000000 1.000000 1.000000 0.700718 0.700718 0.474417 0.093832 0.003269 0.000135 0.000006 0.000000 0.000000
4861.0 1.000000 1.000000 1.000000 0.700528 0.700528 0.474142 0.094424 0.003285 0.000135 0.000006 0.000000 0.000000
4862.0 1.000000 1.000000 1.000000 0.700338 0.700338 0.473866 0.095021 0.003301 0.000136 0.000006 0.000000 0.000000
4863.0 1.000000 1.000000 1.000000 1.000000 0.700148 0.551051 0.095677 0.003320 0.000136 0.000006 0.000000 0.000000
4864.0 1.000000 1.000000 1.000000 1.000000 0.699958 0.550796 0.096280 0.003336 0.000137 0.000006 0.000000 0.000000
4865.0 1.000000 1.000000 1.000000 1.000000 0.699768 0.550542 0.096887 0.003353 0.000137 0.000006 0.000000 0.000000
4866.0 1.000000 1.000000 1.000000 1.000000 0.699578 0.550288 0.097499 0.003370 0.000138 0.000006 0.000000 0.000000
4867.0 1.000000 1.000000 1.000000 1.000000 0.699388 0.550033 0.098114 0.003386 0.000138 0.000006 0.000000 0.000000
4868.0 1.000000 1.000000 1.000000 1.000000 0.699198 0.549779 0.098734 0.003403 0.000139 0.000006 0.000000 0.000000
4869.0 1.000000 1.000000 1.000000 1.000000 0.699008 0.549524 0.099359 0.003420 0.000139 0.000006 0.000000 0.000000
4870.0 1.000000 1.000000 1.000000 1.000000 0.698818 0.549269 0.099987 0.003438 0.000140 0.000006 0.000000 0.000000
4871.0 1.000000 1.000000 1.000000 1.000000 0.698627 0.549015 0.100621 0.003455 0.000141 0.000006 0.000000 0.000000
4872.0 1.000000 1.000000 1.000000 1.000000 0.698437 0.548760 0.101259 0.003472 0.000141 0.000006 0.000000 0.000000
4873.0 1.000000 1.000000 1.000000 1.000000 0.698247 0.548506 0.101900 0.003489 0.000142 0.000007 0.000000 0.000000
4874.0 1.000000 1.000000 1.000000 1.000000 0.698056 0.548251 0.102548 0.003507 0.000142 0.000007 0.000000 0.000000
4875.0 1.000000 1.000000 1.000000 1.000000 0.697866 0.547996 0.103198 0.003525 0.000143 0.000007 0.000000 0.000000
4876.0 1.000000 1.000000 1.000000 1.000000 0.697675 0.547742 0.103854 0.003542 0.000143 0.000007 0.000000 0.000000
4877.0 1.000000 1.000000 1.000000 1.000000 0.697485 0.547487 0.104514 0.003560 0.000144 0.000007 0.000000 0.000000
4878.0 1.000000 1.000000 1.000000 1.000000 0.697294 0.547232 0.105180 0.003578 0.000144 0.000007 0.000000 0.000000
4879.0 1.000000 1.000000 1.000000 1.000000 0.697103 0.546977 0.105850 0.003596 0.000145 0.000007 0.000000 0.000000
4880.0 1.000000 1.000000 1.000000 1.000000 0.696912 0.546723 0.106524 0.003614 0.000145 0.000007 0.000000 0.000000
4881.0 1.000000 1.000000 1.000000 1.000000 0.696722 0.546468 0.107203 0.003632 0.000146 0.000007 0.000000 0.000000
4882.0 1.000000 1.000000 1.000000 1.000000 0.696531 0.546213 0.107887 0.003651 0.000147 0.000007 0.000000 0.000000
4883.0 1.000000 1.000000 1.000000 1.000000 0.696340 0.545958 0.108575 0.003669 0.000147 0.000007 0.000000 0.000000
4884.0 1.000000 1.000000 1.000000 1.000000 0.696149 0.545703 0.109269 0.003688 0.000148 0.000007 0.000000 0.000000
4885.0 1.000000 1.000000 1.000000 1.000000 0.695958 0.545448 0.109967 0.003706 0.000148 0.000007 0.000000 0.000000
4886.0 1.000000 1.000000 1.000000 1.000000 0.695767 0.545193 0.110672 0.003725 0.000149 0.000007 0.000000 0.000000
4887.0 1.000000 1.000000 1.000000 1.000000 0.695575 0.544938 0.111380 0.003744 0.000149 0.000007 0.000000 0.000000
4888.0 1.000000 1.000000 1.000000 1.000000 0.695384 0.544683 0.112093 0.003763 0.000150 0.000007 0.000000 0.000000
4889.0 1.000000 1.000000 1.000000 1.000000 0.695193 0.544428 0.112812 0.003782 0.000151 0.000007 0.000000 0.000000
4890.0 1.000000 1.000000 1.000000 1.000000 0.695002 0.544173 0.113536 0.003801 0.000151 0.000007 0.000000 0.000000
4891.0 1.000000 1.000000 1.000000 1.000000 0.694810 0.543918 0.114264 0.003821 0.000152 0.000007 0.000000 0.000000
4892.0 1.000000 1.000000 1.000000 1.000000 0.694619 0.543663 0.114998 0.003840 0.000152 0.000007 0.000000 0.000000
4893.0 1.000000 1.000000 1.000000 1.000000 0.694427 0.543408 0.115737 0.003860 0.000153 0.000007 0.000000 0.000000
4894.0 1.000000 1.000000 1.000000 1.000000 0.694236 0.543153 0.116482 0.003879 0.000154 0.000007 0.000000 0.000000
4895.0 1.000000 1.000000 1.000000 1.000000 0.694044 0.542897 0.117232 0.003899 0.000154 0.000007 0.000000 0.000000
4896.0 1.000000 1.000000 1.000000 1.000000 0.693853 0.542642 0.117987 0.003919 0.000155 0.000007 0.000000 0.000000
4897.0 1.000000 1.000000 1.000000 1.000000 0.693661 0.542387 0.118746 0.003939 0.000155 0.000007 0.000000 0.000000
4898.0 1.000000 1.000000 1.000000 1.000000 0.693469 0.542132 0.119512 0.003959 0.000156 0.000007 0.000000 0.000000
4899.0 1.000000 1.000000 1.000000 1.000000 0.693278 0.541876 0.120284 0.003980 0.000157 0.000007 0.000000 0.000000
4900.0 1.000000 1.000000 1.000000 1.000000 0.693086 0.541621 0.121060 0.004000 0.000157 0.000007 0.000000 0.000000
4901.0 1.000000 1.000000 1.000000 1.000000 0.692894 0.541366 0.121843 0.004020 0.000158 0.000007 0.000000 0.000000
4902.0 1.000000 1.000000 1.000000 1.000000 0.692702 0.541110 0.122631 0.004041 0.000158 0.000007 0.000000 0.000000
4903.0 1.000000 1.000000 1.000000 1.000000 0.692510 0.540855 0.123424 0.004062 0.000159 0.000007 0.000000 0.000000
4904.0 1.000000 1.000000 1.000000 1.000000 0.692318 0.540600 0.124223 0.004083 0.000160 0.000007 0.000000 0.000000
4905.0 1.000000 1.000000 1.000000 1.000000 0.692126 0.540344 0.125028 0.004104 0.000160 0.000007 0.000000 0.000000
4906.0 1.000000 1.000000 1.000000 1.000000 0.691934 0.540089 0.125839 0.004125 0.000161 0.000007 0.000000 0.000000
4907.0 1.000000 1.000000 1.000000 1.000000 0.691741 0.539833 0.126655 0.004146 0.000162 0.000007 0.000000 0.000000
4908.0 1.000000 1.000000 1.000000 1.000000 0.691549 0.539578 0.127478 0.004167 0.000162 0.000007 0.000000 0.000000
4909.0 1.000000 1.000000 1.000000 1.000000 0.691357 0.539322 0.128306 0.004189 0.000163 0.000007 0.000000 0.000000
4910.0 1.000000 1.000000 1.000000 1.000000 0.691165 0.539067 0.129140 0.004210 0.000163 0.000007 0.000000 0.000000
4911.0 1.000000 1.000000 1.000000 1.000000 0.690972 0.538811 0.129980 0.004232 0.000164 0.000007 0.000000 0.000000
4912.0 1.000000 1.000000 1.000000 1.000000 0.690780 0.538555 0.130825 0.004254 0.000165 0.000007 0.000000 0.000000
4913.0 1.000000 1.000000 1.000000 1.000000 0.690587 0.538300 0.131678 0.004276 0.000165 0.000007 0.000000 0.000000
4914.0 1.000000 1.000000 1.000000 1.000000 0.690395 0.538044 0.132536 0.004298 0.000166 0.000007 0.000000 0.000000
4915.0 1.000000 1.000000 1.000000 1.000000 0.690202 0.537788 0.133401 0.004321 0.000167 0.000007 0.000000 0.000000
4916.0 1.000000 1.000000 1.000000 1.000000 0.690009 0.537533 0.134272 0.004343 0.000167 0.000007 0.000000 0.000000
4917.0 1.000000 1.000000 1.000000 1.000000 0.689817 0.537277 0.135149 0.004365 0.000168 0.000007 0.000000 0.000000
4918.0 1.000000 1.000000 1.000000 1.000000 0.689624 0.537021 0.136031 0.004388 0.000169 0.000007 0.000000 0.000000
4919.0 1.000000 1.000000 1.000000 1.000000 0.689431 0.536766 0.136921 0.004411 0.000169 0.000007 0.000000 0.000000
4920.0 1.000000 1.000000 1.000000 1.000000 0.689238 0.536510 0.137817 0.004434 0.000170 0.000007 0.000000 0.000000
4921.0 1.000000 1.000000 1.000000 1.000000 0.689045 0.536254 0.138720 0.004457 0.000171 0.000007 0.000000 0.000000
4922.0 1.000000 1.000000 1.000000 1.000000 0.688852 0.535998 0.139629 0.004480 0.000171 0.000007 0.000000 0.000000
4923.0 1.000000 1.000000 1.000000 1.000000 0.688659 0.535742 0.140544 0.004503 0.000172 0.000007 0.000000 0.000000
4924.0 1.000000 1.000000 1.000000 1.000000 0.688466 0.535487 0.141467 0.004527 0.000173 0.000007 0.000000 0.000000
4925.0 1.000000 1.000000 1.000000 1.000000 0.688273 0.535231 0.142395 0.004551 0.000174 0.000008 0.000000 0.000000
4926.0 1.000000 1.000000 1.000000 1.000000 0.688080 0.534975 0.143330 0.004574 0.000174 0.000008 0.000000 0.000000
4927.0 1.000000 1.000000 1.000000 1.000000 0.687886 0.534719 0.144273 0.004598 0.000175 0.000008 0.000000 0.000000
4928.0 1.000000 1.000000 1.000000 1.000000 0.687693 0.534463 0.145222 0.004622 0.000176 0.000008 0.000000 0.000000
4929.0 1.000000 1.000000 1.000000 1.000000 0.687500 0.534207 0.146179 0.004647 0.000176 0.000008 0.000000 0.000000
4930.0 1.000000 1.000000 1.000000 1.000000 0.687306 0.533951 0.147141 0.004671 0.000177 0.000008 0.000000 0.000000
4931.0 1.000000 1.000000 1.000000 1.000000 0.687113 0.533695 0.148111 0.004695 0.000178 0.000008 0.000000 0.000000
4932.0 1.000000 1.000000 1.000000 1.000000 0.686919 0.533439 0.149087 0.004720 0.000178 0.000008 0.000000 0.000000
4933.0 1.000000 1.000000 1.000000 1.000000 0.686726 0.533183 0.150071 0.004745 0.000179 0.000008 0.000000 0.000000
4934.0 1.000000 1.000000 1.000000 1.000000 0.686532 0.532927 0.151063 0.004770 0.000180 0.000008 0.000000 0.000000
4935.0 1.000000 1.000000 1.000000 1.000000 0.686339 0.532671 0.152061 0.004795 0.000181 0.000008 0.000000 0.000000
4936.0 1.000000 1.000000 1.000000 1.000000 0.686145 0.532415 0.153067 0.004820 0.000181 0.000008 0.000000 0.000000
4937.0 1.000000 1.000000 1.000000 1.000000 0.685951 0.532158 0.154080 0.004845 0.000182 0.000008 0.000000 0.000000
4938.0 1.000000 1.000000 1.000000 1.000000 0.685757 0.531902 0.155100 0.004871 0.000183 0.000008 0.000000 0.000000
4939.0 1.000000 1.000000 1.000000 1.000000 0.685564 0.531646 0.156128 0.004897 0.000184 0.000008 0.000000 0.000000
4940.0 1.000000 1.000000 1.000000 1.000000 0.685370 0.531390 0.157163 0.004922 0.000184 0.000008 0.000000 0.000000
4941.0 1.000000 1.000000 1.000000 1.000000 0.685176 0.531134 0.158205 0.004948 0.000185 0.000008 0.000000 0.000000
4942.0 1.000000 1.000000 1.000000 1.000000 0.684982 0.530877 0.159256 0.004975 0.000186 0.000008 0.000000 0.000000
4943.0 1.000000 1.000000 1.000000 1.000000 0.684788 0.530621 0.160315 0.005001 0.000187 0.000008 0.000000 0.000000
4944.0 1.000000 1.000000 1.000000 1.000000 0.684593 0.530365 0.161381 0.005027 0.000187 0.000008 0.000000 0.000000
4945.0 1.000000 1.000000 1.000000 1.000000 0.684399 0.530109 0.162453 0.005054 0.000188 0.000008 0.000000 0.000000
4946.0 1.000000 1.000000 1.000000 1.000000 0.684205 0.529852 0.163535 0.005081 0.000189 0.000008 0.000000 0.000000
4947.0 1.000000 1.000000 1.000000 1.000000 0.684011 0.529596 0.164625 0.005108 0.000190 0.000008 0.000000 0.000000
4948.0 1.000000 1.000000 1.000000 1.000000 0.683816 0.529340 0.165721 0.005135 0.000190 0.000008 0.000000 0.000000
4949.0 1.000000 1.000000 1.000000 1.000000 0.683622 0.529083 0.166827 0.005162 0.000191 0.000008 0.000000 0.000000
4950.0 1.000000 1.000000 1.000000 1.000000 0.683428 0.528827 0.167940 0.005190 0.000192 0.000008 0.000000 0.000000
4951.0 1.000000 1.000000 1.000000 1.000000 0.683233 0.528570 0.169063 0.005217 0.000193 0.000008 0.000000 0.000000
4952.0 1.000000 1.000000 1.000000 1.000000 0.683039 0.528314 0.170192 0.005245 0.000194 0.000008 0.000000 0.000000
4953.0 1.000000 1.000000 1.000000 1.000000 0.682844 0.528058 0.171330 0.005273 0.000194 0.000008 0.000000 0.000000
4954.0 1.000000 1.000000 1.000000 1.000000 0.682649 0.527801 0.172476 0.005301 0.000195 0.000008 0.000000 0.000000
4955.0 1.000000 1.000000 1.000000 1.000000 0.682455 0.527545 0.173632 0.005330 0.000196 0.000008 0.000000 0.000000
4956.0 1.000000 1.000000 1.000000 1.000000 0.682260 0.527288 0.174794 0.005358 0.000197 0.000008 0.000000 0.000000
4957.0 1.000000 1.000000 1.000000 1.000000 0.682065 0.527032 0.175966 0.005387 0.000198 0.000008 0.000000 0.000000
4958.0 1.000000 1.000000 1.000000 1.000000 0.681871 0.526775 0.177148 0.005415 0.000198 0.000008 0.000000 0.000000
4959.0 1.000000 1.000000 1.000000 1.000000 0.681676 0.526518 0.178337 0.005444 0.000199 0.000008 0.000000 0.000000
4960.0 1.000000 1.000000 1.000000 1.000000 0.681481 0.526262 0.179534 0.005474 0.000200 0.000008 0.000000 0.000000
4961.0 1.000000 1.000000 1.000000 1.000000 0.681286 0.526005 0.180740 0.005503 0.000201 0.000008 0.000000 0.000000
4962.0 1.000000 1.000000 1.000000 1.000000 0.681091 0.525749 0.181956 0.005532 0.000202 0.000008 0.000000 0.000000
4963.0 1.000000 1.000000 1.000000 1.000000 0.680896 0.525492 0.183181 0.005562 0.000203 0.000008 0.000000 0.000000
4964.0 1.000000 1.000000 1.000000 1.000000 0.680700 0.525235 0.184416 0.005592 0.000203 0.000008 0.000000 0.000000
4965.0 1.000000 1.000000 1.000000 1.000000 0.680505 0.524979 0.185659 0.005622 0.000204 0.000008 0.000000 0.000000
4966.0 1.000000 1.000000 1.000000 1.000000 0.680310 0.524722 0.186910 0.005652 0.000205 0.000008 0.000000 0.000000
4967.0 1.000000 1.000000 1.000000 1.000000 0.680115 0.524465 0.188171 0.005683 0.000206 0.000009 0.000000 0.000000
4968.0 1.000000 1.000000 1.000000 1.000000 0.679919 0.524209 0.189442 0.005713 0.000207 0.000009 0.000000 0.000000
4969.0 1.000000 1.000000 1.000000 1.000000 0.679724 0.523952 0.190722 0.005744 0.000208 0.000009 0.000000 0.000000
4970.0 1.000000 1.000000 1.000000 1.000000 0.679529 0.523695 0.192011 0.005775 0.000209 0.000009 0.000000 0.000000
4971.0 1.000000 1.000000 1.000000 1.000000 0.679333 0.523438 0.193310 0.005806 0.000209 0.000009 0.000000 0.000000
4972.0 1.000000 1.000000 1.000000 1.000000 0.679138 0.523182 0.194619 0.005838 0.000210 0.000009 0.000000 0.000000
4973.0 1.000000 1.000000 1.000000 1.000000 0.678942 0.522925 0.195938 0.005869 0.000211 0.000009 0.000000 0.000000
4974.0 1.000000 1.000000 1.000000 1.000000 0.678746 0.522668 0.197266 0.005901 0.000212 0.000009 0.000000 0.000000
4975.0 1.000000 1.000000 1.000000 1.000000 0.678551 0.522411 0.198604 0.005933 0.000213 0.000009 0.000000 0.000000
4976.0 1.000000 1.000000 1.000000 1.000000 0.678355 0.522154 0.199952 0.005965 0.000214 0.000009 0.000000 0.000000
4977.0 1.000000 1.000000 1.000000 1.000000 0.678159 0.521897 0.201310 0.005998 0.000215 0.000009 0.000000 0.000000
4978.0 1.000000 1.000000 1.000000 1.000000 0.677963 0.521640 0.202678 0.006030 0.000216 0.000009 0.000000 0.000000
4979.0 1.000000 1.000000 1.000000 1.000000 0.677768 0.521384 0.204056 0.006063 0.000217 0.000009 0.000000 0.000000
4980.0 1.000000 1.000000 1.000000 1.000000 0.677572 0.521127 0.205445 0.006096 0.000217 0.000009 0.000000 0.000000
4981.0 1.000000 1.000000 1.000000 1.000000 0.677376 0.520870 0.206844 0.006129 0.000218 0.000009 0.000000 0.000000
4982.0 1.000000 1.000000 1.000000 1.000000 0.677180 0.520613 0.208254 0.006163 0.000219 0.000009 0.000000 0.000000
4983.0 1.000000 1.000000 1.000000 1.000000 0.676984 0.520356 0.209673 0.006196 0.000220 0.000009 0.000000 0.000000
4984.0 1.000000 1.000000 1.000000 1.000000 0.676787 0.520099 0.211103 0.006230 0.000221 0.000009 0.000000 0.000000
4985.0 1.000000 1.000000 1.000000 1.000000 0.676591 0.519842 0.212545 0.006264 0.000222 0.000009 0.000000 0.000000
4986.0 1.000000 1.000000 1.000000 1.000000 0.676395 0.519585 0.213997 0.006298 0.000223 0.000009 0.000000 0.000000
4987.0 1.000000 1.000000 1.000000 1.000000 0.676199 0.519328 0.215460 0.006333 0.000224 0.000009 0.000000 0.000000
4988.0 1.000000 1.000000 1.000000 1.000000 0.676003 0.519071 0.216934 0.006367 0.000225 0.000009 0.000000 0.000000
4989.0 1.000000 1.000000 1.000000 1.000000 0.675806 0.518814 0.218418 0.006402 0.000226 0.000009 0.000000 0.000000
4990.0 1.000000 1.000000 1.000000 1.000000 0.675610 0.518557 0.219913 0.006437 0.000227 0.000009 0.000000 0.000000
4991.0 1.000000 1.000000 1.000000 1.000000 0.675413 0.518300 0.221422 0.006472 0.000228 0.000009 0.000000 0.000000
4992.0 1.000000 1.000000 1.000000 1.000000 0.675217 0.518042 0.222939 0.006508 0.000229 0.000009 0.000000 0.000000
4993.0 1.000000 1.000000 1.000000 1.000000 0.675020 0.517785 0.224469 0.006544 0.000230 0.000009 0.000000 0.000000
4994.0 1.000000 1.000000 1.000000 1.000000 0.674824 0.517528 0.226011 0.006580 0.000231 0.000009 0.000000 0.000000
4995.0 1.000000 1.000000 1.000000 1.000000 0.674627 0.517271 0.227563 0.006616 0.000232 0.000009 0.000000 0.000000
4996.0 1.000000 1.000000 1.000000 1.000000 0.674430 0.517014 0.229127 0.006652 0.000233 0.000009 0.000000 0.000000
4997.0 1.000000 1.000000 1.000000 1.000000 0.674233 0.516757 0.230704 0.006689 0.000234 0.000009 0.000000 0.000000
4998.0 1.000000 1.000000 1.000000 1.000000 0.674037 0.516499 0.232293 0.006726 0.000235 0.000009 0.000000 0.000000
4999.0 1.000000 1.000000 1.000000 1.000000 0.673840 0.516242 0.233892 0.006763 0.000236 0.000009 0.000000 0.000000
5000.0 1.000000 1.000000 1.000000 1.000000 0.673643 0.515985 0.235504 0.006800 0.000237 0.000009 0.000000 0.000000
5001.0 1.000000 1.000000 1.000000 1.000000 0.673446 0.515728 0.237129 0.006837 0.000238 0.000009 0.000000 0.000000
5002.0 1.000000 1.000000 1.000000 1.000000 0.673249 0.515471 0.238765 0.006875 0.000239 0.000009 0.000000 0.000000
5003.0 1.000000 1.000000 1.000000 1.000000 0.673052 0.515213 0.240414 0.006913 0.000240 0.000010 0.000000 0.000000
5004.0 1.000000 1.000000 1.000000 1.000000 0.672855 0.514956 0.242075 0.006952 0.000241 0.000010 0.000000 0.000000
5005.0 1.000000 1.000000 1.000000 1.000000 0.672658 0.514699 0.243748 0.006990 0.000242 0.000010 0.000000 0.000000
5006.0 1.000000 1.000000 1.000000 1.000000 0.672460 0.514441 0.245434 0.007029 0.000243 0.000010 0.000000 0.000000
5007.0 1.000000 1.000000 1.000000 1.000000 0.672263 0.514184 0.247133 0.007068 0.000244 0.000010 0.000000 0.000000
5008.0 1.000000 1.000000 1.000000 1.000000 0.672066 0.513927 0.248847 0.007107 0.000245 0.000010 0.000000 0.000000
5009.0 1.000000 1.000000 1.000000 1.000000 0.671868 0.513669 0.250572 0.007146 0.000246 0.000010 0.000000 0.000000
5010.0 1.000000 1.000000 1.000000 1.000000 0.671671 0.513412 0.252309 0.007186 0.000247 0.000010 0.000000 0.000000
5011.0 1.000000 1.000000 1.000000 1.000000 0.671474 0.513155 0.254061 0.007226 0.000248 0.000010 0.000000 0.000000
5012.0 1.000000 1.000000 1.000000 1.000000 0.671276 0.512897 0.255825 0.007266 0.000249 0.000010 0.000000 0.000000
5013.0 1.000000 1.000000 1.000000 1.000000 0.671079 0.512640 0.257603 0.007307 0.000250 0.000010 0.000000 0.000000
5014.0 1.000000 1.000000 1.000000 1.000000 0.670881 0.512382 0.259393 0.007347 0.000251 0.000010 0.000000 0.000000
5015.0 1.000000 1.000000 1.000000 1.000000 0.670683 0.512125 0.260409 0.007388 0.000252 0.000010 0.000000 0.000000
5016.0 1.000000 1.000000 1.000000 1.000000 0.670486 0.511868 0.260111 0.007430 0.000254 0.000010 0.000000 0.000000
5017.0 1.000000 1.000000 1.000000 1.000000 0.670288 0.511610 0.259814 0.007471 0.000255 0.000010 0.000000 0.000000
5018.0 1.000000 1.000000 1.000000 1.000000 0.670090 0.511353 0.259516 0.007513 0.000256 0.000010 0.000000 0.000000
5019.0 1.000000 1.000000 1.000000 1.000000 0.669892 0.511095 0.259219 0.007555 0.000257 0.000010 0.000000 0.000000
5020.0 1.000000 1.000000 1.000000 1.000000 0.669694 0.510838 0.259167 0.007597 0.000258 0.000010 0.000000 0.000000
5021.0 1.000000 1.000000 1.000000 1.000000 0.669497 0.510580 0.259441 0.007640 0.000259 0.000010 0.000000 0.000000
5022.0 1.000000 1.000000 1.000000 1.000000 0.669299 0.510323 0.259850 0.007683 0.000260 0.000010 0.000000 0.000000
5023.0 1.000000 1.000000 1.000000 1.000000 0.669101 0.510065 0.260440 0.007726 0.000261 0.000010 0.000000 0.000000
5024.0 1.000000 1.000000 1.000000 1.000000 0.668902 0.509808 0.260675 0.007769 0.000262 0.000010 0.000000 0.000000
5025.0 1.000000 1.000000 1.000000 1.000000 0.668704 0.509550 0.260983 0.007813 0.000264 0.000010 0.000000 0.000000
5026.0 1.000000 1.000000 1.000000 1.000000 0.668506 0.509292 0.261379 0.007857 0.000265 0.000010 0.000000 0.000000
5027.0 1.000000 1.000000 1.000000 1.000000 0.668308 0.509035 0.261880 0.007901 0.000266 0.000010 0.000000 0.000000
5028.0 1.000000 1.000000 1.000000 1.000000 0.668110 0.508777 0.262509 0.007945 0.000267 0.000010 0.000000 0.000000
5029.0 1.000000 1.000000 1.000000 1.000000 0.667911 0.508520 0.263294 0.007990 0.000268 0.000010 0.000000 0.000000
5030.0 1.000000 1.000000 1.000000 1.000000 0.667713 0.508262 0.262997 0.008035 0.000269 0.000010 0.000000 0.000000
5031.0 1.000000 1.000000 1.000000 1.000000 0.667515 0.508004 0.263977 0.008080 0.000271 0.000010 0.000000 0.000000
5032.0 1.000000 1.000000 1.000000 1.000000 0.667316 0.507747 0.263680 0.008126 0.000272 0.000010 0.000000 0.000000
5033.0 1.000000 1.000000 1.000000 1.000000 0.667118 0.507489 0.264905 0.008172 0.000273 0.000010 0.000000 0.000000
5034.0 1.000000 1.000000 1.000000 1.000000 0.666919 0.507232 0.264608 0.008218 0.000274 0.000011 0.000000 0.000000
5035.0 1.000000 1.000000 1.000000 1.000000 0.666721 0.506974 0.266144 0.008265 0.000275 0.000011 0.000000 0.000000
5036.0 1.000000 1.000000 1.000000 1.000000 0.666522 0.506716 0.265847 0.008311 0.000277 0.000011 0.000000 0.000000
5037.0 1.000000 1.000000 1.000000 1.000000 0.666323 0.506458 0.265550 0.008358 0.000278 0.000011 0.000000 0.000000
5038.0 1.000000 1.000000 1.000000 1.000000 0.666125 0.506201 0.267488 0.008406 0.000279 0.000011 0.000000 0.000000
5039.0 1.000000 1.000000 1.000000 1.000000 0.665926 0.505943 0.267192 0.008454 0.000280 0.000011 0.000000 0.000000
5040.0 1.000000 1.000000 1.000000 1.000000 0.665727 0.505685 0.266895 0.008502 0.000282 0.000011 0.000000 0.000000
5041.0 1.000000 1.000000 1.000000 1.000000 0.665528 0.505428 0.269365 0.008550 0.000283 0.000011 0.000000 0.000000
5042.0 1.000000 1.000000 1.000000 1.000000 0.665329 0.505170 0.269068 0.008598 0.000284 0.000011 0.000000 0.000000
5043.0 1.000000 1.000000 1.000000 1.000000 0.665130 0.504912 0.268771 0.008647 0.000285 0.000011 0.000000 0.000000
5044.0 1.000000 1.000000 1.000000 1.000000 0.664931 0.504654 0.268475 0.008697 0.000287 0.000011 0.000000 0.000000
5045.0 1.000000 1.000000 1.000000 1.000000 0.664732 0.504397 0.271661 0.008746 0.000288 0.000011 0.000000 0.000000
5046.0 1.000000 1.000000 1.000000 1.000000 0.664533 0.504139 0.271365 0.008796 0.000289 0.000011 0.000000 0.000000
5047.0 1.000000 1.000000 1.000000 1.000000 0.664334 0.503881 0.271068 0.008846 0.000290 0.000011 0.000000 0.000000
5048.0 1.000000 1.000000 1.000000 1.000000 0.664135 0.503623 0.270771 0.008897 0.000292 0.000011 0.000000 0.000000
5049.0 1.000000 1.000000 1.000000 1.000000 0.663935 0.503365 0.270475 0.008947 0.000293 0.000011 0.000000 0.000000
5050.0 1.000000 1.000000 1.000000 1.000000 0.663736 0.503108 0.274651 0.008999 0.000294 0.000011 0.000000 0.000000
5051.0 1.000000 1.000000 1.000000 1.000000 0.663537 0.502850 0.274355 0.009050 0.000296 0.000011 0.000000 0.000000
5052.0 1.000000 1.000000 1.000000 1.000000 0.663337 0.502592 0.274058 0.009102 0.000297 0.000011 0.000000 0.000000
5053.0 1.000000 1.000000 1.000000 1.000000 0.663138 0.502334 0.273761 0.009154 0.000298 0.000011 0.000000 0.000000
5054.0 1.000000 1.000000 1.000000 1.000000 0.662938 0.502076 0.273465 0.009207 0.000300 0.000011 0.000000 0.000000
5055.0 1.000000 1.000000 1.000000 1.000000 0.662739 0.501818 0.273169 0.009259 0.000301 0.000011 0.000000 0.000000
5056.0 1.000000 1.000000 1.000000 1.000000 0.662539 0.501561 0.272873 0.009313 0.000302 0.000011 0.000000 0.000000
5057.0 1.000000 1.000000 1.000000 1.000000 0.662340 0.501303 0.278459 0.009366 0.000304 0.000011 0.000000 0.000000
5058.0 1.000000 1.000000 1.000000 1.000000 0.662140 0.501045 0.278162 0.009420 0.000305 0.000011 0.000000 0.000000
5059.0 1.000000 1.000000 1.000000 1.000000 0.661940 0.500787 0.277866 0.009474 0.000306 0.000011 0.000000 0.000000
5060.0 1.000000 1.000000 1.000000 1.000000 0.661740 0.500529 0.277570 0.009529 0.000308 0.000011 0.000000 0.000000
5061.0 1.000000 1.000000 1.000000 1.000000 0.661541 0.500271 0.277273 0.009584 0.000309 0.000011 0.000000 0.000000
5062.0 1.000000 1.000000 1.000000 1.000000 0.661341 0.500013 0.276977 0.009639 0.000311 0.000012 0.000000 0.000000
5063.0 1.000000 1.000000 1.000000 1.000000 0.661141 0.499755 0.276681 0.009694 0.000312 0.000012 0.000000 0.000000
5064.0 1.000000 1.000000 1.000000 1.000000 0.660941 0.499497 0.276385 0.009750 0.000313 0.000012 0.000000 0.000000
5065.0 1.000000 1.000000 1.000000 1.000000 0.660741 0.499239 0.276090 0.009807 0.000315 0.000012 0.000000 0.000000
5066.0 1.000000 1.000000 1.000000 1.000000 0.660541 0.498981 0.283759 0.009863 0.000316 0.000012 0.000000 0.000000
5067.0 1.000000 1.000000 1.000000 1.000000 0.660341 0.498723 0.283463 0.009920 0.000318 0.000012 0.000000 0.000000
5068.0 1.000000 1.000000 1.000000 1.000000 0.660141 0.498466 0.283167 0.009978 0.000319 0.000012 0.000000 0.000000
5069.0 1.000000 1.000000 1.000000 1.000000 0.659941 0.498207 0.282871 0.010036 0.000321 0.000012 0.000000 0.000000
5070.0 1.000000 1.000000 1.000000 1.000000 0.659740 0.497950 0.282575 0.010094 0.000322 0.000012 0.000000 0.000000
5071.0 1.000000 1.000000 1.000000 1.000000 0.659540 0.497692 0.282279 0.010152 0.000324 0.000012 0.000000 0.000000
5072.0 1.000000 1.000000 1.000000 1.000000 0.659340 0.497434 0.281983 0.010211 0.000325 0.000012 0.000000 0.000000
5073.0 1.000000 1.000000 1.000000 1.000000 0.659139 0.497176 0.281687 0.010271 0.000326 0.000012 0.000000 0.000000
5074.0 1.000000 1.000000 1.000000 1.000000 0.658939 0.496917 0.281392 0.010330 0.000328 0.000012 0.000000 0.000000
5075.0 1.000000 1.000000 1.000000 1.000000 0.658738 0.496660 0.281097 0.010391 0.000329 0.000012 0.000000 0.000000
5076.0 1.000000 1.000000 1.000000 1.000000 0.658538 0.496402 0.280801 0.010451 0.000331 0.000012 0.000000 0.000000
5077.0 1.000000 1.000000 1.000000 1.000000 0.658337 0.496143 0.280506 0.010512 0.000332 0.000012 0.000000 0.000000
5078.0 1.000000 1.000000 1.000000 1.000000 0.658137 0.495885 0.291398 0.010573 0.000334 0.000012 0.000000 0.000000
5079.0 1.000000 1.000000 1.000000 1.000000 0.657936 0.495627 0.291102 0.010635 0.000336 0.000012 0.000000 0.000000
5080.0 1.000000 1.000000 1.000000 1.000000 0.657736 0.495369 0.290807 0.010697 0.000337 0.000012 0.000000 0.000000
5081.0 1.000000 1.000000 1.000000 1.000000 0.657535 0.495111 0.290511 0.010759 0.000339 0.000012 0.000000 0.000000
5082.0 1.000000 1.000000 1.000000 1.000000 0.657334 0.494853 0.290216 0.010822 0.000340 0.000012 0.000000 0.000000
5083.0 1.000000 1.000000 1.000000 1.000000 0.657133 0.494595 0.289920 0.010886 0.000342 0.000012 0.000000 0.000000
5084.0 1.000000 1.000000 1.000000 1.000000 0.656932 0.494337 0.289625 0.010949 0.000343 0.000012 0.000000 0.000000
5085.0 1.000000 1.000000 1.000000 1.000000 0.656731 0.494079 0.289330 0.011014 0.000345 0.000012 0.000001 0.000000
5086.0 1.000000 1.000000 1.000000 1.000000 0.656531 0.493821 0.289035 0.011078 0.000346 0.000013 0.000001 0.000000
5087.0 1.000000 1.000000 1.000000 1.000000 0.656330 0.493563 0.288740 0.011143 0.000348 0.000013 0.000001 0.000000
5088.0 1.000000 1.000000 1.000000 1.000000 0.656128 0.493305 0.288445 0.011209 0.000350 0.000013 0.000001 0.000000
5089.0 1.000000 1.000000 1.000000 1.000000 0.655927 0.493047 0.288150 0.011274 0.000351 0.000013 0.000001 0.000000
5090.0 1.000000 1.000000 1.000000 1.000000 0.655726 0.492789 0.287855 0.011341 0.000353 0.000013 0.000001 0.000000
5091.0 1.000000 1.000000 1.000000 1.000000 0.655525 0.492530 0.287561 0.011407 0.000355 0.000013 0.000001 0.000000
5092.0 1.000000 1.000000 1.000000 1.000000 0.655324 0.492272 0.287266 0.011474 0.000356 0.000013 0.000001 0.000000
5093.0 1.000000 1.000000 1.000000 1.000000 0.655123 0.492014 0.286972 0.011542 0.000358 0.000013 0.000001 0.000000
5094.0 1.000000 1.000000 1.000000 1.000000 0.654921 0.491756 0.286678 0.011610 0.000359 0.000013 0.000001 0.000000
5095.0 1.000000 1.000000 1.000000 1.000000 0.654720 0.491498 0.301583 0.011679 0.000361 0.000013 0.000001 0.000000
5096.0 1.000000 1.000000 1.000000 1.000000 0.654519 0.491240 0.301288 0.011748 0.000363 0.000013 0.000001 0.000000
5097.0 1.000000 1.000000 1.000000 1.000000 0.654317 0.490982 0.300994 0.011817 0.000364 0.000013 0.000001 0.000000
5098.0 1.000000 1.000000 1.000000 1.000000 0.654116 0.490723 0.300699 0.011887 0.000366 0.000013 0.000001 0.000000
5099.0 1.000000 1.000000 1.000000 1.000000 0.653914 0.490465 0.300405 0.011957 0.000368 0.000013 0.000001 0.000000
5100.0 1.000000 1.000000 1.000000 1.000000 0.653713 0.490207 0.300110 0.012028 0.000370 0.000013 0.000001 0.000000
5101.0 1.000000 1.000000 1.000000 1.000000 0.653511 0.489949 0.299816 0.012099 0.000371 0.000013 0.000001 0.000000
5102.0 1.000000 1.000000 1.000000 1.000000 0.653309 0.489691 0.299522 0.012171 0.000373 0.000013 0.000001 0.000000
5103.0 1.000000 1.000000 1.000000 1.000000 0.653107 0.489433 0.299228 0.012243 0.000375 0.000013 0.000001 0.000000
5104.0 1.000000 1.000000 1.000000 1.000000 0.652906 0.489175 0.298934 0.012316 0.000377 0.000013 0.000001 0.000000
5105.0 1.000000 1.000000 1.000000 1.000000 0.652704 0.488916 0.298640 0.012389 0.000378 0.000013 0.000001 0.000000
5106.0 1.000000 1.000000 1.000000 1.000000 0.652502 0.488658 0.298346 0.012462 0.000380 0.000013 0.000001 0.000000
5107.0 1.000000 1.000000 1.000000 1.000000 0.652300 0.488400 0.298052 0.012536 0.000382 0.000013 0.000001 0.000000
5108.0 1.000000 1.000000 1.000000 1.000000 0.652098 0.488142 0.297759 0.012611 0.000384 0.000014 0.000001 0.000000
5109.0 1.000000 1.000000 1.000000 1.000000 0.651896 0.487884 0.297465 0.012686 0.000385 0.000014 0.000001 0.000000
5110.0 1.000000 1.000000 1.000000 1.000000 0.651694 0.487625 0.297172 0.012762 0.000387 0.000014 0.000001 0.000000
5111.0 1.000000 1.000000 1.000000 1.000000 0.651492 0.487367 0.296878 0.012838 0.000389 0.000014 0.000001 0.000000
5112.0 1.000000 1.000000 1.000000 1.000000 0.651290 0.487109 0.296585 0.012915 0.000391 0.000014 0.000001 0.000000
5113.0 1.000000 1.000000 1.000000 1.000000 0.651088 0.486851 0.296292 0.012992 0.000393 0.000014 0.000001 0.000000
5114.0 1.000000 1.000000 1.000000 1.000000 0.650886 0.486593 0.295999 0.013069 0.000395 0.000014 0.000001 0.000000
5115.0 1.000000 1.000000 1.000000 1.000000 0.650683 0.486334 0.295706 0.013147 0.000396 0.000014 0.000001 0.000000
5116.0 1.000000 1.000000 1.000000 1.000000 0.650481 0.486076 0.295413 0.013226 0.000398 0.000014 0.000001 0.000000
5117.0 1.000000 1.000000 1.000000 1.000000 0.650279 0.485818 0.295121 0.013305 0.000400 0.000014 0.000001 0.000000
5118.0 1.000000 1.000000 1.000000 1.000000 0.650076 0.485560 0.294828 0.013385 0.000402 0.000014 0.000001 0.000000
5119.0 1.000000 1.000000 1.000000 1.000000 0.649874 0.485302 0.294536 0.013465 0.000404 0.000014 0.000001 0.000000
5120.0 1.000000 1.000000 1.000000 1.000000 0.649672 0.485043 0.315718 0.013546 0.000406 0.000014 0.000001 0.000000
5121.0 1.000000 1.000000 1.000000 1.000000 0.649469 0.484785 0.315425 0.013627 0.000408 0.000014 0.000001 0.000000
5122.0 1.000000 1.000000 1.000000 1.000000 0.649266 0.484527 0.315133 0.013709 0.000410 0.000014 0.000001 0.000000
5123.0 1.000000 1.000000 1.000000 1.000000 0.649064 0.484269 0.314840 0.013792 0.000412 0.000014 0.000001 0.000000
5124.0 1.000000 1.000000 1.000000 1.000000 0.648861 0.484010 0.314548 0.013875 0.000414 0.000014 0.000001 0.000000
5125.0 1.000000 1.000000 1.000000 1.000000 0.648659 0.483752 0.314256 0.013958 0.000416 0.000014 0.000001 0.000000
5126.0 1.000000 1.000000 1.000000 1.000000 0.648456 0.483494 0.313964 0.014042 0.000417 0.000014 0.000001 0.000000
5127.0 1.000000 1.000000 1.000000 1.000000 0.648253 0.483236 0.313672 0.014127 0.000419 0.000014 0.000001 0.000000
5128.0 1.000000 1.000000 1.000000 1.000000 0.648050 0.482977 0.313380 0.014212 0.000421 0.000014 0.000001 0.000000
5129.0 1.000000 1.000000 1.000000 1.000000 0.647847 0.647847 0.313437 0.014314 0.000424 0.000015 0.000001 0.000000
5130.0 1.000000 1.000000 1.000000 1.000000 0.647645 0.647645 0.313131 0.014400 0.000426 0.000015 0.000001 0.000000
5131.0 1.000000 1.000000 1.000000 1.000000 0.647442 0.647442 0.312825 0.014486 0.000428 0.000015 0.000001 0.000000
5132.0 1.000000 1.000000 1.000000 1.000000 0.647239 0.647239 0.312519 0.014573 0.000430 0.000015 0.000001 0.000000
5133.0 1.000000 1.000000 1.000000 1.000000 0.647036 0.647036 0.312213 0.014661 0.000432 0.000015 0.000001 0.000000
5134.0 1.000000 1.000000 1.000000 1.000000 0.646833 0.646833 0.311907 0.014749 0.000434 0.000015 0.000001 0.000000
5135.0 1.000000 1.000000 1.000000 1.000000 0.646629 0.646629 0.311601 0.014837 0.000436 0.000015 0.000001 0.000000
5136.0 1.000000 1.000000 1.000000 1.000000 0.646426 0.646426 0.311296 0.014927 0.000438 0.000015 0.000001 0.000000
5137.0 1.000000 1.000000 1.000000 1.000000 0.646223 0.646223 0.310990 0.015017 0.000440 0.000015 0.000001 0.000000
5138.0 1.000000 1.000000 1.000000 1.000000 0.646020 0.646020 0.310685 0.015107 0.000442 0.000015 0.000001 0.000000
5139.0 1.000000 1.000000 1.000000 1.000000 0.645817 0.645817 0.310379 0.015198 0.000444 0.000015 0.000001 0.000000
5140.0 1.000000 1.000000 1.000000 1.000000 0.645613 0.645613 0.310074 0.015290 0.000447 0.000015 0.000001 0.000000
5141.0 1.000000 1.000000 1.000000 1.000000 0.645410 0.645410 0.309769 0.015382 0.000449 0.000015 0.000001 0.000000
5142.0 1.000000 1.000000 1.000000 1.000000 0.645206 0.645206 0.309464 0.015475 0.000451 0.000015 0.000001 0.000000
5143.0 1.000000 1.000000 1.000000 1.000000 0.645003 0.645003 0.309159 0.015569 0.000453 0.000015 0.000001 0.000000
5144.0 1.000000 1.000000 1.000000 1.000000 0.644799 0.644799 0.308854 0.015663 0.000455 0.000015 0.000001 0.000000
5145.0 1.000000 1.000000 1.000000 1.000000 0.644596 0.644596 0.308549 0.015758 0.000457 0.000015 0.000001 0.000000
5146.0 1.000000 1.000000 1.000000 1.000000 0.644392 0.644392 0.308244 0.015853 0.000459 0.000015 0.000001 0.000000
5147.0 1.000000 1.000000 1.000000 1.000000 0.644189 0.644189 0.307939 0.015950 0.000462 0.000016 0.000001 0.000000
5148.0 1.000000 1.000000 1.000000 1.000000 0.643985 0.643985 0.307635 0.016046 0.000464 0.000016 0.000001 0.000000
5149.0 1.000000 1.000000 1.000000 1.000000 0.643781 0.643781 0.307331 0.016144 0.000466 0.000016 0.000001 0.000000
5150.0 1.000000 1.000000 1.000000 1.000000 0.643578 0.643578 0.307026 0.016242 0.000468 0.000016 0.000001 0.000000
5151.0 1.000000 1.000000 1.000000 1.000000 0.643374 0.643374 0.306722 0.016341 0.000471 0.000016 0.000001 0.000000
5152.0 1.000000 1.000000 1.000000 1.000000 0.643170 0.643170 0.306418 0.016440 0.000473 0.000016 0.000001 0.000000
5153.0 1.000000 1.000000 1.000000 1.000000 0.642966 0.642966 0.306114 0.016540 0.000475 0.000016 0.000001 0.000000
5154.0 1.000000 1.000000 1.000000 1.000000 0.642762 0.642762 0.305810 0.016641 0.000477 0.000016 0.000001 0.000000
5155.0 1.000000 1.000000 1.000000 1.000000 0.642558 0.642558 0.305506 0.016742 0.000480 0.000016 0.000001 0.000000
5156.0 1.000000 1.000000 1.000000 1.000000 0.642354 0.642354 0.305202 0.016844 0.000482 0.000016 0.000001 0.000000
5157.0 1.000000 1.000000 1.000000 1.000000 0.642150 0.642150 0.304899 0.016947 0.000484 0.000016 0.000001 0.000000
5158.0 1.000000 1.000000 1.000000 1.000000 0.641946 0.641946 0.338113 0.017051 0.000487 0.000016 0.000001 0.000000
5159.0 1.000000 1.000000 1.000000 1.000000 0.641742 0.641742 0.337807 0.017155 0.000489 0.000016 0.000001 0.000000
5160.0 1.000000 1.000000 1.000000 1.000000 0.641538 0.641538 0.337502 0.017260 0.000491 0.000016 0.000001 0.000000
5161.0 1.000000 1.000000 1.000000 1.000000 0.641334 0.641334 0.337197 0.017365 0.000494 0.000016 0.000001 0.000000
5162.0 1.000000 1.000000 1.000000 1.000000 0.641129 0.641129 0.336893 0.017472 0.000496 0.000016 0.000001 0.000000
5163.0 1.000000 1.000000 1.000000 1.000000 0.640925 0.640925 0.336588 0.017579 0.000499 0.000016 0.000001 0.000000
5164.0 1.000000 1.000000 1.000000 1.000000 0.640721 0.640721 0.336283 0.017687 0.000501 0.000017 0.000001 0.000000
5165.0 1.000000 1.000000 1.000000 1.000000 0.640516 0.640516 0.335978 0.017795 0.000503 0.000017 0.000001 0.000000
5166.0 1.000000 1.000000 1.000000 1.000000 0.640312 0.640312 0.335674 0.017904 0.000506 0.000017 0.000001 0.000000
5167.0 1.000000 1.000000 1.000000 1.000000 0.640107 0.640107 0.335369 0.018014 0.000508 0.000017 0.000001 0.000000
5168.0 1.000000 1.000000 1.000000 1.000000 0.639903 0.639903 0.335065 0.018125 0.000511 0.000017 0.000001 0.000000
5169.0 1.000000 1.000000 1.000000 1.000000 0.639698 0.639698 0.334760 0.018237 0.000513 0.000017 0.000001 0.000000
5170.0 1.000000 1.000000 1.000000 1.000000 0.639494 0.639494 0.334456 0.018349 0.000516 0.000017 0.000001 0.000000
5171.0 1.000000 1.000000 1.000000 1.000000 0.639289 0.639289 0.334152 0.018462 0.000518 0.000017 0.000001 0.000000
5172.0 1.000000 1.000000 1.000000 1.000000 0.639084 0.639084 0.333848 0.018576 0.000521 0.000017 0.000001 0.000000
5173.0 1.000000 1.000000 1.000000 1.000000 0.638880 0.638880 0.333544 0.018690 0.000523 0.000017 0.000001 0.000000
5174.0 1.000000 1.000000 1.000000 1.000000 0.638675 0.638675 0.333240 0.018806 0.000526 0.000017 0.000001 0.000000
5175.0 1.000000 1.000000 1.000000 1.000000 0.638470 0.638470 0.332936 0.018922 0.000528 0.000017 0.000001 0.000000
5176.0 1.000000 1.000000 1.000000 1.000000 0.638265 0.638265 0.332632 0.019039 0.000531 0.000017 0.000001 0.000000
5177.0 1.000000 1.000000 1.000000 1.000000 0.638060 0.638060 0.332328 0.019156 0.000534 0.000017 0.000001 0.000000
5178.0 1.000000 1.000000 1.000000 1.000000 0.637855 0.637855 0.332025 0.019275 0.000536 0.000017 0.000001 0.000000
5179.0 1.000000 1.000000 1.000000 1.000000 0.637650 0.637650 0.331721 0.019394 0.000539 0.000017 0.000001 0.000000
5180.0 1.000000 1.000000 1.000000 1.000000 0.637446 0.637446 0.331418 0.019514 0.000541 0.000018 0.000001 0.000000
5181.0 1.000000 1.000000 1.000000 1.000000 0.637240 0.637240 0.331114 0.019635 0.000544 0.000018 0.000001 0.000000
5182.0 1.000000 1.000000 1.000000 1.000000 0.637035 0.637035 0.330811 0.019757 0.000547 0.000018 0.000001 0.000000
5183.0 1.000000 1.000000 1.000000 1.000000 0.636830 0.636830 0.330508 0.019880 0.000549 0.000018 0.000001 0.000000
5184.0 1.000000 1.000000 1.000000 1.000000 0.636625 0.636625 0.330205 0.020003 0.000552 0.000018 0.000001 0.000000
5185.0 1.000000 1.000000 1.000000 1.000000 0.636420 0.636420 0.329902 0.020128 0.000555 0.000018 0.000001 0.000000
5186.0 1.000000 1.000000 1.000000 1.000000 0.636215 0.636215 0.329599 0.020253 0.000558 0.000018 0.000001 0.000000
5187.0 1.000000 1.000000 1.000000 1.000000 0.636009 0.636009 0.329296 0.020379 0.000560 0.000018 0.000001 0.000000
5188.0 1.000000 1.000000 1.000000 1.000000 0.635804 0.635804 0.328993 0.020506 0.000563 0.000018 0.000001 0.000000
5189.0 1.000000 1.000000 1.000000 1.000000 0.635599 0.635599 0.328690 0.020634 0.000566 0.000018 0.000001 0.000000
5190.0 1.000000 1.000000 1.000000 1.000000 0.635393 0.635393 0.328388 0.020762 0.000569 0.000018 0.000001 0.000000
5191.0 1.000000 1.000000 1.000000 1.000000 0.635188 0.635188 0.328085 0.020892 0.000572 0.000018 0.000001 0.000000
5192.0 1.000000 1.000000 1.000000 1.000000 0.634982 0.634982 0.327783 0.021022 0.000574 0.000018 0.000001 0.000000
5193.0 1.000000 1.000000 1.000000 1.000000 0.634777 0.634777 0.327480 0.021154 0.000577 0.000018 0.000001 0.000000
5194.0 1.000000 1.000000 1.000000 1.000000 0.634571 0.634571 0.327178 0.021286 0.000580 0.000018 0.000001 0.000000
5195.0 1.000000 1.000000 1.000000 1.000000 0.634366 0.634366 0.326876 0.021419 0.000583 0.000019 0.000001 0.000000
5196.0 1.000000 1.000000 1.000000 1.000000 0.634160 0.634160 0.326573 0.021553 0.000586 0.000019 0.000001 0.000000
5197.0 1.000000 1.000000 1.000000 1.000000 0.633954 0.633954 0.326271 0.021688 0.000589 0.000019 0.000001 0.000000
5198.0 1.000000 1.000000 1.000000 1.000000 0.633748 0.633748 0.325969 0.021824 0.000592 0.000019 0.000001 0.000000
5199.0 1.000000 1.000000 1.000000 1.000000 0.633543 0.633543 0.325668 0.021961 0.000595 0.000019 0.000001 0.000000
5200.0 1.000000 1.000000 1.000000 1.000000 0.633337 0.633337 0.325366 0.022099 0.000598 0.000019 0.000001 0.000000
5201.0 1.000000 1.000000 1.000000 1.000000 0.633131 0.633131 0.325064 0.022238 0.000601 0.000019 0.000001 0.000000
5202.0 1.000000 1.000000 1.000000 1.000000 0.632925 0.632925 0.324762 0.022378 0.000604 0.000019 0.000001 0.000000
5203.0 1.000000 1.000000 1.000000 1.000000 0.632719 0.632719 0.324461 0.022518 0.000607 0.000019 0.000001 0.000000
5204.0 1.000000 1.000000 1.000000 1.000000 0.632513 0.632513 0.324159 0.022660 0.000610 0.000019 0.000001 0.000000
5205.0 1.000000 1.000000 1.000000 1.000000 0.632307 0.632307 0.323858 0.022803 0.000613 0.000019 0.000001 0.000000
5206.0 1.000000 1.000000 1.000000 1.000000 0.632101 0.632101 0.323557 0.022946 0.000616 0.000019 0.000001 0.000000
5207.0 1.000000 1.000000 1.000000 1.000000 0.631895 0.631895 0.323255 0.023091 0.000619 0.000019 0.000001 0.000000
5208.0 1.000000 1.000000 1.000000 1.000000 0.631689 0.631689 0.322954 0.023236 0.000622 0.000019 0.000001 0.000000
5209.0 1.000000 1.000000 1.000000 1.000000 0.631483 0.631483 0.322653 0.023383 0.000625 0.000020 0.000001 0.000000
5210.0 1.000000 1.000000 1.000000 1.000000 0.631277 0.631277 0.322352 0.023531 0.000628 0.000020 0.000001 0.000000
5211.0 1.000000 1.000000 1.000000 1.000000 0.631070 0.631070 0.322052 0.023680 0.000631 0.000020 0.000001 0.000000
5212.0 1.000000 1.000000 1.000000 1.000000 0.630864 0.630864 0.321751 0.023829 0.000634 0.000020 0.000001 0.000000
5213.0 1.000000 1.000000 1.000000 1.000000 0.630658 0.630658 0.321450 0.023980 0.000638 0.000020 0.000001 0.000000
5214.0 1.000000 1.000000 1.000000 1.000000 0.630451 0.630451 0.321149 0.024132 0.000641 0.000020 0.000001 0.000000
5215.0 1.000000 1.000000 1.000000 1.000000 0.630245 0.630245 0.320849 0.024285 0.000644 0.000020 0.000001 0.000000
5216.0 1.000000 1.000000 1.000000 1.000000 0.630038 0.630038 0.320549 0.024439 0.000647 0.000020 0.000001 0.000000
5217.0 1.000000 1.000000 1.000000 1.000000 0.629832 0.629832 0.320248 0.024594 0.000651 0.000020 0.000001 0.000000
5218.0 1.000000 1.000000 1.000000 1.000000 0.629625 0.629625 0.319948 0.024750 0.000654 0.000020 0.000001 0.000000
5219.0 1.000000 1.000000 1.000000 1.000000 0.629419 0.629419 0.319648 0.024908 0.000657 0.000020 0.000001 0.000000
5220.0 1.000000 1.000000 1.000000 1.000000 0.629212 0.629212 0.319348 0.025066 0.000660 0.000020 0.000001 0.000000
5221.0 1.000000 1.000000 1.000000 1.000000 0.629006 0.629006 0.319048 0.025225 0.000664 0.000020 0.000001 0.000000
5222.0 1.000000 1.000000 1.000000 1.000000 0.628799 0.628799 0.318748 0.025386 0.000667 0.000021 0.000001 0.000000
5223.0 1.000000 1.000000 1.000000 1.000000 0.628592 0.628592 0.318448 0.025548 0.000670 0.000021 0.000001 0.000000
5224.0 1.000000 1.000000 1.000000 1.000000 0.628385 0.628385 0.369834 0.025710 0.000674 0.000021 0.000001 0.000000
5225.0 1.000000 1.000000 1.000000 1.000000 0.628179 0.628179 0.369538 0.025874 0.000677 0.000021 0.000001 0.000000
5226.0 1.000000 1.000000 1.000000 1.000000 0.627972 0.627972 0.369241 0.026039 0.000681 0.000021 0.000001 0.000000
5227.0 1.000000 1.000000 1.000000 1.000000 0.627765 0.627765 0.368944 0.026206 0.000684 0.000021 0.000001 0.000000
5228.0 1.000000 1.000000 1.000000 1.000000 0.627558 0.627558 0.368647 0.026373 0.000688 0.000021 0.000001 0.000000
5229.0 1.000000 1.000000 1.000000 1.000000 0.627351 0.627351 0.368351 0.026542 0.000691 0.000021 0.000001 0.000000
5230.0 1.000000 1.000000 1.000000 1.000000 0.627144 0.627144 0.368054 0.026712 0.000695 0.000021 0.000001 0.000000
5231.0 1.000000 1.000000 1.000000 1.000000 0.626937 0.626937 0.367758 0.026883 0.000698 0.000021 0.000001 0.000000
5232.0 1.000000 1.000000 1.000000 1.000000 0.626730 0.626730 0.367461 0.027055 0.000702 0.000021 0.000001 0.000000
5233.0 1.000000 1.000000 1.000000 1.000000 0.626523 0.626523 0.367165 0.027228 0.000705 0.000021 0.000001 0.000000
5234.0 1.000000 1.000000 1.000000 1.000000 0.626316 0.626316 0.366869 0.027403 0.000709 0.000022 0.000001 0.000000
5235.0 1.000000 1.000000 1.000000 1.000000 0.626109 0.626109 0.366572 0.027579 0.000713 0.000022 0.000001 0.000000
5236.0 1.000000 1.000000 1.000000 1.000000 0.625901 0.625901 0.366276 0.027756 0.000716 0.000022 0.000001 0.000000
5237.0 1.000000 1.000000 1.000000 1.000000 0.625694 0.625694 0.365980 0.027934 0.000720 0.000022 0.000001 0.000000
5238.0 1.000000 1.000000 1.000000 1.000000 0.625487 0.625487 0.365684 0.028114 0.000724 0.000022 0.000001 0.000000
5239.0 1.000000 1.000000 1.000000 1.000000 0.625279 0.625279 0.365388 0.028295 0.000727 0.000022 0.000001 0.000000
5240.0 1.000000 1.000000 1.000000 1.000000 0.625072 0.625072 0.365092 0.028477 0.000731 0.000022 0.000001 0.000000
5241.0 1.000000 1.000000 1.000000 1.000000 0.624865 0.624865 0.364796 0.028660 0.000735 0.000022 0.000001 0.000000
5242.0 1.000000 1.000000 1.000000 1.000000 0.624657 0.624657 0.364500 0.028845 0.000739 0.000022 0.000001 0.000000
5243.0 1.000000 1.000000 1.000000 1.000000 0.624450 0.624450 0.364204 0.029031 0.000742 0.000022 0.000001 0.000000
5244.0 1.000000 1.000000 1.000000 1.000000 0.624242 0.624242 0.363908 0.029218 0.000746 0.000022 0.000001 0.000000
5245.0 1.000000 1.000000 1.000000 1.000000 0.624035 0.624035 0.363613 0.029407 0.000750 0.000022 0.000001 0.000000
5246.0 1.000000 1.000000 1.000000 1.000000 0.623827 0.623827 0.363317 0.029597 0.000754 0.000023 0.000001 0.000000
5247.0 1.000000 1.000000 1.000000 1.000000 0.623619 0.623619 0.363021 0.029789 0.000758 0.000023 0.000001 0.000000
5248.0 1.000000 1.000000 1.000000 1.000000 0.623412 0.623412 0.362726 0.029981 0.000762 0.000023 0.000001 0.000000
5249.0 1.000000 1.000000 1.000000 1.000000 0.623204 0.623204 0.362430 0.030175 0.000766 0.000023 0.000001 0.000000
5250.0 1.000000 1.000000 1.000000 1.000000 0.622996 0.622996 0.362135 0.030371 0.000769 0.000023 0.000001 0.000000
5251.0 1.000000 1.000000 1.000000 1.000000 0.622788 0.622788 0.361840 0.030568 0.000773 0.000023 0.000001 0.000000
5252.0 1.000000 1.000000 1.000000 1.000000 0.622581 0.622581 0.361544 0.030766 0.000777 0.000023 0.000001 0.000000
5253.0 1.000000 1.000000 1.000000 1.000000 0.622373 0.622373 0.361249 0.030966 0.000781 0.000023 0.000001 0.000000
5254.0 1.000000 1.000000 1.000000 1.000000 0.622165 0.622165 0.360954 0.031167 0.000786 0.000023 0.000001 0.000000
5255.0 1.000000 1.000000 1.000000 1.000000 0.621957 0.621957 0.360659 0.031369 0.000790 0.000023 0.000001 0.000000
5256.0 1.000000 1.000000 1.000000 1.000000 0.621749 0.621749 0.360364 0.031574 0.000794 0.000023 0.000001 0.000000
5257.0 1.000000 1.000000 1.000000 1.000000 0.621541 0.621541 0.360069 0.031779 0.000798 0.000024 0.000001 0.000000
5258.0 1.000000 1.000000 1.000000 1.000000 0.621333 0.621333 0.359774 0.031986 0.000802 0.000024 0.000001 0.000000
5259.0 1.000000 1.000000 1.000000 1.000000 0.621125 0.621125 0.359479 0.032194 0.000806 0.000024 0.000001 0.000000
5260.0 1.000000 1.000000 1.000000 1.000000 0.620917 0.620917 0.359184 0.032404 0.000810 0.000024 0.000001 0.000000
5261.0 1.000000 1.000000 1.000000 1.000000 0.620709 0.620709 0.358889 0.032615 0.000814 0.000024 0.000001 0.000000
5262.0 1.000000 1.000000 1.000000 1.000000 0.620500 0.620500 0.358594 0.032828 0.000819 0.000024 0.000001 0.000000
5263.0 1.000000 1.000000 1.000000 1.000000 0.620292 0.620292 0.358300 0.033043 0.000823 0.000024 0.000001 0.000000
5264.0 1.000000 1.000000 1.000000 1.000000 0.620084 0.620084 0.358005 0.033259 0.000827 0.000024 0.000001 0.000000
5265.0 1.000000 1.000000 1.000000 1.000000 0.619875 0.619875 0.357710 0.033476 0.000832 0.000024 0.000001 0.000000
5266.0 1.000000 1.000000 1.000000 1.000000 0.619667 0.619667 0.357416 0.033695 0.000836 0.000024 0.000001 0.000000
5267.0 1.000000 1.000000 1.000000 1.000000 0.619459 0.619459 0.357121 0.033916 0.000840 0.000025 0.000001 0.000000
5268.0 1.000000 1.000000 1.000000 1.000000 0.619250 0.619250 0.356827 0.034138 0.000845 0.000025 0.000001 0.000000
5269.0 1.000000 1.000000 1.000000 1.000000 0.619042 0.619042 0.356533 0.034362 0.000849 0.000025 0.000001 0.000000
5270.0 1.000000 1.000000 1.000000 1.000000 0.618833 0.618833 0.356238 0.034587 0.000854 0.000025 0.000001 0.000000
5271.0 1.000000 1.000000 1.000000 1.000000 0.618625 0.618625 0.355944 0.034814 0.000858 0.000025 0.000001 0.000000
5272.0 1.000000 1.000000 1.000000 1.000000 0.618416 0.618416 0.355650 0.035043 0.000863 0.000025 0.000001 0.000000
5273.0 1.000000 1.000000 1.000000 1.000000 0.618208 0.618208 0.355356 0.035273 0.000867 0.000025 0.000001 0.000000
5274.0 1.000000 1.000000 1.000000 1.000000 0.617999 0.617999 0.355062 0.035505 0.000872 0.000025 0.000001 0.000000
5275.0 1.000000 1.000000 1.000000 1.000000 0.617790 0.617790 0.354768 0.035739 0.000876 0.000025 0.000001 0.000000
5276.0 1.000000 1.000000 1.000000 1.000000 0.617582 0.617582 0.354474 0.035974 0.000881 0.000025 0.000001 0.000000
5277.0 1.000000 1.000000 1.000000 1.000000 0.617373 0.617373 0.354180 0.036211 0.000885 0.000026 0.000001 0.000000
5278.0 1.000000 1.000000 1.000000 1.000000 0.617164 0.617164 0.353886 0.036450 0.000890 0.000026 0.000001 0.000000
5279.0 1.000000 1.000000 1.000000 1.000000 0.616955 0.616955 0.353593 0.036690 0.000895 0.000026 0.000001 0.000000
5280.0 1.000000 1.000000 1.000000 1.000000 0.616746 0.616746 0.353299 0.036932 0.000900 0.000026 0.000001 0.000000
5281.0 1.000000 1.000000 1.000000 1.000000 0.616538 0.616538 0.353005 0.037176 0.000904 0.000026 0.000001 0.000000
5282.0 1.000000 1.000000 1.000000 1.000000 0.616329 0.616329 0.352712 0.037422 0.000909 0.000026 0.000001 0.000000
5283.0 1.000000 1.000000 1.000000 1.000000 0.616120 0.616120 0.352418 0.037670 0.000914 0.000026 0.000001 0.000000
5284.0 1.000000 1.000000 1.000000 1.000000 0.615911 0.615911 0.352125 0.037919 0.000919 0.000026 0.000001 0.000000
5285.0 1.000000 1.000000 1.000000 1.000000 0.615702 0.615702 0.351832 0.038170 0.000924 0.000026 0.000001 0.000000
5286.0 1.000000 1.000000 1.000000 1.000000 0.615493 0.615493 0.351538 0.038423 0.000928 0.000026 0.000001 0.000000
5287.0 1.000000 1.000000 1.000000 1.000000 0.615283 0.615283 0.351245 0.038677 0.000933 0.000027 0.000001 0.000000
5288.0 1.000000 1.000000 1.000000 1.000000 0.615074 0.615074 0.350952 0.038934 0.000938 0.000027 0.000001 0.000000
5289.0 1.000000 1.000000 1.000000 1.000000 0.614865 0.614865 0.350659 0.039193 0.000943 0.000027 0.000001 0.000000
5290.0 1.000000 1.000000 1.000000 1.000000 0.614656 0.614656 0.350366 0.039453 0.000948 0.000027 0.000001 0.000000
5291.0 1.000000 1.000000 1.000000 1.000000 0.614447 0.614447 0.350073 0.039715 0.000953 0.000027 0.000001 0.000000
5292.0 1.000000 1.000000 1.000000 1.000000 0.614237 0.614237 0.349780 0.039979 0.000958 0.000027 0.000001 0.000000
5293.0 1.000000 1.000000 1.000000 1.000000 0.614028 0.614028 0.349487 0.040245 0.000963 0.000027 0.000001 0.000000
5294.0 1.000000 1.000000 1.000000 1.000000 0.613819 0.613819 0.349194 0.040513 0.000969 0.000027 0.000001 0.000000
5295.0 1.000000 1.000000 1.000000 1.000000 0.613609 0.613609 0.348902 0.040783 0.000974 0.000027 0.000001 0.000000
5296.0 1.000000 1.000000 1.000000 1.000000 0.613400 0.613400 0.348609 0.041055 0.000979 0.000028 0.000001 0.000000
5297.0 1.000000 1.000000 1.000000 1.000000 0.613190 0.613190 0.348317 0.041329 0.000984 0.000028 0.000001 0.000000
5298.0 1.000000 1.000000 1.000000 1.000000 0.612981 0.612981 0.348024 0.041604 0.000989 0.000028 0.000001 0.000000
5299.0 1.000000 1.000000 1.000000 1.000000 0.612771 0.612771 0.347732 0.041882 0.000995 0.000028 0.000001 0.000000
5300.0 1.000000 1.000000 1.000000 1.000000 0.612562 0.612562 0.347439 0.042162 0.001000 0.000028 0.000001 0.000000
5301.0 1.000000 1.000000 1.000000 1.000000 0.612352 0.612352 0.347147 0.042444 0.001005 0.000028 0.000001 0.000000
5302.0 1.000000 1.000000 1.000000 1.000000 0.612143 0.612143 0.346855 0.042728 0.001011 0.000028 0.000001 0.000000
5303.0 1.000000 1.000000 1.000000 1.000000 0.611933 0.611933 0.346562 0.043014 0.001016 0.000028 0.000001 0.000000
5304.0 1.000000 1.000000 1.000000 1.000000 0.611723 0.611723 0.346270 0.043302 0.001022 0.000029 0.000001 0.000000
5305.0 1.000000 1.000000 1.000000 1.000000 0.611513 0.611513 0.345978 0.043592 0.001027 0.000029 0.000001 0.000000
5306.0 1.000000 1.000000 1.000000 1.000000 0.611304 0.611304 0.345686 0.043885 0.001033 0.000029 0.000001 0.000000
5307.0 1.000000 1.000000 1.000000 1.000000 0.611094 0.611094 0.345394 0.044179 0.001038 0.000029 0.000001 0.000000
5308.0 1.000000 1.000000 1.000000 1.000000 0.610884 0.610884 0.345102 0.044476 0.001044 0.000029 0.000001 0.000000
5309.0 1.000000 1.000000 1.000000 1.000000 0.610674 0.610674 0.344811 0.044775 0.001049 0.000029 0.000001 0.000000
5310.0 1.000000 1.000000 1.000000 1.000000 0.610464 0.610464 0.344519 0.045076 0.001055 0.000029 0.000001 0.000000
5311.0 1.000000 1.000000 1.000000 1.000000 0.610254 0.610254 0.344227 0.045379 0.001061 0.000029 0.000001 0.000000
5312.0 1.000000 1.000000 1.000000 1.000000 0.610044 0.610044 0.343936 0.045684 0.001066 0.000029 0.000001 0.000000
5313.0 1.000000 1.000000 1.000000 1.000000 0.609834 0.609834 0.343644 0.045992 0.001072 0.000030 0.000001 0.000000
5314.0 1.000000 1.000000 1.000000 1.000000 0.609624 0.609624 0.343353 0.046302 0.001078 0.000030 0.000001 0.000000
5315.0 1.000000 1.000000 1.000000 1.000000 0.609414 0.609414 0.343061 0.046614 0.001084 0.000030 0.000001 0.000000
5316.0 1.000000 1.000000 1.000000 1.000000 0.609204 0.609204 0.342770 0.046929 0.001090 0.000030 0.000001 0.000000
5317.0 1.000000 1.000000 1.000000 1.000000 0.608994 0.608994 0.342479 0.047246 0.001096 0.000030 0.000001 0.000000
5318.0 1.000000 1.000000 1.000000 1.000000 0.608784 0.608784 0.342188 0.047565 0.001101 0.000030 0.000001 0.000000
5319.0 1.000000 1.000000 1.000000 1.000000 0.608573 0.608573 0.341896 0.047886 0.001107 0.000030 0.000001 0.000000
5320.0 1.000000 1.000000 1.000000 1.000000 0.608363 0.608363 0.341605 0.048210 0.001113 0.000030 0.000001 0.000000
5321.0 1.000000 1.000000 1.000000 1.000000 0.608153 0.608153 0.341314 0.048537 0.001120 0.000031 0.000001 0.000000
5322.0 1.000000 1.000000 1.000000 1.000000 0.607942 0.607942 0.341024 0.048865 0.001126 0.000031 0.000001 0.000000
5323.0 1.000000 1.000000 1.000000 1.000000 0.607732 0.607732 0.340733 0.049196 0.001132 0.000031 0.000001 0.000000
5324.0 1.000000 1.000000 1.000000 1.000000 0.607522 0.607522 0.340442 0.049530 0.001138 0.000031 0.000001 0.000000
5325.0 1.000000 1.000000 1.000000 1.000000 0.607311 0.607311 0.340151 0.049866 0.001144 0.000031 0.000001 0.000000
5326.0 1.000000 1.000000 1.000000 1.000000 0.607101 0.607101 0.339861 0.050204 0.001150 0.000031 0.000001 0.000000
5327.0 1.000000 1.000000 1.000000 1.000000 0.606890 0.606890 0.339570 0.050546 0.001157 0.000031 0.000001 0.000000
5328.0 1.000000 1.000000 1.000000 1.000000 0.606680 0.606680 0.339280 0.050889 0.001163 0.000032 0.000001 0.000000
5329.0 1.000000 1.000000 1.000000 1.000000 0.606469 0.606469 0.338989 0.051235 0.001169 0.000032 0.000001 0.000000
5330.0 1.000000 1.000000 1.000000 1.000000 0.606259 0.606259 0.338699 0.051584 0.001176 0.000032 0.000001 0.000000
5331.0 1.000000 1.000000 1.000000 1.000000 0.606048 0.606048 0.338409 0.051935 0.001182 0.000032 0.000001 0.000000
5332.0 1.000000 1.000000 1.000000 1.000000 0.605837 0.605837 0.338118 0.052289 0.001188 0.000032 0.000001 0.000000
5333.0 1.000000 1.000000 1.000000 1.000000 0.605627 0.605627 0.337828 0.052645 0.001195 0.000032 0.000001 0.000000
5334.0 1.000000 1.000000 1.000000 1.000000 0.605416 0.605416 0.337538 0.053004 0.001201 0.000032 0.000001 0.000000
5335.0 1.000000 1.000000 1.000000 1.000000 0.605205 0.605205 0.337248 0.053366 0.001208 0.000032 0.000001 0.000000
5336.0 1.000000 1.000000 1.000000 1.000000 0.604994 0.604994 0.336958 0.053730 0.001215 0.000033 0.000001 0.000000
5337.0 1.000000 1.000000 1.000000 1.000000 0.604783 0.604783 0.336668 0.054098 0.001221 0.000033 0.000001 0.000000
5338.0 1.000000 1.000000 1.000000 1.000000 0.604573 0.604573 0.336379 0.054468 0.001228 0.000033 0.000001 0.000000
5339.0 1.000000 1.000000 1.000000 1.000000 0.604362 0.604362 0.336089 0.054840 0.001235 0.000033 0.000001 0.000000
5340.0 1.000000 1.000000 1.000000 1.000000 0.604151 0.604151 0.335799 0.055216 0.001242 0.000033 0.000001 0.000000
5341.0 1.000000 1.000000 1.000000 1.000000 0.603940 0.603940 0.335510 0.055594 0.001248 0.000033 0.000001 0.000000
5342.0 1.000000 1.000000 1.000000 1.000000 0.603729 0.603729 0.335220 0.055975 0.001255 0.000033 0.000001 0.000000
5343.0 1.000000 1.000000 1.000000 1.000000 0.603518 0.603518 0.334931 0.056359 0.001262 0.000034 0.000001 0.000000
5344.0 1.000000 1.000000 1.000000 1.000000 0.603307 0.603307 0.334641 0.056745 0.001269 0.000034 0.000001 0.000000
5345.0 1.000000 1.000000 1.000000 1.000000 0.603096 0.603096 0.334352 0.057135 0.001276 0.000034 0.000001 0.000000
5346.0 1.000000 1.000000 1.000000 1.000000 0.602884 0.602884 0.334063 0.057528 0.001283 0.000034 0.000001 0.000000
5347.0 1.000000 1.000000 1.000000 1.000000 0.602673 0.602673 0.333774 0.057923 0.001290 0.000034 0.000001 0.000000
5348.0 1.000000 1.000000 1.000000 1.000000 0.602462 0.602462 0.333485 0.058322 0.001297 0.000034 0.000001 0.000000
5349.0 1.000000 1.000000 1.000000 1.000000 0.602251 0.602251 0.421621 0.058723 0.001305 0.000034 0.000001 0.000000
5350.0 1.000000 1.000000 1.000000 1.000000 0.602040 0.602040 0.421342 0.059128 0.001312 0.000035 0.000001 0.000000
5351.0 1.000000 1.000000 1.000000 1.000000 0.601828 0.601828 0.421063 0.059535 0.001319 0.000035 0.000001 0.000000
5352.0 1.000000 1.000000 1.000000 1.000000 0.601617 0.601617 0.420784 0.059945 0.001326 0.000035 0.000001 0.000000
5353.0 1.000000 1.000000 1.000000 1.000000 0.601406 0.601406 0.420505 0.060359 0.001334 0.000035 0.000001 0.000000
5354.0 1.000000 1.000000 1.000000 1.000000 0.601194 0.601194 0.420226 0.060776 0.001341 0.000035 0.000001 0.000000
5355.0 1.000000 1.000000 1.000000 1.000000 0.600983 0.600983 0.419947 0.061196 0.001349 0.000035 0.000001 0.000000
5356.0 1.000000 1.000000 1.000000 1.000000 0.600771 0.600771 0.419668 0.061618 0.001356 0.000036 0.000001 0.000000
5357.0 1.000000 1.000000 1.000000 1.000000 0.600560 0.600560 0.419390 0.062044 0.001364 0.000036 0.000001 0.000000
5358.0 1.000000 1.000000 1.000000 1.000000 0.600348 0.600348 0.419111 0.062474 0.001371 0.000036 0.000001 0.000000
5359.0 1.000000 1.000000 1.000000 1.000000 0.600137 0.600137 0.418832 0.062906 0.001379 0.000036 0.000001 0.000000
5360.0 1.000000 1.000000 1.000000 1.000000 0.599925 0.599925 0.418553 0.063342 0.001387 0.000036 0.000001 0.000000
5361.0 1.000000 1.000000 1.000000 1.000000 0.599714 0.599714 0.418274 0.063782 0.001394 0.000036 0.000001 0.000000
5362.0 1.000000 1.000000 1.000000 1.000000 0.599502 0.599502 0.417995 0.064224 0.001402 0.000036 0.000001 0.000000
5363.0 1.000000 1.000000 1.000000 1.000000 0.599290 0.599290 0.417717 0.064669 0.001410 0.000037 0.000001 0.000000
5364.0 1.000000 1.000000 1.000000 1.000000 0.599079 0.599079 0.417438 0.065119 0.001418 0.000037 0.000001 0.000000
5365.0 1.000000 1.000000 1.000000 1.000000 0.598867 0.598867 0.417159 0.065571 0.001426 0.000037 0.000001 0.000000
5366.0 1.000000 1.000000 1.000000 1.000000 0.598655 0.598655 0.416881 0.066027 0.001434 0.000037 0.000001 0.000000
5367.0 1.000000 1.000000 1.000000 1.000000 0.598443 0.598443 0.416602 0.066486 0.001442 0.000037 0.000001 0.000000
5368.0 1.000000 1.000000 1.000000 1.000000 0.598231 0.598231 0.416323 0.066949 0.001450 0.000037 0.000001 0.000000
5369.0 1.000000 1.000000 1.000000 1.000000 0.598020 0.598020 0.416045 0.067415 0.001458 0.000038 0.000001 0.000000
5370.0 1.000000 1.000000 1.000000 1.000000 0.597808 0.597808 0.415766 0.067885 0.001466 0.000038 0.000001 0.000000
5371.0 1.000000 1.000000 1.000000 1.000000 0.597596 0.597596 0.415487 0.068359 0.001474 0.000038 0.000001 0.000000
5372.0 1.000000 1.000000 1.000000 1.000000 0.597384 0.597384 0.415209 0.068835 0.001483 0.000038 0.000001 0.000000
5373.0 1.000000 1.000000 1.000000 1.000000 0.597172 0.597172 0.414930 0.069316 0.001491 0.000038 0.000001 0.000000
5374.0 1.000000 1.000000 1.000000 1.000000 0.596960 0.596960 0.414652 0.069800 0.001499 0.000038 0.000001 0.000000
5375.0 1.000000 1.000000 1.000000 1.000000 0.596748 0.596748 0.414373 0.070288 0.001508 0.000039 0.000001 0.000000
5376.0 1.000000 1.000000 1.000000 1.000000 0.596536 0.596536 0.414095 0.070780 0.001516 0.000039 0.000001 0.000000
5377.0 1.000000 1.000000 1.000000 1.000000 0.596323 0.596323 0.413816 0.071275 0.001525 0.000039 0.000001 0.000000
5378.0 1.000000 1.000000 1.000000 1.000000 0.596111 0.596111 0.413538 0.071774 0.001533 0.000039 0.000001 0.000000
5379.0 1.000000 1.000000 1.000000 1.000000 0.595899 0.595899 0.413260 0.072277 0.001542 0.000039 0.000001 0.000000
5380.0 1.000000 1.000000 1.000000 1.000000 0.595687 0.595687 0.412981 0.072784 0.001551 0.000039 0.000001 0.000000
5381.0 1.000000 1.000000 1.000000 1.000000 0.595475 0.595475 0.412703 0.073294 0.001560 0.000040 0.000001 0.000000
5382.0 1.000000 1.000000 1.000000 1.000000 0.595262 0.595262 0.412425 0.073809 0.001568 0.000040 0.000001 0.000000
5383.0 1.000000 1.000000 1.000000 1.000000 0.595050 0.595050 0.412146 0.074327 0.001577 0.000040 0.000001 0.000000
5384.0 1.000000 1.000000 1.000000 1.000000 0.594838 0.594838 0.411868 0.074849 0.001586 0.000040 0.000001 0.000000
5385.0 1.000000 1.000000 1.000000 1.000000 0.594625 0.594625 0.411590 0.075375 0.001595 0.000040 0.000001 0.000000
5386.0 1.000000 1.000000 1.000000 1.000000 0.594413 0.594413 0.411311 0.075906 0.001604 0.000040 0.000001 0.000000
5387.0 1.000000 1.000000 1.000000 1.000000 0.594201 0.594201 0.411033 0.076440 0.001613 0.000041 0.000001 0.000000
5388.0 1.000000 1.000000 1.000000 1.000000 0.593988 0.593988 0.410755 0.076979 0.001622 0.000041 0.000001 0.000000
5389.0 1.000000 1.000000 1.000000 1.000000 0.593776 0.593776 0.410477 0.077521 0.001632 0.000041 0.000001 0.000000
5390.0 1.000000 1.000000 1.000000 1.000000 0.593563 0.593563 0.410199 0.078068 0.001641 0.000041 0.000001 0.000000
5391.0 1.000000 1.000000 1.000000 1.000000 0.593351 0.593351 0.409921 0.078618 0.001650 0.000041 0.000001 0.000000
5392.0 1.000000 1.000000 1.000000 1.000000 0.593138 0.593138 0.409643 0.079173 0.001660 0.000042 0.000001 0.000000
5393.0 1.000000 1.000000 1.000000 1.000000 0.592925 0.592925 0.409365 0.079732 0.001669 0.000042 0.000001 0.000000
5394.0 1.000000 1.000000 1.000000 1.000000 0.592713 0.592713 0.409087 0.080296 0.001679 0.000042 0.000001 0.000000
5395.0 1.000000 1.000000 1.000000 1.000000 0.592500 0.592500 0.408809 0.080864 0.001688 0.000042 0.000001 0.000000
5396.0 1.000000 1.000000 1.000000 1.000000 0.592287 0.592287 0.408531 0.081436 0.001698 0.000042 0.000001 0.000000
5397.0 1.000000 1.000000 1.000000 1.000000 0.592075 0.592075 0.408253 0.082013 0.001708 0.000043 0.000001 0.000000
5398.0 1.000000 1.000000 1.000000 1.000000 0.591862 0.591862 0.407975 0.082594 0.001717 0.000043 0.000001 0.000000
5399.0 1.000000 1.000000 1.000000 1.000000 0.591649 0.591649 0.407697 0.083179 0.001727 0.000043 0.000001 0.000000
5400.0 1.000000 1.000000 1.000000 1.000000 0.591436 0.591436 0.407419 0.083769 0.001737 0.000043 0.000001 0.000000
5401.0 1.000000 1.000000 1.000000 1.000000 0.591223 0.591223 0.407141 0.084363 0.001747 0.000043 0.000001 0.000000
5402.0 1.000000 1.000000 1.000000 1.000000 0.591011 0.591011 0.406863 0.084962 0.001757 0.000043 0.000001 0.000000
5403.0 1.000000 1.000000 1.000000 1.000000 0.590798 0.590798 0.406586 0.085566 0.001767 0.000044 0.000001 0.000000
5404.0 1.000000 1.000000 1.000000 1.000000 0.590585 0.590585 0.406308 0.086175 0.001777 0.000044 0.000001 0.000000
5405.0 1.000000 1.000000 1.000000 1.000000 0.590372 0.590372 0.406030 0.086788 0.001787 0.000044 0.000001 0.000000
5406.0 1.000000 1.000000 1.000000 1.000000 0.590159 0.590159 0.405753 0.087405 0.001798 0.000044 0.000001 0.000000
5407.0 1.000000 1.000000 1.000000 1.000000 0.589946 0.589946 0.405475 0.088028 0.001808 0.000044 0.000001 0.000000
5408.0 1.000000 1.000000 1.000000 1.000000 0.589733 0.589733 0.405197 0.088655 0.001818 0.000045 0.000001 0.000000
5409.0 1.000000 1.000000 1.000000 1.000000 0.589520 0.589520 0.404920 0.089287 0.001829 0.000045 0.000001 0.000000
5410.0 1.000000 1.000000 1.000000 1.000000 0.589307 0.589307 0.404642 0.089924 0.001839 0.000045 0.000001 0.000000
5411.0 1.000000 1.000000 1.000000 1.000000 0.589093 0.589093 0.404365 0.090566 0.001850 0.000045 0.000001 0.000000
5412.0 1.000000 1.000000 1.000000 1.000000 0.588880 0.588880 0.404087 0.091213 0.001861 0.000045 0.000001 0.000000
5413.0 1.000000 1.000000 1.000000 1.000000 0.588667 0.588667 0.403809 0.091865 0.001871 0.000046 0.000001 0.000000
5414.0 1.000000 1.000000 1.000000 1.000000 0.588454 0.588454 0.403532 0.092521 0.001882 0.000046 0.000001 0.000000
5415.0 1.000000 1.000000 1.000000 1.000000 0.588241 0.588241 0.403255 0.093183 0.001893 0.000046 0.000001 0.000000
5416.0 1.000000 1.000000 1.000000 1.000000 0.588027 0.588027 0.402977 0.093850 0.001904 0.000046 0.000001 0.000000
5417.0 1.000000 1.000000 1.000000 1.000000 0.587814 0.587814 0.402700 0.094523 0.001915 0.000047 0.000001 0.000000
5418.0 1.000000 1.000000 1.000000 1.000000 0.587601 0.587601 0.402422 0.095200 0.001926 0.000047 0.000001 0.000000
5419.0 1.000000 1.000000 1.000000 1.000000 0.587387 0.587387 0.402145 0.095883 0.001937 0.000047 0.000001 0.000000
5420.0 1.000000 1.000000 1.000000 1.000000 0.587174 0.587174 0.401868 0.096571 0.001949 0.000047 0.000001 0.000000
5421.0 1.000000 1.000000 1.000000 1.000000 0.586960 0.586960 0.401591 0.097265 0.001960 0.000047 0.000001 0.000000
5422.0 1.000000 1.000000 1.000000 1.000000 0.586747 0.586747 0.401313 0.097963 0.001971 0.000048 0.000001 0.000000
5423.0 1.000000 1.000000 1.000000 1.000000 0.586533 0.586533 0.401036 0.098667 0.001983 0.000048 0.000001 0.000000
5424.0 1.000000 1.000000 1.000000 1.000000 0.586320 0.586320 0.400759 0.099377 0.001994 0.000048 0.000001 0.000000
5425.0 1.000000 1.000000 1.000000 1.000000 0.586106 0.586106 0.400482 0.100092 0.002006 0.000048 0.000001 0.000000
5426.0 1.000000 1.000000 1.000000 1.000000 0.585893 0.585893 0.400205 0.100813 0.002017 0.000048 0.000001 0.000000
5427.0 1.000000 1.000000 1.000000 1.000000 0.585679 0.585679 0.399928 0.101539 0.002029 0.000049 0.000001 0.000000
5428.0 1.000000 1.000000 1.000000 1.000000 0.585465 0.585465 0.399651 0.102270 0.002041 0.000049 0.000001 0.000000
5429.0 1.000000 1.000000 1.000000 1.000000 0.585252 0.585252 0.399374 0.103008 0.002053 0.000049 0.000001 0.000000
5430.0 1.000000 1.000000 1.000000 1.000000 0.585038 0.585038 0.399097 0.103752 0.002065 0.000049 0.000001 0.000000
5431.0 1.000000 1.000000 1.000000 1.000000 0.584824 0.584824 0.398820 0.104501 0.002077 0.000050 0.000001 0.000000
5432.0 1.000000 1.000000 1.000000 1.000000 0.584611 0.584611 0.398543 0.105256 0.002089 0.000050 0.000001 0.000000
5433.0 1.000000 1.000000 1.000000 1.000000 0.584397 0.584397 0.398266 0.106017 0.002101 0.000050 0.000001 0.000000
5434.0 1.000000 1.000000 1.000000 1.000000 0.584183 0.584183 0.397989 0.106784 0.002114 0.000050 0.000001 0.000000
5435.0 1.000000 1.000000 1.000000 1.000000 0.583969 0.583969 0.397712 0.107557 0.002126 0.000050 0.000001 0.000000
5436.0 1.000000 1.000000 1.000000 1.000000 0.583755 0.583755 0.397435 0.108335 0.002138 0.000051 0.000001 0.000000
5437.0 1.000000 1.000000 1.000000 1.000000 0.583542 0.583542 0.397159 0.109121 0.002151 0.000051 0.000001 0.000000
5438.0 1.000000 1.000000 1.000000 1.000000 0.583328 0.583328 0.396882 0.109912 0.002164 0.000051 0.000001 0.000000
5439.0 1.000000 1.000000 1.000000 1.000000 0.583114 0.583114 0.396605 0.110709 0.002176 0.000051 0.000001 0.000000
5440.0 1.000000 1.000000 1.000000 1.000000 0.582900 0.582900 0.396329 0.111512 0.002189 0.000052 0.000001 0.000000
5441.0 1.000000 1.000000 1.000000 1.000000 0.582686 0.582686 0.396052 0.112323 0.002202 0.000052 0.000001 0.000000
5442.0 1.000000 1.000000 1.000000 1.000000 0.582472 0.582472 0.395775 0.113138 0.002215 0.000052 0.000001 0.000000
5443.0 1.000000 1.000000 1.000000 1.000000 0.582258 0.582258 0.395499 0.113961 0.002228 0.000052 0.000001 0.000000
5444.0 1.000000 1.000000 1.000000 1.000000 0.582044 0.582044 0.395222 0.114790 0.002241 0.000053 0.000001 0.000000
5445.0 1.000000 1.000000 1.000000 1.000000 0.581829 0.581829 0.394946 0.115625 0.002254 0.000053 0.000001 0.000000
5446.0 1.000000 1.000000 1.000000 1.000000 0.581615 0.581615 0.394669 0.116468 0.002268 0.000053 0.000001 0.000000
5447.0 1.000000 1.000000 1.000000 1.000000 0.581401 0.581401 0.394393 0.117317 0.002281 0.000053 0.000001 0.000000
5448.0 1.000000 1.000000 1.000000 1.000000 0.581187 0.581187 0.394116 0.118172 0.002294 0.000054 0.000001 0.000000
5449.0 1.000000 1.000000 1.000000 1.000000 0.580973 0.580973 0.393840 0.119035 0.002308 0.000054 0.000001 0.000000
5450.0 1.000000 1.000000 1.000000 1.000000 0.580758 0.580758 0.393564 0.119903 0.002322 0.000054 0.000001 0.000000
5451.0 1.000000 1.000000 1.000000 1.000000 0.580544 0.580544 0.393287 0.120779 0.002335 0.000054 0.000001 0.000000
5452.0 1.000000 1.000000 1.000000 1.000000 0.580330 0.580330 0.393011 0.121661 0.002349 0.000055 0.000001 0.000000
5453.0 1.000000 1.000000 1.000000 1.000000 0.580116 0.580116 0.392735 0.122551 0.002363 0.000055 0.000001 0.000000
5454.0 1.000000 1.000000 1.000000 1.000000 0.579901 0.579901 0.392459 0.123448 0.002377 0.000055 0.000001 0.000000
5455.0 1.000000 1.000000 1.000000 1.000000 0.579687 0.579687 0.392183 0.124351 0.002391 0.000055 0.000001 0.000000
5456.0 1.000000 1.000000 1.000000 1.000000 0.579472 0.579472 0.391906 0.125262 0.002405 0.000056 0.000001 0.000000
5457.0 1.000000 1.000000 1.000000 1.000000 0.579258 0.579258 0.391630 0.126180 0.002420 0.000056 0.000001 0.000000
5458.0 1.000000 1.000000 1.000000 1.000000 0.579044 0.579044 0.391354 0.127106 0.002434 0.000056 0.000001 0.000000
5459.0 1.000000 1.000000 1.000000 1.000000 0.578829 0.578829 0.391078 0.128038 0.002448 0.000056 0.000001 0.000000
5460.0 1.000000 1.000000 1.000000 1.000000 0.578615 0.578615 0.390802 0.128978 0.002463 0.000057 0.000001 0.000000
5461.0 1.000000 1.000000 1.000000 1.000000 0.578400 0.578400 0.390526 0.129925 0.002478 0.000057 0.000002 0.000000
5462.0 1.000000 1.000000 1.000000 1.000000 0.578185 0.578185 0.390250 0.130880 0.002492 0.000057 0.000002 0.000000
5463.0 1.000000 1.000000 1.000000 1.000000 0.577971 0.577971 0.389974 0.131843 0.002507 0.000058 0.000002 0.000000
5464.0 1.000000 1.000000 1.000000 1.000000 0.577756 0.577756 0.389699 0.132813 0.002522 0.000058 0.000002 0.000000
5465.0 1.000000 1.000000 1.000000 1.000000 0.577542 0.577542 0.389423 0.133791 0.002537 0.000058 0.000002 0.000000
5466.0 1.000000 1.000000 1.000000 1.000000 0.577327 0.577327 0.389147 0.134776 0.002552 0.000058 0.000002 0.000000
5467.0 1.000000 1.000000 1.000000 1.000000 0.577112 0.577112 0.388871 0.135770 0.002568 0.000059 0.000002 0.000000
5468.0 1.000000 1.000000 1.000000 1.000000 0.576898 0.576898 0.388596 0.136771 0.002583 0.000059 0.000002 0.000000
5469.0 1.000000 1.000000 1.000000 1.000000 0.576683 0.576683 0.388320 0.137780 0.002599 0.000059 0.000002 0.000000
5470.0 1.000000 1.000000 1.000000 1.000000 0.576468 0.576468 0.388044 0.138797 0.002614 0.000059 0.000002 0.000000
5471.0 1.000000 1.000000 1.000000 1.000000 1.000000 0.576253 0.387769 0.139197 0.002630 0.000060 0.000002 0.000000
5472.0 1.000000 1.000000 1.000000 1.000000 1.000000 0.576038 0.387493 0.138973 0.002646 0.000060 0.000002 0.000000
5473.0 1.000000 1.000000 1.000000 1.000000 1.000000 0.575823 0.387218 0.138749 0.002661 0.000060 0.000002 0.000000
5474.0 1.000000 1.000000 1.000000 1.000000 1.000000 0.575609 0.386942 0.138526 0.002677 0.000061 0.000002 0.000000
5475.0 1.000000 1.000000 1.000000 1.000000 1.000000 0.575394 0.386667 0.138302 0.002693 0.000061 0.000002 0.000000
5476.0 1.000000 1.000000 1.000000 1.000000 1.000000 0.575179 0.386391 0.138079 0.002710 0.000061 0.000002 0.000000
5477.0 1.000000 1.000000 1.000000 1.000000 1.000000 0.574964 0.386116 0.138275 0.002726 0.000061 0.000002 0.000000
5478.0 1.000000 1.000000 1.000000 1.000000 1.000000 0.574749 0.385841 0.138567 0.002742 0.000062 0.000002 0.000000
5479.0 1.000000 1.000000 1.000000 1.000000 1.000000 0.574534 0.385565 0.138986 0.002759 0.000062 0.000002 0.000000
5480.0 1.000000 1.000000 1.000000 1.000000 1.000000 0.574319 0.385290 0.139145 0.002776 0.000062 0.000002 0.000000
5481.0 1.000000 1.000000 1.000000 1.000000 1.000000 0.574104 0.385015 0.139847 0.002792 0.000063 0.000002 0.000000
5482.0 1.000000 1.000000 1.000000 1.000000 1.000000 0.573889 0.384740 0.140189 0.002809 0.000063 0.000002 0.000000
5483.0 1.000000 1.000000 1.000000 1.000000 1.000000 0.573674 0.384464 0.140616 0.002826 0.000063 0.000002 0.000000
5484.0 1.000000 1.000000 1.000000 1.000000 1.000000 0.573458 0.384189 0.140392 0.002843 0.000064 0.000002 0.000000
5485.0 1.000000 1.000000 1.000000 1.000000 1.000000 0.573243 0.383914 0.140923 0.002860 0.000064 0.000002 0.000000
5486.0 1.000000 1.000000 1.000000 1.000000 1.000000 0.573028 0.383639 0.141584 0.002878 0.000064 0.000002 0.000000
5487.0 1.000000 1.000000 1.000000 1.000000 1.000000 0.572813 0.383364 0.141360 0.002895 0.000064 0.000002 0.000000
5488.0 1.000000 1.000000 1.000000 1.000000 1.000000 0.572598 0.383089 0.142181 0.002913 0.000065 0.000002 0.000000
5489.0 1.000000 1.000000 1.000000 1.000000 1.000000 0.572382 0.382814 0.141955 0.002930 0.000065 0.000002 0.000000
5490.0 1.000000 1.000000 1.000000 1.000000 1.000000 0.572167 0.382539 0.142978 0.002948 0.000065 0.000002 0.000000
5491.0 1.000000 1.000000 1.000000 1.000000 1.000000 0.571952 0.382265 0.142753 0.002966 0.000066 0.000002 0.000000
5492.0 1.000000 1.000000 1.000000 1.000000 1.000000 0.571736 0.381990 0.144034 0.002984 0.000066 0.000002 0.000000
5493.0 1.000000 1.000000 1.000000 1.000000 1.000000 0.571521 0.381715 0.143807 0.003002 0.000066 0.000002 0.000000
5494.0 1.000000 1.000000 1.000000 1.000000 1.000000 0.571306 0.381440 0.143581 0.003020 0.000067 0.000002 0.000000
5495.0 1.000000 1.000000 1.000000 1.000000 1.000000 0.571090 0.381166 0.145197 0.003039 0.000067 0.000002 0.000000
5496.0 1.000000 1.000000 1.000000 1.000000 1.000000 0.570875 0.380891 0.144971 0.003057 0.000067 0.000002 0.000000
5497.0 1.000000 1.000000 1.000000 1.000000 1.000000 0.570659 0.380616 0.144744 0.003076 0.000068 0.000002 0.000000
5498.0 1.000000 1.000000 1.000000 1.000000 1.000000 0.570444 0.380342 0.144517 0.003094 0.000068 0.000002 0.000000
5499.0 1.000000 1.000000 1.000000 1.000000 1.000000 0.570228 0.380067 0.146577 0.003113 0.000068 0.000002 0.000000
5500.0 1.000000 1.000000 1.000000 1.000000 1.000000 0.570013 0.379793 0.146350 0.003132 0.000069 0.000002 0.000000
5501.0 1.000000 1.000000 1.000000 1.000000 1.000000 0.569797 0.379518 0.146122 0.003151 0.000069 0.000002 0.000000
5502.0 1.000000 1.000000 1.000000 1.000000 1.000000 0.569582 0.379244 0.145895 0.003171 0.000069 0.000002 0.000000
5503.0 1.000000 1.000000 1.000000 1.000000 1.000000 0.569366 0.378970 0.145668 0.003190 0.000070 0.000002 0.000000
5504.0 1.000000 1.000000 1.000000 1.000000 1.000000 0.569150 0.378695 0.148328 0.003210 0.000070 0.000002 0.000000
5505.0 1.000000 1.000000 1.000000 1.000000 1.000000 0.568935 0.378421 0.148100 0.003229 0.000070 0.000002 0.000000
5506.0 1.000000 1.000000 1.000000 1.000000 1.000000 0.568719 0.378147 0.147871 0.003249 0.000071 0.000002 0.000000
5507.0 1.000000 1.000000 1.000000 1.000000 1.000000 0.568503 0.377873 0.147643 0.003269 0.000071 0.000002 0.000000
5508.0 1.000000 1.000000 1.000000 1.000000 1.000000 0.568288 0.377599 0.147415 0.003289 0.000071 0.000002 0.000000
5509.0 1.000000 1.000000 1.000000 1.000000 1.000000 0.568072 0.377324 0.150914 0.003309 0.000072 0.000002 0.000000
5510.0 1.000000 1.000000 1.000000 1.000000 1.000000 0.567856 0.377050 0.150684 0.003329 0.000072 0.000002 0.000000
5511.0 1.000000 1.000000 1.000000 1.000000 1.000000 0.567640 0.376776 0.150454 0.003350 0.000072 0.000002 0.000000
5512.0 1.000000 1.000000 1.000000 1.000000 1.000000 0.567425 0.376502 0.150225 0.003371 0.000073 0.000002 0.000000
5513.0 1.000000 1.000000 1.000000 1.000000 1.000000 0.567209 0.376228 0.149995 0.003391 0.000073 0.000002 0.000000
5514.0 1.000000 1.000000 1.000000 1.000000 1.000000 0.566993 0.375955 0.149766 0.003412 0.000073 0.000002 0.000000
5515.0 1.000000 1.000000 1.000000 1.000000 1.000000 0.566777 0.375681 0.149537 0.003433 0.000074 0.000002 0.000000
5516.0 1.000000 1.000000 1.000000 1.000000 1.000000 0.566561 0.375407 0.149309 0.003454 0.000074 0.000002 0.000000
5517.0 1.000000 1.000000 1.000000 1.000000 1.000000 0.566345 0.375133 0.154008 0.003476 0.000074 0.000002 0.000000
5518.0 1.000000 1.000000 1.000000 1.000000 1.000000 0.566129 0.374859 0.153776 0.003497 0.000075 0.000002 0.000000
5519.0 1.000000 1.000000 1.000000 1.000000 1.000000 0.565913 0.374586 0.153545 0.003519 0.000075 0.000002 0.000000
5520.0 1.000000 1.000000 1.000000 1.000000 1.000000 0.565697 0.374312 0.153314 0.003540 0.000076 0.000002 0.000000
5521.0 1.000000 1.000000 1.000000 1.000000 1.000000 0.565481 0.374038 0.153083 0.003562 0.000076 0.000002 0.000000
5522.0 1.000000 1.000000 1.000000 1.000000 1.000000 0.565265 0.373765 0.152852 0.003584 0.000076 0.000002 0.000000
5523.0 1.000000 1.000000 1.000000 1.000000 1.000000 0.565049 0.373491 0.152622 0.003607 0.000077 0.000002 0.000000
5524.0 1.000000 1.000000 1.000000 1.000000 1.000000 0.564833 0.373218 0.152392 0.003629 0.000077 0.000002 0.000000
5525.0 1.000000 1.000000 1.000000 1.000000 1.000000 0.564617 0.372944 0.152161 0.003651 0.000077 0.000002 0.000000
5526.0 1.000000 1.000000 1.000000 1.000000 1.000000 0.564401 0.372671 0.158660 0.003674 0.000078 0.000002 0.000000
5527.0 1.000000 1.000000 1.000000 1.000000 1.000000 0.564185 0.372398 0.158427 0.003697 0.000078 0.000002 0.000000
5528.0 1.000000 1.000000 1.000000 1.000000 1.000000 0.563968 0.372124 0.158193 0.003720 0.000079 0.000002 0.000000
5529.0 1.000000 1.000000 1.000000 1.000000 1.000000 0.563752 0.371851 0.157959 0.003743 0.000079 0.000002 0.000000
5530.0 1.000000 1.000000 1.000000 1.000000 1.000000 0.563536 0.371578 0.157726 0.003766 0.000079 0.000002 0.000000
5531.0 1.000000 1.000000 1.000000 1.000000 1.000000 0.563320 0.371305 0.157493 0.003789 0.000080 0.000002 0.000000
5532.0 1.000000 1.000000 1.000000 1.000000 1.000000 0.563103 0.371032 0.157260 0.003813 0.000080 0.000002 0.000000
5533.0 1.000000 1.000000 1.000000 1.000000 1.000000 0.562887 0.370759 0.157027 0.003837 0.000081 0.000002 0.000000
5534.0 1.000000 1.000000 1.000000 1.000000 1.000000 0.562671 0.370486 0.156795 0.003861 0.000081 0.000002 0.000000
5535.0 1.000000 1.000000 1.000000 1.000000 1.000000 0.562454 0.370213 0.156562 0.003885 0.000081 0.000002 0.000000
5536.0 1.000000 1.000000 1.000000 1.000000 1.000000 0.562238 0.369940 0.156330 0.003909 0.000082 0.000002 0.000000
5537.0 1.000000 1.000000 1.000000 1.000000 1.000000 0.562022 0.369667 0.156098 0.003933 0.000082 0.000002 0.000000
5538.0 1.000000 1.000000 1.000000 1.000000 1.000000 0.561805 0.369394 0.155866 0.003958 0.000083 0.000002 0.000000
5539.0 1.000000 1.000000 1.000000 1.000000 1.000000 0.561589 0.369121 0.165190 0.003983 0.000083 0.000002 0.000000
5540.0 1.000000 1.000000 1.000000 1.000000 1.000000 0.561372 0.368849 0.164953 0.004008 0.000083 0.000002 0.000000
5541.0 1.000000 1.000000 1.000000 1.000000 1.000000 0.561156 0.368576 0.164716 0.004033 0.000084 0.000002 0.000000
5542.0 1.000000 1.000000 1.000000 1.000000 1.000000 0.560939 0.368303 0.164479 0.004058 0.000084 0.000002 0.000000
5543.0 1.000000 1.000000 1.000000 1.000000 1.000000 0.560723 0.368031 0.164243 0.004083 0.000085 0.000002 0.000000
5544.0 1.000000 1.000000 1.000000 1.000000 1.000000 0.560506 0.367758 0.164007 0.004109 0.000085 0.000002 0.000000
5545.0 1.000000 1.000000 1.000000 1.000000 1.000000 0.560290 0.367485 0.163770 0.004135 0.000085 0.000002 0.000000
5546.0 1.000000 1.000000 1.000000 1.000000 1.000000 0.560073 0.367213 0.163535 0.004161 0.000086 0.000002 0.000000
5547.0 1.000000 1.000000 1.000000 1.000000 1.000000 0.559856 0.366941 0.163299 0.004187 0.000086 0.000002 0.000000
5548.0 1.000000 1.000000 1.000000 1.000000 1.000000 0.559640 0.366668 0.163063 0.004213 0.000087 0.000002 0.000000
5549.0 1.000000 1.000000 1.000000 1.000000 1.000000 0.559423 0.366396 0.162828 0.004240 0.000087 0.000002 0.000000
5550.0 1.000000 1.000000 1.000000 1.000000 1.000000 0.559206 0.366124 0.162593 0.004266 0.000088 0.000002 0.000000
5551.0 1.000000 1.000000 1.000000 1.000000 1.000000 0.558990 0.365851 0.162358 0.004293 0.000088 0.000002 0.000000
5552.0 1.000000 1.000000 1.000000 1.000000 1.000000 0.558773 0.365579 0.162123 0.004320 0.000089 0.000002 0.000000
5553.0 1.000000 1.000000 1.000000 1.000000 1.000000 0.558556 0.365307 0.161889 0.004348 0.000089 0.000002 0.000000
5554.0 1.000000 1.000000 1.000000 1.000000 1.000000 0.558340 0.365035 0.161654 0.004375 0.000089 0.000002 0.000000
5555.0 1.000000 1.000000 1.000000 1.000000 1.000000 0.558123 0.364763 0.161420 0.004403 0.000090 0.000002 0.000000
5556.0 1.000000 1.000000 1.000000 1.000000 1.000000 0.557906 0.364491 0.161186 0.004430 0.000090 0.000002 0.000000
5557.0 1.000000 1.000000 1.000000 1.000000 1.000000 0.557689 0.364219 0.160952 0.004458 0.000091 0.000002 0.000000
5558.0 1.000000 1.000000 1.000000 1.000000 1.000000 0.557472 0.363947 0.173885 0.004487 0.000091 0.000002 0.000000
5559.0 1.000000 1.000000 1.000000 1.000000 1.000000 0.557255 0.363675 0.173644 0.004515 0.000092 0.000002 0.000000
5560.0 1.000000 1.000000 1.000000 1.000000 1.000000 0.557039 0.363403 0.173404 0.004544 0.000092 0.000002 0.000000
5561.0 1.000000 1.000000 1.000000 1.000000 1.000000 0.556822 0.363132 0.173163 0.004572 0.000093 0.000002 0.000000
5562.0 1.000000 1.000000 1.000000 1.000000 1.000000 0.556605 0.362860 0.172923 0.004601 0.000093 0.000002 0.000000
5563.0 1.000000 1.000000 1.000000 1.000000 1.000000 0.556388 0.362588 0.172683 0.004630 0.000094 0.000002 0.000000
5564.0 1.000000 1.000000 1.000000 1.000000 1.000000 0.556171 0.362317 0.172444 0.004660 0.000094 0.000002 0.000000
5565.0 1.000000 1.000000 1.000000 1.000000 1.000000 0.555954 0.362045 0.172204 0.004689 0.000094 0.000002 0.000000
5566.0 1.000000 1.000000 1.000000 1.000000 1.000000 0.555737 0.361773 0.171965 0.004719 0.000095 0.000002 0.000000
5567.0 1.000000 1.000000 1.000000 1.000000 1.000000 0.555520 0.361502 0.171725 0.004749 0.000095 0.000002 0.000000
5568.0 1.000000 1.000000 1.000000 1.000000 1.000000 0.555303 0.361231 0.171486 0.004779 0.000096 0.000002 0.000000
5569.0 1.000000 1.000000 1.000000 1.000000 1.000000 0.555086 0.360959 0.171247 0.004810 0.000096 0.000002 0.000000
5570.0 1.000000 1.000000 1.000000 1.000000 1.000000 0.554869 0.360688 0.171009 0.004841 0.000097 0.000002 0.000000
5571.0 1.000000 1.000000 1.000000 1.000000 1.000000 0.554651 0.360417 0.170770 0.004871 0.000097 0.000002 0.000000
5572.0 1.000000 1.000000 1.000000 1.000000 1.000000 0.554434 0.360146 0.170532 0.004902 0.000098 0.000002 0.000000
5573.0 1.000000 1.000000 1.000000 1.000000 1.000000 0.554217 0.359874 0.170294 0.004934 0.000098 0.000002 0.000000
5574.0 1.000000 1.000000 1.000000 1.000000 1.000000 0.554000 0.359603 0.170056 0.004965 0.000099 0.000002 0.000000
5575.0 1.000000 1.000000 1.000000 1.000000 1.000000 0.553783 0.359332 0.169818 0.004997 0.000099 0.000002 0.000000
5576.0 1.000000 1.000000 1.000000 1.000000 1.000000 0.553566 0.359061 0.169580 0.005029 0.000100 0.000002 0.000000
5577.0 1.000000 1.000000 1.000000 1.000000 1.000000 0.553348 0.358790 0.169343 0.005061 0.000100 0.000002 0.000000
5578.0 1.000000 1.000000 1.000000 1.000000 1.000000 0.553131 0.358519 0.169106 0.005093 0.000101 0.000002 0.000000
5579.0 1.000000 1.000000 1.000000 1.000000 1.000000 0.552914 0.358248 0.168869 0.005126 0.000101 0.000002 0.000000
5580.0 1.000000 1.000000 1.000000 1.000000 1.000000 0.552696 0.357978 0.168632 0.005159 0.000102 0.000002 0.000000
5581.0 1.000000 1.000000 1.000000 1.000000 1.000000 0.552479 0.357707 0.168395 0.005192 0.000102 0.000002 0.000000
5582.0 1.000000 1.000000 1.000000 1.000000 1.000000 0.552262 0.357436 0.168159 0.005225 0.000103 0.000002 0.000000
5583.0 1.000000 1.000000 1.000000 1.000000 1.000000 0.552045 0.357165 0.167922 0.005259 0.000104 0.000002 0.000000
5584.0 1.000000 1.000000 1.000000 1.000000 1.000000 0.551827 0.356895 0.167686 0.005293 0.000104 0.000002 0.000000
5585.0 1.000000 1.000000 1.000000 1.000000 1.000000 0.551610 0.356624 0.186404 0.005327 0.000105 0.000002 0.000000
5586.0 1.000000 1.000000 1.000000 1.000000 1.000000 0.551392 0.356354 0.186159 0.005361 0.000105 0.000002 0.000000
5587.0 1.000000 1.000000 1.000000 1.000000 1.000000 0.551175 0.356083 0.185914 0.005395 0.000106 0.000002 0.000000
5588.0 1.000000 1.000000 1.000000 1.000000 1.000000 0.550957 0.355813 0.185669 0.005430 0.000106 0.000002 0.000000
5589.0 1.000000 1.000000 1.000000 1.000000 1.000000 0.550740 0.355543 0.185424 0.005465 0.000107 0.000002 0.000000
5590.0 1.000000 1.000000 1.000000 1.000000 1.000000 0.550522 0.355272 0.185179 0.005500 0.000107 0.000002 0.000000
5591.0 1.000000 1.000000 1.000000 1.000000 1.000000 0.550305 0.355002 0.184935 0.005536 0.000108 0.000002 0.000000
5592.0 1.000000 1.000000 1.000000 1.000000 1.000000 0.550087 0.354732 0.184691 0.005572 0.000108 0.000002 0.000000
5593.0 1.000000 1.000000 1.000000 1.000000 1.000000 0.549870 0.354462 0.184447 0.005607 0.000109 0.000002 0.000000
5594.0 1.000000 1.000000 1.000000 1.000000 1.000000 0.549652 0.354192 0.184203 0.005644 0.000110 0.000002 0.000000
5595.0 1.000000 1.000000 1.000000 1.000000 1.000000 0.549435 0.353922 0.183959 0.005680 0.000110 0.000002 0.000000
5596.0 1.000000 1.000000 1.000000 1.000000 1.000000 0.549217 0.353652 0.183716 0.005717 0.000111 0.000002 0.000000
5597.0 1.000000 1.000000 1.000000 1.000000 1.000000 0.548999 0.353382 0.183472 0.005754 0.000111 0.000003 0.000000
5598.0 1.000000 1.000000 1.000000 1.000000 1.000000 0.548782 0.353112 0.183229 0.005791 0.000112 0.000003 0.000000
5599.0 1.000000 1.000000 1.000000 1.000000 1.000000 0.548564 0.352842 0.182986 0.005829 0.000112 0.000003 0.000000
5600.0 1.000000 1.000000 1.000000 1.000000 1.000000 0.548347 0.352572 0.182743 0.005867 0.000113 0.000003 0.000000
5601.0 1.000000 1.000000 1.000000 1.000000 1.000000 0.548129 0.352303 0.182501 0.005905 0.000114 0.000003 0.000000
5602.0 1.000000 1.000000 1.000000 1.000000 1.000000 0.547911 0.352033 0.182258 0.005943 0.000114 0.000003 0.000000
5603.0 1.000000 1.000000 1.000000 1.000000 1.000000 0.547693 0.351764 0.182016 0.005982 0.000115 0.000003 0.000000
5604.0 1.000000 1.000000 1.000000 1.000000 1.000000 0.547476 0.351494 0.181774 0.006020 0.000115 0.000003 0.000000
5605.0 1.000000 1.000000 1.000000 1.000000 1.000000 0.547258 0.351224 0.181532 0.006060 0.000116 0.000003 0.000000
5606.0 1.000000 1.000000 1.000000 1.000000 1.000000 0.547040 0.350955 0.181290 0.006099 0.000117 0.000003 0.000000
5607.0 1.000000 1.000000 1.000000 1.000000 1.000000 0.546822 0.350686 0.181048 0.006139 0.000117 0.000003 0.000000
5608.0 1.000000 1.000000 1.000000 1.000000 1.000000 0.546604 0.350416 0.180807 0.006179 0.000118 0.000003 0.000000
5609.0 1.000000 1.000000 1.000000 1.000000 1.000000 0.546387 0.350147 0.180565 0.006219 0.000118 0.000003 0.000000
5610.0 1.000000 1.000000 1.000000 1.000000 1.000000 0.546169 0.349878 0.180324 0.006259 0.000119 0.000003 0.000000
5611.0 1.000000 1.000000 1.000000 1.000000 1.000000 0.545951 0.349609 0.180083 0.006300 0.000120 0.000003 0.000000
5612.0 1.000000 1.000000 1.000000 1.000000 1.000000 0.545733 0.349340 0.179842 0.006342 0.000120 0.000003 0.000000
5613.0 1.000000 1.000000 1.000000 1.000000 1.000000 0.545515 0.349071 0.179601 0.006383 0.000121 0.000003 0.000000
5614.0 1.000000 1.000000 1.000000 1.000000 1.000000 0.545297 0.348802 0.179361 0.006425 0.000121 0.000003 0.000000
5615.0 1.000000 1.000000 1.000000 1.000000 1.000000 0.545079 0.348533 0.179121 0.006467 0.000122 0.000003 0.000000
5616.0 1.000000 1.000000 1.000000 1.000000 1.000000 0.544861 0.348264 0.178881 0.006509 0.000123 0.000003 0.000000
5617.0 1.000000 1.000000 1.000000 1.000000 1.000000 0.544643 0.347995 0.178641 0.006552 0.000123 0.000003 0.000000
5618.0 1.000000 1.000000 1.000000 1.000000 1.000000 0.544425 0.347726 0.178401 0.006595 0.000124 0.000003 0.000000
5619.0 1.000000 1.000000 1.000000 1.000000 1.000000 0.544207 0.347457 0.178161 0.006638 0.000125 0.000003 0.000000
5620.0 1.000000 1.000000 1.000000 1.000000 1.000000 0.543989 0.347189 0.177922 0.006681 0.000125 0.000003 0.000000
5621.0 1.000000 1.000000 1.000000 1.000000 1.000000 0.543771 0.346920 0.177682 0.006725 0.000126 0.000003 0.000000
5622.0 1.000000 1.000000 1.000000 1.000000 1.000000 0.543553 0.346652 0.177443 0.006769 0.000127 0.000003 0.000000
5623.0 1.000000 1.000000 1.000000 1.000000 1.000000 0.543335 0.346383 0.177204 0.006814 0.000127 0.000003 0.000000
5624.0 1.000000 1.000000 1.000000 1.000000 1.000000 0.543117 0.346115 0.176965 0.006859 0.000128 0.000003 0.000000
5625.0 1.000000 1.000000 1.000000 1.000000 1.000000 0.542899 0.345846 0.176727 0.006904 0.000129 0.000003 0.000000
5626.0 1.000000 1.000000 1.000000 1.000000 1.000000 0.542681 0.345578 0.176488 0.006949 0.000129 0.000003 0.000000
5627.0 1.000000 1.000000 1.000000 1.000000 1.000000 0.542462 0.345310 0.206580 0.006995 0.000130 0.000003 0.000000
5628.0 1.000000 1.000000 1.000000 1.000000 1.000000 0.542244 0.345042 0.206330 0.007041 0.000131 0.000003 0.000000
5629.0 1.000000 1.000000 1.000000 1.000000 1.000000 0.542026 0.344774 0.206081 0.007088 0.000131 0.000003 0.000000
5630.0 1.000000 1.000000 1.000000 1.000000 1.000000 0.541808 0.344505 0.205831 0.007134 0.000132 0.000003 0.000000
5631.0 1.000000 1.000000 1.000000 1.000000 1.000000 0.541590 0.344237 0.205582 0.007181 0.000133 0.000003 0.000000
5632.0 1.000000 1.000000 1.000000 1.000000 1.000000 0.541371 0.343969 0.205333 0.007229 0.000134 0.000003 0.000000
5633.0 1.000000 1.000000 1.000000 1.000000 1.000000 0.541153 0.343702 0.205084 0.007277 0.000134 0.000003 0.000000
5634.0 1.000000 1.000000 1.000000 1.000000 1.000000 0.540935 0.343434 0.204835 0.007325 0.000135 0.000003 0.000000
5635.0 1.000000 1.000000 1.000000 1.000000 1.000000 0.540717 0.343166 0.204587 0.007373 0.000136 0.000003 0.000000
5636.0 1.000000 1.000000 1.000000 1.000000 1.000000 0.540498 0.342898 0.204338 0.007422 0.000136 0.000003 0.000000
5637.0 1.000000 1.000000 1.000000 1.000000 1.000000 0.540280 0.342631 0.204090 0.007471 0.000137 0.000003 0.000000
5638.0 1.000000 1.000000 1.000000 1.000000 1.000000 0.540062 0.342363 0.203841 0.007521 0.000138 0.000003 0.000000
5639.0 1.000000 1.000000 1.000000 1.000000 1.000000 0.539843 0.342095 0.203593 0.007571 0.000139 0.000003 0.000000
5640.0 1.000000 1.000000 1.000000 1.000000 1.000000 0.539625 0.341828 0.203346 0.007621 0.000139 0.000003 0.000000
5641.0 1.000000 1.000000 1.000000 1.000000 1.000000 0.539406 0.341560 0.203098 0.007672 0.000140 0.000003 0.000000
5642.0 1.000000 1.000000 1.000000 1.000000 1.000000 0.539188 0.539188 0.202850 0.007723 0.000141 0.000003 0.000000
5643.0 1.000000 1.000000 1.000000 1.000000 1.000000 0.538970 0.538970 0.202603 0.007774 0.000142 0.000003 0.000000
5644.0 1.000000 1.000000 1.000000 1.000000 1.000000 0.538751 0.538751 0.202356 0.007826 0.000142 0.000003 0.000000
5645.0 1.000000 1.000000 1.000000 1.000000 1.000000 0.538533 0.538533 0.202108 0.007878 0.000143 0.000003 0.000000
5646.0 1.000000 1.000000 1.000000 1.000000 1.000000 0.538314 0.538314 0.201862 0.007930 0.000144 0.000003 0.000000
5647.0 1.000000 1.000000 1.000000 1.000000 1.000000 0.538096 0.538096 0.201615 0.007983 0.000145 0.000003 0.000000
5648.0 1.000000 1.000000 1.000000 1.000000 1.000000 0.537877 0.537877 0.201368 0.008036 0.000145 0.000003 0.000000
5649.0 1.000000 1.000000 1.000000 1.000000 1.000000 0.537659 0.537659 0.201121 0.008090 0.000146 0.000003 0.000000
5650.0 1.000000 1.000000 1.000000 1.000000 1.000000 0.537440 0.537440 0.200875 0.008144 0.000147 0.000003 0.000000
5651.0 1.000000 1.000000 1.000000 1.000000 1.000000 0.537222 0.537222 0.200629 0.008198 0.000148 0.000003 0.000000
5652.0 1.000000 1.000000 1.000000 1.000000 1.000000 0.537003 0.537003 0.200383 0.008253 0.000149 0.000003 0.000000
5653.0 1.000000 1.000000 1.000000 1.000000 1.000000 0.536784 0.536784 0.200137 0.008308 0.000149 0.000003 0.000000
5654.0 1.000000 1.000000 1.000000 1.000000 1.000000 0.536566 0.536566 0.199891 0.008364 0.000150 0.000003 0.000000
5655.0 1.000000 1.000000 1.000000 1.000000 1.000000 0.536347 0.536347 0.199646 0.008420 0.000151 0.000003 0.000000
5656.0 1.000000 1.000000 1.000000 1.000000 1.000000 0.536129 0.536129 0.199400 0.008476 0.000152 0.000003 0.000000
5657.0 1.000000 1.000000 1.000000 1.000000 1.000000 0.535910 0.535910 0.199155 0.008533 0.000153 0.000003 0.000000
5658.0 1.000000 1.000000 1.000000 1.000000 1.000000 0.535691 0.535691 0.198910 0.008591 0.000153 0.000003 0.000000
5659.0 1.000000 1.000000 1.000000 1.000000 1.000000 0.535473 0.535473 0.198665 0.008648 0.000154 0.000003 0.000000
5660.0 1.000000 1.000000 1.000000 1.000000 1.000000 0.535254 0.535254 0.198420 0.008706 0.000155 0.000003 0.000000
5661.0 1.000000 1.000000 1.000000 1.000000 1.000000 0.535035 0.535035 0.198176 0.008765 0.000156 0.000003 0.000000
5662.0 1.000000 1.000000 1.000000 1.000000 1.000000 0.534817 0.534817 0.197931 0.008824 0.000157 0.000003 0.000000
5663.0 1.000000 1.000000 1.000000 1.000000 1.000000 0.534598 0.534598 0.197687 0.008883 0.000158 0.000003 0.000000
5664.0 1.000000 1.000000 1.000000 1.000000 1.000000 0.534379 0.534379 0.197443 0.008943 0.000158 0.000003 0.000000
5665.0 1.000000 1.000000 1.000000 1.000000 1.000000 0.534160 0.534160 0.197199 0.009003 0.000159 0.000003 0.000000
5666.0 1.000000 1.000000 1.000000 1.000000 1.000000 0.533942 0.533942 0.196955 0.009064 0.000160 0.000003 0.000000
5667.0 1.000000 1.000000 1.000000 1.000000 1.000000 0.533723 0.533723 0.196711 0.009125 0.000161 0.000003 0.000000
5668.0 1.000000 1.000000 1.000000 1.000000 1.000000 0.533504 0.533504 0.196468 0.009186 0.000162 0.000003 0.000000
5669.0 1.000000 1.000000 1.000000 1.000000 1.000000 0.533285 0.533285 0.196224 0.009248 0.000163 0.000003 0.000000
5670.0 1.000000 1.000000 1.000000 1.000000 1.000000 0.533066 0.533066 0.195981 0.009311 0.000164 0.000003 0.000000
5671.0 1.000000 1.000000 1.000000 1.000000 1.000000 0.532847 0.532847 0.195738 0.009374 0.000165 0.000003 0.000000
5672.0 1.000000 1.000000 1.000000 1.000000 1.000000 0.532629 0.532629 0.195495 0.009437 0.000165 0.000003 0.000000
5673.0 1.000000 1.000000 1.000000 1.000000 1.000000 0.532410 0.532410 0.195252 0.009501 0.000166 0.000003 0.000000
5674.0 1.000000 1.000000 1.000000 1.000000 1.000000 0.532191 0.532191 0.195010 0.009565 0.000167 0.000003 0.000000
5675.0 1.000000 1.000000 1.000000 1.000000 1.000000 0.531972 0.531972 0.194767 0.009630 0.000168 0.000003 0.000000
5676.0 1.000000 1.000000 1.000000 1.000000 1.000000 0.531753 0.531753 0.194525 0.009695 0.000169 0.000003 0.000000
5677.0 1.000000 1.000000 1.000000 1.000000 1.000000 0.531534 0.531534 0.194283 0.009761 0.000170 0.000003 0.000000
5678.0 1.000000 1.000000 1.000000 1.000000 1.000000 0.531315 0.531315 0.194041 0.009827 0.000171 0.000003 0.000000
5679.0 1.000000 1.000000 1.000000 1.000000 1.000000 0.531096 0.531096 0.193799 0.009894 0.000172 0.000003 0.000000
5680.0 1.000000 1.000000 1.000000 1.000000 1.000000 0.530877 0.530877 0.193557 0.009961 0.000173 0.000004 0.000000
5681.0 1.000000 1.000000 1.000000 1.000000 1.000000 0.530658 0.530658 0.193316 0.010029 0.000174 0.000004 0.000000
5682.0 1.000000 1.000000 1.000000 1.000000 1.000000 0.530439 0.530439 0.193074 0.010097 0.000175 0.000004 0.000000
5683.0 1.000000 1.000000 1.000000 1.000000 1.000000 0.530220 0.530220 0.192833 0.010166 0.000176 0.000004 0.000000
5684.0 1.000000 1.000000 1.000000 1.000000 1.000000 0.530001 0.530001 0.192592 0.010235 0.000177 0.000004 0.000000
5685.0 1.000000 1.000000 1.000000 1.000000 1.000000 0.529782 0.529782 0.192351 0.010305 0.000178 0.000004 0.000000
5686.0 1.000000 1.000000 1.000000 1.000000 1.000000 0.529563 0.529563 0.192111 0.010375 0.000179 0.000004 0.000000
5687.0 1.000000 1.000000 1.000000 1.000000 1.000000 0.529344 0.529344 0.191870 0.010446 0.000179 0.000004 0.000000
5688.0 1.000000 1.000000 1.000000 1.000000 1.000000 0.529125 0.529125 0.191630 0.010517 0.000180 0.000004 0.000000
5689.0 1.000000 1.000000 1.000000 1.000000 1.000000 0.528906 0.528906 0.191390 0.010589 0.000181 0.000004 0.000000
5690.0 1.000000 1.000000 1.000000 1.000000 1.000000 0.528687 0.528687 0.191150 0.010661 0.000182 0.000004 0.000000
5691.0 1.000000 1.000000 1.000000 1.000000 1.000000 0.528468 0.528468 0.190910 0.010734 0.000183 0.000004 0.000000
5692.0 1.000000 1.000000 1.000000 1.000000 1.000000 0.528249 0.528249 0.190670 0.010807 0.000184 0.000004 0.000000
5693.0 1.000000 1.000000 1.000000 1.000000 1.000000 0.528029 0.528029 0.190430 0.010881 0.000185 0.000004 0.000000
5694.0 1.000000 1.000000 1.000000 1.000000 1.000000 0.527810 0.527810 0.190191 0.010956 0.000187 0.000004 0.000000
5695.0 1.000000 1.000000 1.000000 1.000000 1.000000 0.527591 0.527591 0.189952 0.011031 0.000188 0.000004 0.000000
5696.0 1.000000 1.000000 1.000000 1.000000 1.000000 0.527372 0.527372 0.189712 0.011106 0.000189 0.000004 0.000000
5697.0 1.000000 1.000000 1.000000 1.000000 1.000000 0.527153 0.527153 0.189474 0.011183 0.000190 0.000004 0.000000
5698.0 1.000000 1.000000 1.000000 1.000000 1.000000 0.526933 0.526933 0.189235 0.011259 0.000191 0.000004 0.000000
5699.0 1.000000 1.000000 1.000000 1.000000 1.000000 0.526714 0.526714 0.237694 0.011337 0.000192 0.000004 0.000000
5700.0 1.000000 1.000000 1.000000 1.000000 1.000000 0.526495 0.526495 0.237440 0.011415 0.000193 0.000004 0.000000
5701.0 1.000000 1.000000 1.000000 1.000000 1.000000 0.526276 0.526276 0.237186 0.011493 0.000194 0.000004 0.000000
5702.0 1.000000 1.000000 1.000000 1.000000 1.000000 0.526056 0.526056 0.236933 0.011572 0.000195 0.000004 0.000000
5703.0 1.000000 1.000000 1.000000 1.000000 1.000000 0.525837 0.525837 0.236680 0.011652 0.000196 0.000004 0.000000
5704.0 1.000000 1.000000 1.000000 1.000000 1.000000 0.525618 0.525618 0.236426 0.011732 0.000197 0.000004 0.000000
5705.0 1.000000 1.000000 1.000000 1.000000 1.000000 0.525399 0.525399 0.236173 0.011813 0.000198 0.000004 0.000000
5706.0 1.000000 1.000000 1.000000 1.000000 1.000000 0.525179 0.525179 0.235920 0.011894 0.000199 0.000004 0.000000
5707.0 1.000000 1.000000 1.000000 1.000000 1.000000 0.524960 0.524960 0.235667 0.011976 0.000200 0.000004 0.000000
5708.0 1.000000 1.000000 1.000000 1.000000 1.000000 0.524741 0.524741 0.235415 0.012059 0.000202 0.000004 0.000000
5709.0 1.000000 1.000000 1.000000 1.000000 1.000000 0.524521 0.524521 0.235162 0.012142 0.000203 0.000004 0.000000
5710.0 1.000000 1.000000 1.000000 1.000000 1.000000 0.524302 0.524302 0.234910 0.012226 0.000204 0.000004 0.000000
5711.0 1.000000 1.000000 1.000000 1.000000 1.000000 0.524083 0.524083 0.234657 0.012310 0.000205 0.000004 0.000000
5712.0 1.000000 1.000000 1.000000 1.000000 1.000000 0.523863 0.523863 0.234405 0.012396 0.000206 0.000004 0.000000
5713.0 1.000000 1.000000 1.000000 1.000000 1.000000 0.523644 0.523644 0.234153 0.012481 0.000207 0.000004 0.000000
5714.0 1.000000 1.000000 1.000000 1.000000 1.000000 0.523424 0.523424 0.233901 0.012568 0.000208 0.000004 0.000000
5715.0 1.000000 1.000000 1.000000 1.000000 1.000000 0.523205 0.523205 0.233649 0.012655 0.000210 0.000004 0.000000
5716.0 1.000000 1.000000 1.000000 1.000000 1.000000 0.522986 0.522986 0.233397 0.012743 0.000211 0.000004 0.000000
5717.0 1.000000 1.000000 1.000000 1.000000 1.000000 0.522766 0.522766 0.233146 0.012831 0.000212 0.000004 0.000000
5718.0 1.000000 1.000000 1.000000 1.000000 1.000000 0.522547 0.522547 0.232894 0.012920 0.000213 0.000004 0.000000
5719.0 1.000000 1.000000 1.000000 1.000000 1.000000 0.522327 0.522327 0.232643 0.013010 0.000214 0.000004 0.000000
5720.0 1.000000 1.000000 1.000000 1.000000 1.000000 0.522108 0.522108 0.232392 0.013100 0.000215 0.000004 0.000000
5721.0 1.000000 1.000000 1.000000 1.000000 1.000000 0.521888 0.521888 0.232141 0.013191 0.000217 0.000004 0.000000
5722.0 1.000000 1.000000 1.000000 1.000000 1.000000 0.521669 0.521669 0.231890 0.013283 0.000218 0.000004 0.000000
5723.0 1.000000 1.000000 1.000000 1.000000 1.000000 0.521449 0.521449 0.231639 0.013375 0.000219 0.000004 0.000000
5724.0 1.000000 1.000000 1.000000 1.000000 1.000000 0.521230 0.521230 0.231388 0.013468 0.000220 0.000004 0.000000
5725.0 1.000000 1.000000 1.000000 1.000000 1.000000 0.521010 0.521010 0.231137 0.013562 0.000222 0.000004 0.000000
5726.0 1.000000 1.000000 1.000000 1.000000 1.000000 0.520791 0.520791 0.230887 0.013657 0.000223 0.000004 0.000000
5727.0 1.000000 1.000000 1.000000 1.000000 1.000000 0.520571 0.520571 0.230637 0.013752 0.000224 0.000004 0.000000
5728.0 1.000000 1.000000 1.000000 1.000000 1.000000 0.520351 0.520351 0.230386 0.013848 0.000225 0.000004 0.000000
5729.0 1.000000 1.000000 1.000000 1.000000 1.000000 0.520132 0.520132 0.230136 0.013945 0.000227 0.000004 0.000000
5730.0 1.000000 1.000000 1.000000 1.000000 1.000000 0.519912 0.519912 0.229886 0.014042 0.000228 0.000004 0.000000
5731.0 1.000000 1.000000 1.000000 1.000000 1.000000 0.519693 0.519693 0.229637 0.014140 0.000229 0.000004 0.000000
5732.0 1.000000 1.000000 1.000000 1.000000 1.000000 0.519473 0.519473 0.229387 0.014239 0.000230 0.000004 0.000000
5733.0 1.000000 1.000000 1.000000 1.000000 1.000000 0.519253 0.519253 0.229137 0.014339 0.000232 0.000004 0.000000
5734.0 1.000000 1.000000 1.000000 1.000000 1.000000 0.519034 0.519034 0.228888 0.014439 0.000233 0.000004 0.000000
5735.0 1.000000 1.000000 1.000000 1.000000 1.000000 0.518814 0.518814 0.228638 0.014540 0.000234 0.000004 0.000000
5736.0 1.000000 1.000000 1.000000 1.000000 1.000000 0.518595 0.518595 0.228389 0.014642 0.000236 0.000004 0.000000
5737.0 1.000000 1.000000 1.000000 1.000000 1.000000 0.518375 0.518375 0.228140 0.014745 0.000237 0.000004 0.000000
5738.0 1.000000 1.000000 1.000000 1.000000 1.000000 0.518155 0.518155 0.227891 0.014848 0.000238 0.000005 0.000000
5739.0 1.000000 1.000000 1.000000 1.000000 1.000000 0.517936 0.517936 0.227643 0.014953 0.000240 0.000005 0.000000
5740.0 1.000000 1.000000 1.000000 1.000000 1.000000 0.517716 0.517716 0.227394 0.015058 0.000241 0.000005 0.000000
5741.0 1.000000 1.000000 1.000000 1.000000 1.000000 0.517496 0.517496 0.227145 0.015163 0.000242 0.000005 0.000000
5742.0 1.000000 1.000000 1.000000 1.000000 1.000000 0.517276 0.517276 0.226897 0.015270 0.000244 0.000005 0.000000
5743.0 1.000000 1.000000 1.000000 1.000000 1.000000 0.517057 0.517057 0.226649 0.015378 0.000245 0.000005 0.000000
5744.0 1.000000 1.000000 1.000000 1.000000 1.000000 0.516837 0.516837 0.226401 0.015486 0.000247 0.000005 0.000000
5745.0 1.000000 1.000000 1.000000 1.000000 1.000000 0.516617 0.516617 0.226153 0.015595 0.000248 0.000005 0.000000
5746.0 1.000000 1.000000 1.000000 1.000000 1.000000 0.516397 0.516397 0.225905 0.015705 0.000249 0.000005 0.000000
5747.0 1.000000 1.000000 1.000000 1.000000 1.000000 0.516178 0.516178 0.225657 0.015816 0.000251 0.000005 0.000000
5748.0 1.000000 1.000000 1.000000 1.000000 1.000000 0.515958 0.515958 0.225409 0.015927 0.000252 0.000005 0.000000
5749.0 1.000000 1.000000 1.000000 1.000000 1.000000 0.515738 0.515738 0.225162 0.016040 0.000254 0.000005 0.000000
5750.0 1.000000 1.000000 1.000000 1.000000 1.000000 0.515518 0.515518 0.224914 0.016153 0.000255 0.000005 0.000000
5751.0 1.000000 1.000000 1.000000 1.000000 1.000000 0.515299 0.515299 0.224667 0.016267 0.000257 0.000005 0.000000
5752.0 1.000000 1.000000 1.000000 1.000000 1.000000 0.515079 0.515079 0.224420 0.016382 0.000258 0.000005 0.000000
5753.0 1.000000 1.000000 1.000000 1.000000 1.000000 0.514859 0.514859 0.224173 0.016498 0.000260 0.000005 0.000000
5754.0 1.000000 1.000000 1.000000 1.000000 1.000000 0.514639 0.514639 0.223926 0.016615 0.000261 0.000005 0.000000
5755.0 1.000000 1.000000 1.000000 1.000000 1.000000 0.514419 0.514419 0.223680 0.016732 0.000263 0.000005 0.000000
5756.0 1.000000 1.000000 1.000000 1.000000 1.000000 0.514199 0.514199 0.223433 0.016851 0.000264 0.000005 0.000000
5757.0 1.000000 1.000000 1.000000 1.000000 1.000000 0.513980 0.513980 0.223187 0.016970 0.000266 0.000005 0.000000
5758.0 1.000000 1.000000 1.000000 1.000000 1.000000 0.513760 0.513760 0.222940 0.017091 0.000267 0.000005 0.000000
5759.0 1.000000 1.000000 1.000000 1.000000 1.000000 0.513540 0.513540 0.222694 0.017212 0.000269 0.000005 0.000000
5760.0 1.000000 1.000000 1.000000 1.000000 1.000000 0.513320 0.513320 0.222448 0.017334 0.000270 0.000005 0.000000
5761.0 1.000000 1.000000 1.000000 1.000000 1.000000 0.513100 0.513100 0.222202 0.017458 0.000272 0.000005 0.000000
5762.0 1.000000 1.000000 1.000000 1.000000 1.000000 0.512880 0.512880 0.221956 0.017582 0.000273 0.000005 0.000000
5763.0 1.000000 1.000000 1.000000 1.000000 1.000000 0.512660 0.512660 0.221711 0.017707 0.000275 0.000005 0.000000
5764.0 1.000000 1.000000 1.000000 1.000000 1.000000 0.512440 0.512440 0.221465 0.017833 0.000276 0.000005 0.000000
5765.0 1.000000 1.000000 1.000000 1.000000 1.000000 0.512220 0.512220 0.221220 0.017960 0.000278 0.000005 0.000000
5766.0 1.000000 1.000000 1.000000 1.000000 1.000000 0.512001 0.512001 0.220974 0.018088 0.000280 0.000005 0.000000
5767.0 1.000000 1.000000 1.000000 1.000000 1.000000 0.511781 0.511781 0.220729 0.018217 0.000281 0.000005 0.000000
5768.0 1.000000 1.000000 1.000000 1.000000 1.000000 0.511561 0.511561 0.220484 0.018347 0.000283 0.000005 0.000000
5769.0 1.000000 1.000000 1.000000 1.000000 1.000000 0.511341 0.511341 0.220239 0.018478 0.000285 0.000005 0.000000
5770.0 1.000000 1.000000 1.000000 1.000000 1.000000 0.511121 0.511121 0.219995 0.018610 0.000286 0.000005 0.000000
5771.0 1.000000 1.000000 1.000000 1.000000 1.000000 0.510901 0.510901 0.219750 0.018743 0.000288 0.000005 0.000000
5772.0 1.000000 1.000000 1.000000 1.000000 1.000000 0.510681 0.510681 0.219506 0.018877 0.000290 0.000005 0.000000
5773.0 1.000000 1.000000 1.000000 1.000000 1.000000 0.510461 0.510461 0.219261 0.019012 0.000291 0.000005 0.000000
5774.0 1.000000 1.000000 1.000000 1.000000 1.000000 0.510241 0.510241 0.219017 0.019148 0.000293 0.000005 0.000000
5775.0 1.000000 1.000000 1.000000 1.000000 1.000000 0.510021 0.510021 0.218773 0.019285 0.000295 0.000005 0.000000
5776.0 1.000000 1.000000 1.000000 1.000000 1.000000 0.509801 0.509801 0.218529 0.019423 0.000296 0.000005 0.000000
5777.0 1.000000 1.000000 1.000000 1.000000 1.000000 0.509581 0.509581 0.218285 0.019562 0.000298 0.000005 0.000000
5778.0 1.000000 1.000000 1.000000 1.000000 1.000000 0.509361 0.509361 0.218041 0.019702 0.000300 0.000005 0.000000
5779.0 1.000000 1.000000 1.000000 1.000000 1.000000 0.509141 0.509141 0.217798 0.019844 0.000302 0.000005 0.000000
5780.0 1.000000 1.000000 1.000000 1.000000 1.000000 0.508921 0.508921 0.217554 0.019986 0.000303 0.000005 0.000000
5781.0 1.000000 1.000000 1.000000 1.000000 1.000000 0.508700 0.508700 0.217311 0.020130 0.000305 0.000005 0.000000
5782.0 1.000000 1.000000 1.000000 1.000000 1.000000 0.508480 0.508480 0.217068 0.020275 0.000307 0.000006 0.000000
5783.0 1.000000 1.000000 1.000000 1.000000 1.000000 0.508260 0.508260 0.216825 0.020420 0.000309 0.000006 0.000000
5784.0 1.000000 1.000000 1.000000 1.000000 1.000000 0.508040 0.508040 0.216582 0.020567 0.000310 0.000006 0.000000
5785.0 1.000000 1.000000 1.000000 1.000000 1.000000 0.507820 0.507820 0.216339 0.020715 0.000312 0.000006 0.000000
5786.0 1.000000 1.000000 1.000000 1.000000 1.000000 0.507600 0.507600 0.216097 0.020865 0.000314 0.000006 0.000000
5787.0 1.000000 1.000000 1.000000 1.000000 1.000000 0.507380 0.507380 0.215854 0.021015 0.000316 0.000006 0.000000
5788.0 1.000000 1.000000 1.000000 1.000000 1.000000 0.507160 0.507160 0.215612 0.021166 0.000318 0.000006 0.000000
5789.0 1.000000 1.000000 1.000000 1.000000 1.000000 0.506940 0.506940 0.215370 0.021319 0.000320 0.000006 0.000000
5790.0 1.000000 1.000000 1.000000 1.000000 1.000000 0.506720 0.506720 0.215128 0.021473 0.000321 0.000006 0.000000
5791.0 1.000000 1.000000 1.000000 1.000000 1.000000 0.506499 0.506499 0.214886 0.021628 0.000323 0.000006 0.000000
5792.0 1.000000 1.000000 1.000000 1.000000 1.000000 0.506279 0.506279 0.214644 0.021784 0.000325 0.000006 0.000000
5793.0 1.000000 1.000000 1.000000 1.000000 1.000000 0.506059 0.506059 0.214402 0.021942 0.000327 0.000006 0.000000
5794.0 1.000000 1.000000 1.000000 1.000000 1.000000 0.505839 0.505839 0.214161 0.022101 0.000329 0.000006 0.000000
5795.0 1.000000 1.000000 1.000000 1.000000 1.000000 0.505619 0.505619 0.213919 0.022261 0.000331 0.000006 0.000000
5796.0 1.000000 1.000000 1.000000 1.000000 1.000000 0.505399 0.505399 0.213678 0.022422 0.000333 0.000006 0.000000
5797.0 1.000000 1.000000 1.000000 1.000000 1.000000 0.505179 0.505179 0.213437 0.022584 0.000335 0.000006 0.000000
5798.0 1.000000 1.000000 1.000000 1.000000 1.000000 0.504958 0.504958 0.213196 0.022748 0.000337 0.000006 0.000000
5799.0 1.000000 1.000000 1.000000 1.000000 1.000000 0.504738 0.504738 0.212955 0.022913 0.000339 0.000006 0.000000
5800.0 1.000000 1.000000 1.000000 1.000000 1.000000 0.504518 0.504518 0.212714 0.023079 0.000341 0.000006 0.000000
5801.0 1.000000 1.000000 1.000000 1.000000 1.000000 0.504298 0.504298 0.212474 0.023247 0.000343 0.000006 0.000000
5802.0 1.000000 1.000000 1.000000 1.000000 1.000000 0.504078 0.504078 0.212233 0.023416 0.000345 0.000006 0.000000
5803.0 1.000000 1.000000 1.000000 1.000000 1.000000 0.503857 0.503857 0.211993 0.023586 0.000347 0.000006 0.000000
5804.0 1.000000 1.000000 1.000000 1.000000 1.000000 0.503637 0.503637 0.211753 0.023758 0.000349 0.000006 0.000000
5805.0 1.000000 1.000000 1.000000 1.000000 1.000000 0.503417 0.503417 0.211513 0.023931 0.000351 0.000006 0.000000
5806.0 1.000000 1.000000 1.000000 1.000000 1.000000 0.503197 0.503197 0.211273 0.024105 0.000353 0.000006 0.000000
5807.0 1.000000 1.000000 1.000000 1.000000 1.000000 0.502977 0.502977 0.211033 0.024280 0.000355 0.000006 0.000000
5808.0 1.000000 1.000000 1.000000 1.000000 1.000000 0.502756 0.502756 0.210794 0.024457 0.000357 0.000006 0.000000
5809.0 1.000000 1.000000 1.000000 1.000000 1.000000 0.502536 0.502536 0.210554 0.024636 0.000359 0.000006 0.000000
5810.0 1.000000 1.000000 1.000000 1.000000 1.000000 0.502316 0.502316 0.210315 0.024816 0.000362 0.000006 0.000000
5811.0 1.000000 1.000000 1.000000 1.000000 1.000000 0.502096 0.502096 0.210076 0.024997 0.000364 0.000006 0.000000
5812.0 1.000000 1.000000 1.000000 1.000000 1.000000 0.501875 0.501875 0.209836 0.025179 0.000366 0.000006 0.000000
5813.0 1.000000 1.000000 1.000000 1.000000 1.000000 0.501655 0.501655 0.209598 0.025363 0.000368 0.000006 0.000000
5814.0 1.000000 1.000000 1.000000 1.000000 1.000000 0.501435 0.501435 0.209359 0.025549 0.000370 0.000006 0.000000
5815.0 1.000000 1.000000 1.000000 1.000000 1.000000 0.501214 0.501214 0.209120 0.025736 0.000372 0.000006 0.000000
5816.0 1.000000 1.000000 1.000000 1.000000 1.000000 0.500994 0.500994 0.208881 0.025924 0.000375 0.000006 0.000000
5817.0 1.000000 1.000000 1.000000 1.000000 1.000000 0.500774 0.500774 0.208643 0.026114 0.000377 0.000006 0.000000
5818.0 1.000000 1.000000 1.000000 1.000000 1.000000 0.500554 0.500554 0.208405 0.026305 0.000379 0.000007 0.000000
5819.0 1.000000 1.000000 1.000000 1.000000 1.000000 0.500333 0.500333 0.208167 0.026498 0.000381 0.000007 0.000000
5820.0 1.000000 1.000000 1.000000 1.000000 1.000000 0.500113 0.500113 0.207929 0.026693 0.000384 0.000007 0.000000
5821.0 1.000000 1.000000 1.000000 1.000000 1.000000 0.499893 0.499893 0.207691 0.026888 0.000386 0.000007 0.000000
5822.0 1.000000 1.000000 1.000000 1.000000 1.000000 0.499672 0.499672 0.207453 0.027086 0.000388 0.000007 0.000000
5823.0 1.000000 1.000000 1.000000 1.000000 1.000000 0.499452 0.499452 0.207216 0.027285 0.000391 0.000007 0.000000
5824.0 1.000000 1.000000 1.000000 1.000000 1.000000 0.499232 0.499232 0.206978 0.027485 0.000393 0.000007 0.000000
5825.0 1.000000 1.000000 1.000000 1.000000 1.000000 0.499011 0.499011 0.206741 0.027688 0.000395 0.000007 0.000000
5826.0 1.000000 1.000000 1.000000 1.000000 1.000000 0.498791 0.498791 0.206504 0.027891 0.000398 0.000007 0.000000
5827.0 1.000000 1.000000 1.000000 1.000000 1.000000 0.498571 0.498571 0.206267 0.028097 0.000400 0.000007 0.000000
5828.0 1.000000 1.000000 1.000000 1.000000 1.000000 0.498350 0.498350 0.206030 0.028304 0.000402 0.000007 0.000000
5829.0 1.000000 1.000000 1.000000 1.000000 1.000000 0.498130 0.498130 0.205793 0.028512 0.000405 0.000007 0.000000
5830.0 1.000000 1.000000 1.000000 1.000000 1.000000 0.497910 0.497910 0.205556 0.028723 0.000407 0.000007 0.000000
5831.0 1.000000 1.000000 1.000000 1.000000 1.000000 0.497689 0.497689 0.205320 0.028934 0.000410 0.000007 0.000000
5832.0 1.000000 1.000000 1.000000 1.000000 1.000000 0.497469 0.497469 0.205084 0.029148 0.000412 0.000007 0.000000
5833.0 1.000000 1.000000 1.000000 1.000000 1.000000 0.497249 0.497249 0.204847 0.029363 0.000415 0.000007 0.000000
5834.0 1.000000 1.000000 1.000000 1.000000 1.000000 0.497028 0.497028 0.204611 0.029580 0.000417 0.000007 0.000000
5835.0 1.000000 1.000000 1.000000 1.000000 1.000000 0.496808 0.496808 0.204375 0.029799 0.000420 0.000007 0.000000
5836.0 1.000000 1.000000 1.000000 1.000000 1.000000 0.496587 0.496587 0.290698 0.030020 0.000422 0.000007 0.000000
5837.0 1.000000 1.000000 1.000000 1.000000 1.000000 0.496367 0.496367 0.290444 0.030242 0.000425 0.000007 0.000000
5838.0 1.000000 1.000000 1.000000 1.000000 1.000000 0.496147 0.496147 0.290191 0.030466 0.000427 0.000007 0.000000
5839.0 1.000000 1.000000 1.000000 1.000000 1.000000 0.495926 0.495926 0.289938 0.030691 0.000430 0.000007 0.000000
5840.0 1.000000 1.000000 1.000000 1.000000 1.000000 0.495706 0.495706 0.289684 0.030919 0.000432 0.000007 0.000000
5841.0 1.000000 1.000000 1.000000 1.000000 1.000000 0.495485 0.495485 0.289431 0.031148 0.000435 0.000007 0.000000
5842.0 1.000000 1.000000 1.000000 1.000000 1.000000 0.495265 0.495265 0.289178 0.031380 0.000438 0.000007 0.000000
5843.0 1.000000 1.000000 1.000000 1.000000 1.000000 0.495045 0.495045 0.288925 0.031613 0.000440 0.000007 0.000000
5844.0 1.000000 1.000000 1.000000 1.000000 1.000000 0.494824 0.494824 0.288672 0.031847 0.000443 0.000007 0.000000
5845.0 1.000000 1.000000 1.000000 1.000000 1.000000 0.494604 0.494604 0.288420 0.032084 0.000446 0.000007 0.000000
5846.0 1.000000 1.000000 1.000000 1.000000 1.000000 0.494383 0.494383 0.288167 0.032323 0.000448 0.000007 0.000000
5847.0 1.000000 1.000000 1.000000 1.000000 1.000000 0.494163 0.494163 0.287914 0.032563 0.000451 0.000007 0.000000
5848.0 1.000000 1.000000 1.000000 1.000000 1.000000 0.493943 0.493943 0.287662 0.032806 0.000454 0.000007 0.000000
5849.0 1.000000 1.000000 1.000000 1.000000 1.000000 0.493722 0.493722 0.287409 0.033050 0.000456 0.000008 0.000000
5850.0 1.000000 1.000000 1.000000 1.000000 1.000000 0.493502 0.493502 0.287157 0.033296 0.000459 0.000008 0.000000
5851.0 1.000000 1.000000 1.000000 1.000000 1.000000 0.493281 0.493281 0.286905 0.033545 0.000462 0.000008 0.000000
5852.0 1.000000 1.000000 1.000000 1.000000 1.000000 0.493061 0.493061 0.286653 0.033795 0.000465 0.000008 0.000000
5853.0 1.000000 1.000000 1.000000 1.000000 1.000000 0.492840 0.492840 0.286400 0.034047 0.000468 0.000008 0.000000
5854.0 1.000000 1.000000 1.000000 1.000000 1.000000 0.492620 0.492620 0.286148 0.034301 0.000471 0.000008 0.000000
5855.0 1.000000 1.000000 1.000000 1.000000 1.000000 0.492399 0.492399 0.285897 0.034558 0.000473 0.000008 0.000000
5856.0 1.000000 1.000000 1.000000 1.000000 1.000000 0.492179 0.492179 0.285645 0.034816 0.000476 0.000008 0.000000
5857.0 1.000000 1.000000 1.000000 1.000000 1.000000 0.491959 0.491959 0.285393 0.035077 0.000479 0.000008 0.000000
5858.0 1.000000 1.000000 1.000000 1.000000 1.000000 0.491738 0.491738 0.285141 0.035339 0.000482 0.000008 0.000000
5859.0 1.000000 1.000000 1.000000 1.000000 1.000000 0.491518 0.491518 0.284890 0.035604 0.000485 0.000008 0.000000
5860.0 1.000000 1.000000 1.000000 1.000000 1.000000 0.491297 0.491297 0.284638 0.035871 0.000488 0.000008 0.000000
5861.0 1.000000 1.000000 1.000000 1.000000 1.000000 0.491077 0.491077 0.284387 0.036139 0.000491 0.000008 0.000000
5862.0 1.000000 1.000000 1.000000 1.000000 1.000000 0.490856 0.490856 0.284136 0.036411 0.000494 0.000008 0.000000
5863.0 1.000000 1.000000 1.000000 1.000000 1.000000 0.490636 0.490636 0.283884 0.036684 0.000497 0.000008 0.000000
5864.0 1.000000 1.000000 1.000000 1.000000 1.000000 0.490415 0.490415 0.283633 0.036959 0.000500 0.000008 0.000000
5865.0 1.000000 1.000000 1.000000 1.000000 1.000000 0.490195 0.490195 0.283382 0.037237 0.000503 0.000008 0.000000
5866.0 1.000000 1.000000 1.000000 1.000000 1.000000 0.489974 0.489974 0.283131 0.037516 0.000506 0.000008 0.000000
5867.0 1.000000 1.000000 1.000000 1.000000 1.000000 0.489754 0.489754 0.282880 0.037798 0.000509 0.000008 0.000000
5868.0 1.000000 1.000000 1.000000 1.000000 1.000000 0.489533 0.489533 0.282629 0.038083 0.000512 0.000008 0.000000
5869.0 1.000000 1.000000 1.000000 1.000000 1.000000 0.489313 0.489313 0.282379 0.038370 0.000516 0.000008 0.000000
5870.0 1.000000 1.000000 1.000000 1.000000 1.000000 0.489092 0.489092 0.282128 0.038659 0.000519 0.000008 0.000000
5871.0 1.000000 1.000000 1.000000 1.000000 1.000000 0.488872 0.488872 0.281877 0.038950 0.000522 0.000008 0.000000
5872.0 1.000000 1.000000 1.000000 1.000000 1.000000 0.488651 0.488651 0.281627 0.039243 0.000525 0.000008 0.000000
5873.0 1.000000 1.000000 1.000000 1.000000 1.000000 0.488431 0.488431 0.281377 0.039539 0.000528 0.000008 0.000000
5874.0 1.000000 1.000000 1.000000 1.000000 1.000000 0.488210 0.488210 0.281126 0.039838 0.000532 0.000009 0.000000
5875.0 1.000000 1.000000 1.000000 1.000000 1.000000 0.487990 0.487990 0.280876 0.040138 0.000535 0.000009 0.000000
5876.0 1.000000 1.000000 1.000000 1.000000 1.000000 0.487770 0.487770 0.280626 0.040442 0.000538 0.000009 0.000000
5877.0 1.000000 1.000000 1.000000 1.000000 1.000000 0.487549 0.487549 0.280376 0.040747 0.000541 0.000009 0.000000
5878.0 1.000000 1.000000 1.000000 1.000000 1.000000 0.487328 0.487328 0.280126 0.041056 0.000545 0.000009 0.000000
5879.0 1.000000 1.000000 1.000000 1.000000 1.000000 0.487108 0.487108 0.279876 0.041366 0.000548 0.000009 0.000000
5880.0 1.000000 1.000000 1.000000 1.000000 1.000000 0.486887 0.486887 0.279627 0.041679 0.000552 0.000009 0.000000
5881.0 1.000000 1.000000 1.000000 1.000000 1.000000 0.486667 0.486667 0.279377 0.041995 0.000555 0.000009 0.000000
5882.0 1.000000 1.000000 1.000000 1.000000 1.000000 0.486446 0.486446 0.279127 0.042313 0.000558 0.000009 0.000000
5883.0 1.000000 1.000000 1.000000 1.000000 1.000000 0.486226 0.486226 0.278878 0.042634 0.000562 0.000009 0.000000
5884.0 1.000000 1.000000 1.000000 1.000000 1.000000 0.486005 0.486005 0.278628 0.042957 0.000565 0.000009 0.000000
5885.0 1.000000 1.000000 1.000000 1.000000 1.000000 0.485785 0.485785 0.278379 0.043284 0.000569 0.000009 0.000000
5886.0 1.000000 1.000000 1.000000 1.000000 1.000000 0.485564 0.485564 0.278130 0.043612 0.000572 0.000009 0.000000
5887.0 1.000000 1.000000 1.000000 1.000000 1.000000 0.485344 0.485344 0.277881 0.043943 0.000576 0.000009 0.000000
5888.0 1.000000 1.000000 1.000000 1.000000 1.000000 0.485123 0.485123 0.277632 0.044277 0.000580 0.000009 0.000000
5889.0 1.000000 1.000000 1.000000 1.000000 1.000000 0.484903 0.484903 0.277383 0.044614 0.000583 0.000009 0.000000
5890.0 1.000000 1.000000 1.000000 1.000000 1.000000 0.484682 0.484682 0.277134 0.044954 0.000587 0.000009 0.000000
5891.0 1.000000 1.000000 1.000000 1.000000 1.000000 0.484462 0.484462 0.276885 0.045296 0.000590 0.000009 0.000000
5892.0 1.000000 1.000000 1.000000 1.000000 1.000000 0.484241 0.484241 0.276636 0.045641 0.000594 0.000009 0.000000
5893.0 1.000000 1.000000 1.000000 1.000000 1.000000 0.484021 0.484021 0.276388 0.045989 0.000598 0.000009 0.000000
5894.0 1.000000 1.000000 1.000000 1.000000 1.000000 0.483800 0.483800 0.276139 0.046339 0.000601 0.000009 0.000000
5895.0 1.000000 1.000000 1.000000 1.000000 1.000000 0.483580 0.483580 0.275891 0.046693 0.000605 0.000009 0.000000
5896.0 1.000000 1.000000 1.000000 1.000000 1.000000 0.483359 0.483359 0.275642 0.047049 0.000609 0.000009 0.000000
5897.0 1.000000 1.000000 1.000000 1.000000 1.000000 0.483139 0.483139 0.275394 0.047408 0.000613 0.000010 0.000000
5898.0 1.000000 1.000000 1.000000 1.000000 1.000000 0.482918 0.482918 0.275146 0.047771 0.000617 0.000010 0.000000
5899.0 1.000000 1.000000 1.000000 1.000000 1.000000 0.482698 0.482698 0.274898 0.048136 0.000620 0.000010 0.000000
5900.0 1.000000 1.000000 1.000000 1.000000 1.000000 0.482477 0.482477 0.274650 0.048504 0.000624 0.000010 0.000000
5901.0 1.000000 1.000000 1.000000 1.000000 1.000000 0.482257 0.482257 0.274402 0.048875 0.000628 0.000010 0.000000
5902.0 1.000000 1.000000 1.000000 1.000000 1.000000 0.482036 0.482036 0.274154 0.049249 0.000632 0.000010 0.000000
5903.0 1.000000 1.000000 1.000000 1.000000 1.000000 0.481816 0.481816 0.273907 0.049627 0.000636 0.000010 0.000000
5904.0 1.000000 1.000000 1.000000 1.000000 1.000000 0.481595 0.481595 0.273659 0.050007 0.000640 0.000010 0.000000
5905.0 1.000000 1.000000 1.000000 1.000000 1.000000 0.481375 0.481375 0.273411 0.050391 0.000644 0.000010 0.000000
5906.0 1.000000 1.000000 1.000000 1.000000 1.000000 0.481154 0.481154 0.273164 0.050777 0.000648 0.000010 0.000000
5907.0 1.000000 1.000000 1.000000 1.000000 1.000000 0.480934 0.480934 0.272917 0.051167 0.000652 0.000010 0.000000
5908.0 1.000000 1.000000 1.000000 1.000000 1.000000 0.480713 0.480713 0.272669 0.051560 0.000656 0.000010 0.000000
5909.0 1.000000 1.000000 1.000000 1.000000 1.000000 0.480493 0.480493 0.272422 0.051956 0.000660 0.000010 0.000000
5910.0 1.000000 1.000000 1.000000 1.000000 1.000000 0.480272 0.480272 0.272175 0.052355 0.000665 0.000010 0.000000
5911.0 1.000000 1.000000 1.000000 1.000000 1.000000 0.480051 0.480051 0.271928 0.052758 0.000669 0.000010 0.000000
5912.0 1.000000 1.000000 1.000000 1.000000 1.000000 0.479831 0.479831 0.271681 0.053164 0.000673 0.000010 0.000000
5913.0 1.000000 1.000000 1.000000 1.000000 1.000000 0.479610 0.479610 0.271435 0.053573 0.000677 0.000010 0.000000
5914.0 1.000000 1.000000 1.000000 1.000000 1.000000 0.479390 0.479390 0.271188 0.053986 0.000681 0.000010 0.000000
5915.0 1.000000 1.000000 1.000000 1.000000 1.000000 0.479169 0.479169 0.270941 0.054402 0.000686 0.000010 0.000000
5916.0 1.000000 1.000000 1.000000 1.000000 1.000000 0.478949 0.478949 0.270695 0.054822 0.000690 0.000010 0.000000
5917.0 1.000000 1.000000 1.000000 1.000000 1.000000 0.478728 0.478728 0.270448 0.055244 0.000694 0.000011 0.000000
5918.0 1.000000 1.000000 1.000000 1.000000 1.000000 0.478508 0.478508 0.270202 0.055671 0.000699 0.000011 0.000000
5919.0 1.000000 1.000000 1.000000 1.000000 1.000000 0.478287 0.478287 0.269956 0.056101 0.000703 0.000011 0.000000
5920.0 1.000000 1.000000 1.000000 1.000000 1.000000 0.478067 0.478067 0.269710 0.056535 0.000708 0.000011 0.000000
5921.0 1.000000 1.000000 1.000000 1.000000 1.000000 0.477846 0.477846 0.269464 0.056971 0.000712 0.000011 0.000000
5922.0 1.000000 1.000000 1.000000 1.000000 1.000000 0.477626 0.477626 0.269218 0.057412 0.000717 0.000011 0.000000
5923.0 1.000000 1.000000 1.000000 1.000000 1.000000 0.477405 0.477405 0.268972 0.057856 0.000721 0.000011 0.000000
5924.0 1.000000 1.000000 1.000000 1.000000 1.000000 0.477185 0.477185 0.268726 0.058304 0.000726 0.000011 0.000000
5925.0 1.000000 1.000000 1.000000 1.000000 1.000000 0.476964 0.476964 0.268480 0.058756 0.000730 0.000011 0.000000
5926.0 1.000000 1.000000 1.000000 1.000000 1.000000 0.476744 0.476744 0.268235 0.059211 0.000735 0.000011 0.000000
5927.0 1.000000 1.000000 1.000000 1.000000 1.000000 0.476523 0.476523 0.267989 0.059303 0.000740 0.000011 0.000000
5928.0 1.000000 1.000000 1.000000 1.000000 1.000000 0.476303 0.476303 0.267744 0.059175 0.000744 0.000011 0.000000
5929.0 1.000000 1.000000 1.000000 1.000000 1.000000 0.476082 0.476082 0.267498 0.059048 0.000749 0.000011 0.000000
5930.0 1.000000 1.000000 1.000000 1.000000 1.000000 0.475862 0.475862 0.267253 0.058921 0.000754 0.000011 0.000000
5931.0 1.000000 1.000000 1.000000 1.000000 1.000000 0.475641 0.475641 0.267008 0.058793 0.000759 0.000011 0.000000
5932.0 1.000000 1.000000 1.000000 1.000000 1.000000 0.475421 0.475421 0.266763 0.058553 0.000764 0.000011 0.000000
5933.0 1.000000 1.000000 1.000000 1.000000 1.000000 0.475200 0.475200 0.266518 0.058802 0.000768 0.000011 0.000000
5934.0 1.000000 1.000000 1.000000 1.000000 1.000000 0.474980 0.474980 0.266273 0.058997 0.000773 0.000011 0.000000
5935.0 1.000000 1.000000 1.000000 1.000000 1.000000 0.474759 0.474759 0.266028 0.059059 0.000778 0.000012 0.000000
5936.0 1.000000 1.000000 1.000000 1.000000 1.000000 0.474539 0.474539 0.265784 0.059385 0.000783 0.000012 0.000000
5937.0 1.000000 1.000000 1.000000 1.000000 1.000000 0.474318 0.474318 0.265539 0.059529 0.000788 0.000012 0.000000
5938.0 1.000000 1.000000 1.000000 1.000000 1.000000 0.474098 0.474098 0.265295 0.059711 0.000793 0.000012 0.000000
5939.0 1.000000 1.000000 1.000000 1.000000 1.000000 0.473877 0.473877 0.265050 0.059938 0.000798 0.000012 0.000000
5940.0 1.000000 1.000000 1.000000 1.000000 1.000000 0.473657 0.473657 0.264806 0.060220 0.000803 0.000012 0.000000
5941.0 1.000000 1.000000 1.000000 1.000000 1.000000 0.473436 0.473436 0.264562 0.060092 0.000809 0.000012 0.000000
5942.0 1.000000 1.000000 1.000000 1.000000 1.000000 0.473216 0.473216 0.264318 0.060440 0.000814 0.000012 0.000000
5943.0 1.000000 1.000000 1.000000 1.000000 1.000000 0.472996 0.472996 0.264074 0.060871 0.000819 0.000012 0.000000
5944.0 1.000000 1.000000 1.000000 1.000000 1.000000 0.472775 0.472775 0.263830 0.060741 0.000824 0.000012 0.000000
5945.0 1.000000 1.000000 1.000000 1.000000 1.000000 0.472555 0.472555 0.263586 0.061274 0.000829 0.000012 0.000000
5946.0 1.000000 1.000000 1.000000 1.000000 1.000000 0.472334 0.472334 0.263342 0.061144 0.000835 0.000012 0.000000
5947.0 1.000000 1.000000 1.000000 1.000000 1.000000 0.472114 0.472114 0.263099 0.061807 0.000840 0.000012 0.000000
5948.0 1.000000 1.000000 1.000000 1.000000 1.000000 0.471893 0.471893 0.262855 0.061676 0.000845 0.000012 0.000000
5949.0 1.000000 1.000000 1.000000 1.000000 1.000000 0.471673 0.471673 0.262612 0.061546 0.000851 0.000012 0.000000
5950.0 1.000000 1.000000 1.000000 1.000000 1.000000 0.471452 0.471452 0.262369 0.062374 0.000856 0.000012 0.000000
5951.0 1.000000 1.000000 1.000000 1.000000 1.000000 0.471232 0.471232 0.262125 0.062243 0.000862 0.000012 0.000000
5952.0 1.000000 1.000000 1.000000 1.000000 1.000000 0.471011 0.471011 0.261882 0.062112 0.000867 0.000013 0.000000
5953.0 1.000000 1.000000 1.000000 1.000000 1.000000 0.470791 0.470791 0.261639 0.063157 0.000873 0.000013 0.000000
5954.0 1.000000 1.000000 1.000000 1.000000 1.000000 0.470571 0.470571 0.261396 0.063025 0.000879 0.000013 0.000000
5955.0 1.000000 1.000000 1.000000 1.000000 1.000000 0.470350 0.470350 0.261153 0.062893 0.000884 0.000013 0.000000
5956.0 1.000000 1.000000 1.000000 1.000000 1.000000 0.470130 0.470130 0.260911 0.062761 0.000890 0.000013 0.000000
5957.0 1.000000 1.000000 1.000000 1.000000 1.000000 0.469909 0.469909 0.260668 0.064096 0.000896 0.000013 0.000000
5958.0 1.000000 1.000000 1.000000 1.000000 1.000000 0.469689 0.469689 0.260425 0.063963 0.000902 0.000013 0.000000
5959.0 1.000000 1.000000 1.000000 1.000000 1.000000 0.469468 0.469468 0.260183 0.063830 0.000907 0.000013 0.000000
5960.0 1.000000 1.000000 1.000000 1.000000 1.000000 0.469248 0.469248 0.259941 0.063697 0.000913 0.000013 0.000000
5961.0 1.000000 1.000000 1.000000 1.000000 1.000000 0.469028 0.469028 0.259698 0.063564 0.000919 0.000013 0.000000
5962.0 1.000000 1.000000 1.000000 1.000000 1.000000 0.468807 0.468807 0.259456 0.065293 0.000925 0.000013 0.000000
5963.0 1.000000 1.000000 1.000000 1.000000 1.000000 0.468587 0.468587 0.259214 0.065159 0.000931 0.000013 0.000000
5964.0 1.000000 1.000000 1.000000 1.000000 1.000000 0.468366 0.468366 0.258972 0.065024 0.000937 0.000013 0.000000
5965.0 1.000000 1.000000 1.000000 1.000000 1.000000 0.468146 0.468146 0.258730 0.064890 0.000943 0.000013 0.000000
5966.0 1.000000 1.000000 1.000000 1.000000 1.000000 0.467926 0.467926 0.258488 0.064756 0.000949 0.000013 0.000000
5967.0 1.000000 1.000000 1.000000 1.000000 1.000000 0.467705 0.467705 0.258247 0.064622 0.000955 0.000014 0.000000
5968.0 1.000000 1.000000 1.000000 1.000000 1.000000 0.467485 0.467485 0.258005 0.066906 0.000962 0.000014 0.000000
5969.0 1.000000 1.000000 1.000000 1.000000 1.000000 0.467264 0.467264 0.257764 0.066770 0.000968 0.000014 0.000000
5970.0 1.000000 1.000000 1.000000 1.000000 1.000000 0.467044 0.467044 0.257522 0.066634 0.000974 0.000014 0.000000
5971.0 1.000000 1.000000 1.000000 1.000000 1.000000 0.466824 0.466824 0.257281 0.066498 0.000981 0.000014 0.000000
5972.0 1.000000 1.000000 1.000000 1.000000 1.000000 0.466603 0.466603 0.257040 0.066362 0.000987 0.000014 0.000000
5973.0 1.000000 1.000000 1.000000 1.000000 1.000000 0.466383 0.466383 0.256799 0.066226 0.000993 0.000014 0.000000
5974.0 1.000000 1.000000 1.000000 1.000000 1.000000 0.466163 0.466163 0.256558 0.066091 0.001000 0.000014 0.000000
5975.0 1.000000 1.000000 1.000000 1.000000 1.000000 0.465942 0.465942 0.256317 0.065955 0.001006 0.000014 0.000000
5976.0 1.000000 1.000000 1.000000 1.000000 1.000000 0.465722 0.465722 0.256076 0.069047 0.001013 0.000014 0.000000
5977.0 1.000000 1.000000 1.000000 1.000000 1.000000 0.465502 0.465502 0.255835 0.068908 0.001020 0.000014 0.000000
5978.0 1.000000 1.000000 1.000000 1.000000 1.000000 0.465281 0.465281 0.255595 0.068769 0.001026 0.000014 0.000000
5979.0 1.000000 1.000000 1.000000 1.000000 1.000000 0.465061 0.465061 0.255354 0.068631 0.001033 0.000014 0.000000
5980.0 1.000000 1.000000 1.000000 1.000000 1.000000 0.464841 0.464841 0.255114 0.068492 0.001040 0.000015 0.000000
5981.0 1.000000 1.000000 1.000000 1.000000 1.000000 0.464620 0.464620 0.254873 0.068354 0.001046 0.000015 0.000000
5982.0 1.000000 1.000000 1.000000 1.000000 1.000000 0.464400 0.464400 0.254633 0.068216 0.001053 0.000015 0.000000
5983.0 1.000000 1.000000 1.000000 1.000000 1.000000 0.464180 0.464180 0.254393 0.068079 0.001060 0.000015 0.000000
5984.0 1.000000 1.000000 1.000000 1.000000 1.000000 0.463959 0.463959 0.254153 0.067941 0.001067 0.000015 0.000000
5985.0 1.000000 1.000000 1.000000 1.000000 1.000000 0.463739 0.463739 0.253913 0.067804 0.001074 0.000015 0.000000
5986.0 1.000000 1.000000 1.000000 1.000000 1.000000 0.463519 0.463519 0.253673 0.067666 0.001081 0.000015 0.000000
5987.0 1.000000 1.000000 1.000000 1.000000 1.000000 0.463298 0.463298 0.253433 0.071981 0.001088 0.000015 0.000000
5988.0 1.000000 1.000000 1.000000 1.000000 1.000000 0.463078 0.463078 0.253194 0.071839 0.001095 0.000015 0.000000
5989.0 1.000000 1.000000 1.000000 1.000000 1.000000 0.462858 0.462858 0.252954 0.071697 0.001103 0.000015 0.000000
5990.0 1.000000 1.000000 1.000000 1.000000 1.000000 0.462638 0.462638 0.252715 0.071555 0.001110 0.000015 0.000000
5991.0 1.000000 1.000000 1.000000 1.000000 1.000000 0.462417 0.462417 0.252476 0.071414 0.001117 0.000015 0.000000
5992.0 1.000000 1.000000 1.000000 1.000000 1.000000 0.462197 0.462197 0.252236 0.071272 0.001124 0.000015 0.000000
5993.0 1.000000 1.000000 1.000000 1.000000 1.000000 0.461977 0.461977 0.251997 0.071131 0.001132 0.000016 0.000000
5994.0 1.000000 1.000000 1.000000 1.000000 1.000000 0.461757 0.461757 0.251758 0.070990 0.001139 0.000016 0.000000
5995.0 1.000000 1.000000 1.000000 1.000000 1.000000 0.461536 0.461536 0.251519 0.070850 0.001147 0.000016 0.000000
5996.0 1.000000 1.000000 1.000000 1.000000 1.000000 0.461316 0.461316 0.251280 0.070709 0.001154 0.000016 0.000000
5997.0 1.000000 1.000000 1.000000 1.000000 1.000000 0.461096 0.461096 0.251042 0.070569 0.001162 0.000016 0.000000
5998.0 1.000000 1.000000 1.000000 1.000000 1.000000 0.460876 0.460876 0.250803 0.070429 0.001170 0.000016 0.000000
5999.0 1.000000 1.000000 1.000000 1.000000 1.000000 0.460655 0.460655 0.250564 0.070289 0.001177 0.000016 0.000000
6000.0 1.000000 1.000000 1.000000 1.000000 1.000000 0.460435 0.460435 0.250326 0.070149 0.001185 0.000016 0.000000
6001.0 1.000000 1.000000 1.000000 1.000000 1.000000 0.460215 0.460215 0.250088 0.076431 0.001193 0.000016 0.000000
6002.0 1.000000 1.000000 1.000000 1.000000 1.000000 0.459995 0.459995 0.249850 0.076284 0.001201 0.000016 0.000000
6003.0 1.000000 1.000000 1.000000 1.000000 1.000000 0.459775 0.459775 0.249611 0.076137 0.001209 0.000016 0.000000
6004.0 1.000000 1.000000 1.000000 1.000000 1.000000 0.459554 0.459554 0.249373 0.075991 0.001217 0.000016 0.000000
6005.0 1.000000 1.000000 1.000000 1.000000 1.000000 0.459334 0.459334 0.249135 0.075845 0.001225 0.000017 0.000000
6006.0 1.000000 1.000000 1.000000 1.000000 1.000000 0.459114 0.459114 0.248898 0.075699 0.001233 0.000017 0.000000
6007.0 1.000000 1.000000 1.000000 1.000000 1.000000 0.458894 0.458894 0.248660 0.075553 0.001241 0.000017 0.000000
6008.0 1.000000 1.000000 1.000000 1.000000 1.000000 0.458674 0.458674 0.248422 0.075407 0.001249 0.000017 0.000000
6009.0 1.000000 1.000000 1.000000 1.000000 1.000000 0.458453 0.458453 0.248185 0.075262 0.001258 0.000017 0.000000
6010.0 1.000000 1.000000 1.000000 1.000000 1.000000 0.458233 0.458233 0.247947 0.075117 0.001266 0.000017 0.000000
6011.0 1.000000 1.000000 1.000000 1.000000 1.000000 0.458013 0.458013 0.247710 0.074972 0.001275 0.000017 0.000000
6012.0 1.000000 1.000000 1.000000 1.000000 1.000000 0.457793 0.457793 0.247473 0.074827 0.001283 0.000017 0.000000
6013.0 1.000000 1.000000 1.000000 1.000000 1.000000 0.457573 0.457573 0.247236 0.074682 0.001292 0.000017 0.000000
6014.0 1.000000 1.000000 1.000000 1.000000 1.000000 0.457353 0.457353 0.246999 0.074538 0.001300 0.000017 0.000000
6015.0 1.000000 1.000000 1.000000 1.000000 1.000000 0.457133 0.457133 0.246762 0.074393 0.001309 0.000017 0.000000
6016.0 1.000000 1.000000 1.000000 1.000000 1.000000 0.456912 0.456912 0.246525 0.074249 0.001318 0.000018 0.000000
6017.0 1.000000 1.000000 1.000000 1.000000 1.000000 0.456692 0.456692 0.246288 0.074105 0.001326 0.000018 0.000000
6018.0 1.000000 1.000000 1.000000 1.000000 1.000000 0.456472 0.456472 0.246052 0.073962 0.001335 0.000018 0.000000
6019.0 1.000000 1.000000 1.000000 1.000000 1.000000 0.456252 0.456252 0.245815 0.073818 0.001344 0.000018 0.000000
6020.0 1.000000 1.000000 1.000000 1.000000 1.000000 0.456032 0.456032 0.245579 0.073675 0.001353 0.000018 0.000000
6021.0 1.000000 1.000000 1.000000 1.000000 1.000000 0.455812 0.455812 0.245343 0.082569 0.001362 0.000018 0.000000
6022.0 1.000000 1.000000 1.000000 1.000000 1.000000 0.455592 0.455592 0.245106 0.082416 0.001371 0.000018 0.000000
6023.0 1.000000 1.000000 1.000000 1.000000 1.000000 0.455372 0.455372 0.244870 0.082263 0.001380 0.000018 0.000000
6024.0 1.000000 1.000000 1.000000 1.000000 1.000000 0.455152 0.455152 0.244634 0.082111 0.001390 0.000018 0.000000
6025.0 1.000000 1.000000 1.000000 1.000000 1.000000 0.454932 0.454932 0.244398 0.081958 0.001399 0.000018 0.000000
6026.0 1.000000 1.000000 1.000000 1.000000 1.000000 0.454712 0.454712 0.244163 0.081806 0.001408 0.000019 0.000000
6027.0 1.000000 1.000000 1.000000 1.000000 1.000000 0.454492 0.454492 0.243927 0.081654 0.001418 0.000019 0.000000
6028.0 1.000000 1.000000 1.000000 1.000000 1.000000 0.454272 0.454272 0.243691 0.081503 0.001427 0.000019 0.000000
6029.0 1.000000 1.000000 1.000000 1.000000 1.000000 0.454052 0.454052 0.243456 0.081351 0.001437 0.000019 0.000000
6030.0 1.000000 1.000000 1.000000 1.000000 1.000000 0.453832 0.453832 0.243220 0.081200 0.001447 0.000019 0.000000
6031.0 1.000000 1.000000 1.000000 1.000000 1.000000 0.453612 0.453612 0.242985 0.081049 0.001456 0.000019 0.000000
6032.0 1.000000 1.000000 1.000000 1.000000 1.000000 0.453392 0.453392 0.242750 0.080898 0.001466 0.000019 0.000000
6033.0 1.000000 1.000000 1.000000 1.000000 1.000000 0.453172 0.453172 0.242515 0.080747 0.001476 0.000019 0.000000
6034.0 1.000000 1.000000 1.000000 1.000000 1.000000 0.452952 0.452952 0.242280 0.080596 0.001486 0.000019 0.000000
6035.0 1.000000 1.000000 1.000000 1.000000 1.000000 0.452732 0.452732 0.242045 0.080446 0.001496 0.000019 0.000000
6036.0 1.000000 1.000000 1.000000 1.000000 1.000000 0.452512 0.452512 0.241810 0.080296 0.001506 0.000020 0.000000
6037.0 1.000000 1.000000 1.000000 1.000000 1.000000 0.452292 0.452292 0.241576 0.080145 0.001516 0.000020 0.000000
6038.0 1.000000 1.000000 1.000000 1.000000 1.000000 0.452072 0.452072 0.241341 0.079996 0.001526 0.000020 0.000000
6039.0 1.000000 1.000000 1.000000 1.000000 1.000000 0.451852 0.451852 0.241107 0.079846 0.001537 0.000020 0.000000
6040.0 1.000000 1.000000 1.000000 1.000000 1.000000 0.451632 0.451632 0.240873 0.079697 0.001547 0.000020 0.000000
6041.0 1.000000 1.000000 1.000000 1.000000 1.000000 0.451412 0.451412 0.240638 0.079547 0.001557 0.000020 0.000000
6042.0 1.000000 1.000000 1.000000 1.000000 1.000000 0.451192 0.451192 0.240404 0.079398 0.001568 0.000020 0.000000
6043.0 1.000000 1.000000 1.000000 1.000000 1.000000 0.450972 0.450972 0.240170 0.079249 0.001579 0.000020 0.000000
6044.0 1.000000 1.000000 1.000000 1.000000 1.000000 0.450753 0.450753 0.239936 0.079100 0.001589 0.000020 0.000000
6045.0 1.000000 1.000000 1.000000 1.000000 1.000000 0.450533 0.450533 0.239703 0.078952 0.001600 0.000021 0.000000
6046.0 1.000000 1.000000 1.000000 1.000000 1.000000 0.450313 0.450313 0.239469 0.078804 0.001611 0.000021 0.000000
6047.0 1.000000 1.000000 1.000000 1.000000 1.000000 0.450093 0.450093 0.239235 0.078655 0.001622 0.000021 0.000000
6048.0 1.000000 1.000000 1.000000 1.000000 1.000000 0.449873 0.449873 0.239002 0.078507 0.001633 0.000021 0.000000
6049.0 1.000000 1.000000 1.000000 1.000000 1.000000 0.449653 0.449653 0.238768 0.078360 0.001644 0.000021 0.000000
6050.0 1.000000 1.000000 1.000000 1.000000 1.000000 0.449433 0.449433 0.238535 0.091584 0.001655 0.000021 0.000000
6051.0 1.000000 1.000000 1.000000 1.000000 1.000000 0.449214 0.449214 0.238302 0.091422 0.001666 0.000021 0.000000
6052.0 1.000000 1.000000 1.000000 1.000000 1.000000 0.448994 0.448994 0.238069 0.091262 0.001677 0.000021 0.000000
6053.0 1.000000 1.000000 1.000000 1.000000 1.000000 0.448774 0.448774 0.237836 0.091101 0.001689 0.000021 0.000000
6054.0 1.000000 1.000000 1.000000 1.000000 1.000000 0.448554 0.448554 0.237603 0.090940 0.001700 0.000022 0.000000
6055.0 1.000000 1.000000 1.000000 1.000000 1.000000 0.448334 0.448334 0.237370 0.090780 0.001712 0.000022 0.000000
6056.0 1.000000 1.000000 1.000000 1.000000 1.000000 0.448115 0.448115 0.237138 0.090620 0.001724 0.000022 0.000000
6057.0 1.000000 1.000000 1.000000 1.000000 1.000000 0.447895 0.447895 0.236905 0.090460 0.001735 0.000022 0.000000
6058.0 1.000000 1.000000 1.000000 1.000000 1.000000 0.447675 0.447675 0.236673 0.090300 0.001747 0.000022 0.000000
6059.0 1.000000 1.000000 1.000000 1.000000 1.000000 0.447455 0.447455 0.236440 0.090140 0.001759 0.000022 0.000000
6060.0 1.000000 1.000000 1.000000 1.000000 1.000000 0.447236 0.447236 0.236208 0.089981 0.001771 0.000022 0.000000
6061.0 1.000000 1.000000 1.000000 1.000000 1.000000 0.447016 0.447016 0.235976 0.089822 0.001783 0.000022 0.000000
6062.0 1.000000 1.000000 1.000000 1.000000 1.000000 0.446796 0.446796 0.235744 0.089663 0.001795 0.000023 0.000000
6063.0 1.000000 1.000000 1.000000 1.000000 1.000000 0.446577 0.446577 0.235512 0.089504 0.001808 0.000023 0.000000
6064.0 1.000000 1.000000 1.000000 1.000000 1.000000 0.446357 0.446357 0.235280 0.089345 0.001820 0.000023 0.000000
6065.0 1.000000 1.000000 1.000000 1.000000 1.000000 0.446137 0.446137 0.235049 0.089187 0.001832 0.000023 0.000000
6066.0 1.000000 1.000000 1.000000 1.000000 1.000000 0.445918 0.445918 0.234817 0.089028 0.001845 0.000023 0.000000
6067.0 1.000000 1.000000 1.000000 1.000000 1.000000 0.445698 0.445698 0.234585 0.088870 0.001858 0.000023 0.000000
6068.0 1.000000 1.000000 1.000000 1.000000 1.000000 0.445478 0.445478 0.234354 0.088712 0.001870 0.000023 0.000000
6069.0 1.000000 1.000000 1.000000 1.000000 1.000000 0.445259 0.445259 0.234123 0.088554 0.001883 0.000023 0.000000
6070.0 1.000000 1.000000 1.000000 1.000000 1.000000 0.445039 0.445039 0.233892 0.088397 0.001896 0.000024 0.000000
6071.0 1.000000 1.000000 1.000000 1.000000 1.000000 0.444819 0.444819 0.233661 0.088239 0.001909 0.000024 0.000000
6072.0 1.000000 1.000000 1.000000 1.000000 1.000000 0.444600 0.444600 0.233430 0.088082 0.001922 0.000024 0.000000
6073.0 1.000000 1.000000 1.000000 1.000000 1.000000 0.444380 0.444380 0.233199 0.087925 0.001935 0.000024 0.000000
6074.0 1.000000 1.000000 1.000000 1.000000 1.000000 0.444161 0.444161 0.232968 0.087768 0.001949 0.000024 0.000000
6075.0 1.000000 1.000000 1.000000 1.000000 1.000000 0.443941 0.443941 0.232738 0.087612 0.001962 0.000024 0.000000
6076.0 1.000000 1.000000 1.000000 1.000000 1.000000 0.443721 0.443721 0.232507 0.087455 0.001976 0.000024 0.000000
6077.0 1.000000 1.000000 1.000000 1.000000 1.000000 0.443502 0.443502 0.232277 0.087299 0.001989 0.000024 0.000000
6078.0 1.000000 1.000000 1.000000 1.000000 1.000000 0.443282 0.443282 0.232046 0.087143 0.002003 0.000025 0.000000
6079.0 1.000000 1.000000 1.000000 1.000000 1.000000 1.000000 0.444425 0.232529 0.087254 0.002023 0.000025 0.000000
6080.0 1.000000 1.000000 1.000000 1.000000 1.000000 1.000000 0.444158 0.232273 0.087089 0.002037 0.000025 0.000000
6081.0 1.000000 1.000000 1.000000 1.000000 1.000000 1.000000 0.443891 0.232018 0.086923 0.002051 0.000025 0.000000
6082.0 1.000000 1.000000 1.000000 1.000000 1.000000 1.000000 0.443624 0.231764 0.086758 0.002064 0.000025 0.000000
6083.0 1.000000 1.000000 1.000000 1.000000 1.000000 1.000000 0.443357 0.231509 0.086594 0.002078 0.000025 0.000000
6084.0 1.000000 1.000000 1.000000 1.000000 1.000000 1.000000 0.443091 0.231254 0.086429 0.002093 0.000026 0.000000
6085.0 1.000000 1.000000 1.000000 1.000000 1.000000 1.000000 0.442824 0.231000 0.086265 0.002107 0.000026 0.000000
6086.0 1.000000 1.000000 1.000000 1.000000 1.000000 1.000000 0.442557 0.230745 0.086101 0.002121 0.000026 0.000000
6087.0 1.000000 1.000000 1.000000 1.000000 1.000000 1.000000 0.442290 0.230491 0.085937 0.002136 0.000026 0.000000
6088.0 1.000000 1.000000 1.000000 1.000000 1.000000 1.000000 0.442024 0.230237 0.085773 0.002150 0.000026 0.000000
6089.0 1.000000 1.000000 1.000000 1.000000 1.000000 1.000000 0.441757 0.229983 0.085609 0.002165 0.000026 0.000000
6090.0 1.000000 1.000000 1.000000 1.000000 1.000000 1.000000 0.441490 0.229729 0.085446 0.002180 0.000026 0.000000
6091.0 1.000000 1.000000 1.000000 1.000000 1.000000 1.000000 0.441223 0.229475 0.085283 0.002195 0.000027 0.000000
6092.0 1.000000 1.000000 1.000000 1.000000 1.000000 1.000000 0.440957 0.229222 0.085120 0.002210 0.000027 0.000000
6093.0 1.000000 1.000000 1.000000 1.000000 1.000000 1.000000 0.440690 0.228968 0.084957 0.002225 0.000027 0.000000
6094.0 1.000000 1.000000 1.000000 1.000000 1.000000 1.000000 0.440423 0.228715 0.084795 0.002240 0.000027 0.000000
6095.0 1.000000 1.000000 1.000000 1.000000 1.000000 1.000000 0.440157 0.228462 0.084633 0.002255 0.000027 0.000000
6096.0 1.000000 1.000000 1.000000 1.000000 1.000000 1.000000 0.439890 0.228209 0.107726 0.002271 0.000027 0.000000
6097.0 1.000000 1.000000 1.000000 1.000000 1.000000 1.000000 0.439623 0.227956 0.107544 0.002286 0.000027 0.000000
6098.0 1.000000 1.000000 1.000000 1.000000 1.000000 1.000000 0.439357 0.227703 0.107362 0.002302 0.000028 0.000000
6099.0 1.000000 1.000000 1.000000 1.000000 1.000000 1.000000 0.439090 0.227450 0.107180 0.002318 0.000028 0.000000
6100.0 1.000000 1.000000 1.000000 1.000000 1.000000 1.000000 0.438823 0.227198 0.106999 0.002334 0.000028 0.000000
6101.0 1.000000 1.000000 1.000000 1.000000 1.000000 1.000000 0.438557 0.226945 0.106817 0.002350 0.000028 0.000000
6102.0 1.000000 1.000000 1.000000 1.000000 1.000000 1.000000 0.438290 0.226693 0.106636 0.002366 0.000028 0.000000
6103.0 1.000000 1.000000 1.000000 1.000000 1.000000 1.000000 0.438024 0.226441 0.106455 0.002382 0.000028 0.000000
6104.0 1.000000 1.000000 1.000000 1.000000 1.000000 1.000000 0.437757 0.226189 0.106275 0.002398 0.000028 0.000000
6105.0 1.000000 1.000000 1.000000 1.000000 1.000000 1.000000 0.437490 0.225937 0.106094 0.002415 0.000029 0.000000
6106.0 1.000000 1.000000 1.000000 1.000000 1.000000 1.000000 0.437224 0.225685 0.105914 0.002431 0.000029 0.000000
6107.0 1.000000 1.000000 1.000000 1.000000 1.000000 1.000000 0.436957 0.225434 0.105733 0.002448 0.000029 0.000000
6108.0 1.000000 1.000000 1.000000 1.000000 1.000000 1.000000 0.436691 0.225182 0.105554 0.002465 0.000029 0.000000
6109.0 1.000000 1.000000 1.000000 1.000000 1.000000 1.000000 0.436424 0.224931 0.105374 0.002482 0.000029 0.000000
6110.0 1.000000 1.000000 1.000000 1.000000 1.000000 1.000000 0.436157 0.224680 0.105194 0.002499 0.000029 0.000000
6111.0 1.000000 1.000000 1.000000 1.000000 1.000000 1.000000 0.435891 0.224429 0.105015 0.002516 0.000030 0.000000
6112.0 1.000000 1.000000 1.000000 1.000000 1.000000 1.000000 0.435624 0.224178 0.104836 0.002534 0.000030 0.000000
6113.0 1.000000 1.000000 1.000000 1.000000 1.000000 1.000000 0.435358 0.223927 0.104657 0.002551 0.000030 0.000000
6114.0 1.000000 1.000000 1.000000 1.000000 1.000000 1.000000 0.435091 0.223676 0.104478 0.002569 0.000030 0.000000
6115.0 1.000000 1.000000 1.000000 1.000000 1.000000 1.000000 0.434825 0.223426 0.104299 0.002587 0.000030 0.000000
6116.0 1.000000 1.000000 1.000000 1.000000 1.000000 1.000000 0.434559 0.223175 0.104121 0.002604 0.000030 0.000000
6117.0 1.000000 1.000000 1.000000 1.000000 1.000000 1.000000 0.434292 0.222925 0.103943 0.002622 0.000031 0.000000
6118.0 1.000000 1.000000 1.000000 1.000000 1.000000 1.000000 0.434026 0.222675 0.103765 0.002641 0.000031 0.000000
6119.0 1.000000 1.000000 1.000000 1.000000 1.000000 1.000000 0.433759 0.222425 0.103587 0.002659 0.000031 0.000000
6120.0 1.000000 1.000000 1.000000 1.000000 1.000000 1.000000 0.433493 0.222175 0.103409 0.002677 0.000031 0.000000
6121.0 1.000000 1.000000 1.000000 1.000000 1.000000 1.000000 0.433226 0.221925 0.103232 0.002696 0.000031 0.000000
6122.0 1.000000 1.000000 1.000000 1.000000 1.000000 1.000000 0.432960 0.221676 0.103055 0.002715 0.000031 0.000000
6123.0 1.000000 1.000000 1.000000 1.000000 1.000000 1.000000 0.432693 0.221426 0.102878 0.002733 0.000032 0.000000
6124.0 1.000000 1.000000 1.000000 1.000000 1.000000 1.000000 0.432427 0.221177 0.102701 0.002752 0.000032 0.000000
6125.0 1.000000 1.000000 1.000000 1.000000 1.000000 1.000000 0.432161 0.220928 0.102525 0.002772 0.000032 0.000000
6126.0 1.000000 1.000000 1.000000 1.000000 1.000000 1.000000 0.431894 0.220679 0.102348 0.002791 0.000032 0.000000
6127.0 1.000000 1.000000 1.000000 1.000000 1.000000 1.000000 0.431628 0.220430 0.102172 0.002810 0.000032 0.000000
6128.0 1.000000 1.000000 1.000000 1.000000 1.000000 1.000000 0.431361 0.220181 0.101996 0.002830 0.000033 0.000000
6129.0 1.000000 1.000000 1.000000 1.000000 1.000000 1.000000 0.431095 0.219933 0.101820 0.002849 0.000033 0.000000
6130.0 1.000000 1.000000 1.000000 1.000000 1.000000 1.000000 0.430829 0.219684 0.101645 0.002869 0.000033 0.000000
6131.0 1.000000 1.000000 1.000000 1.000000 1.000000 1.000000 0.430563 0.219436 0.101469 0.002889 0.000033 0.000000
6132.0 1.000000 1.000000 1.000000 1.000000 1.000000 1.000000 0.430296 0.219187 0.101294 0.002909 0.000033 0.000000
6133.0 1.000000 1.000000 1.000000 1.000000 1.000000 1.000000 0.430030 0.218939 0.101119 0.002930 0.000033 0.000000
6134.0 1.000000 1.000000 1.000000 1.000000 1.000000 1.000000 0.429764 0.218691 0.100944 0.002950 0.000034 0.000000
6135.0 1.000000 1.000000 1.000000 1.000000 1.000000 1.000000 0.429498 0.218444 0.100770 0.002971 0.000034 0.000000
6136.0 1.000000 1.000000 1.000000 1.000000 1.000000 1.000000 0.429231 0.218196 0.100595 0.002991 0.000034 0.000000
6137.0 1.000000 1.000000 1.000000 1.000000 1.000000 1.000000 0.428965 0.217948 0.100421 0.003012 0.000034 0.000000
6138.0 1.000000 1.000000 1.000000 1.000000 1.000000 1.000000 0.428699 0.217701 0.100247 0.003033 0.000034 0.000000
6139.0 1.000000 1.000000 1.000000 1.000000 1.000000 1.000000 0.428433 0.217454 0.100073 0.003055 0.000035 0.000000
6140.0 1.000000 1.000000 1.000000 1.000000 1.000000 1.000000 0.428166 0.217207 0.099900 0.003076 0.000035 0.000000
6141.0 1.000000 1.000000 1.000000 1.000000 1.000000 1.000000 0.427900 0.216960 0.099726 0.003098 0.000035 0.000000
6142.0 1.000000 1.000000 1.000000 1.000000 1.000000 1.000000 0.427634 0.216713 0.099553 0.003119 0.000035 0.000000
6143.0 1.000000 1.000000 1.000000 1.000000 1.000000 1.000000 0.427368 0.216466 0.099380 0.003141 0.000035 0.000000
6144.0 1.000000 1.000000 1.000000 1.000000 1.000000 1.000000 0.427102 0.216219 0.099207 0.003163 0.000036 0.000000
6145.0 1.000000 1.000000 1.000000 1.000000 1.000000 1.000000 0.426836 0.215973 0.099035 0.003185 0.000036 0.000000
6146.0 1.000000 1.000000 1.000000 1.000000 1.000000 1.000000 0.426570 0.215727 0.098862 0.003208 0.000036 0.000000
6147.0 1.000000 1.000000 1.000000 1.000000 1.000000 1.000000 0.426303 0.215480 0.098690 0.003230 0.000036 0.000000
6148.0 1.000000 1.000000 1.000000 1.000000 1.000000 1.000000 0.426037 0.215234 0.098518 0.003253 0.000036 0.000000
6149.0 1.000000 1.000000 1.000000 1.000000 1.000000 1.000000 0.425771 0.214988 0.098346 0.003276 0.000037 0.000000
6150.0 1.000000 1.000000 1.000000 1.000000 1.000000 1.000000 0.425505 0.214743 0.098175 0.003299 0.000037 0.000000
6151.0 1.000000 1.000000 1.000000 1.000000 1.000000 1.000000 0.425239 0.214497 0.098003 0.003322 0.000037 0.000000
6152.0 1.000000 1.000000 1.000000 1.000000 1.000000 1.000000 0.424973 0.214252 0.097832 0.003345 0.000037 0.000000
6153.0 1.000000 1.000000 1.000000 1.000000 1.000000 1.000000 0.424707 0.214006 0.097661 0.003369 0.000037 0.000000
6154.0 1.000000 1.000000 1.000000 1.000000 1.000000 1.000000 0.424441 0.213761 0.097490 0.003393 0.000038 0.000000
6155.0 1.000000 1.000000 1.000000 1.000000 1.000000 1.000000 0.424175 0.424175 0.097320 0.003417 0.000038 0.000000
6156.0 1.000000 1.000000 1.000000 1.000000 1.000000 1.000000 0.423909 0.423909 0.097149 0.003441 0.000038 0.000000
6157.0 1.000000 1.000000 1.000000 1.000000 1.000000 1.000000 0.423643 0.423643 0.096979 0.003465 0.000038 0.000000
6158.0 1.000000 1.000000 1.000000 1.000000 1.000000 1.000000 0.423377 0.423377 0.096809 0.003489 0.000039 0.000001
6159.0 1.000000 1.000000 1.000000 1.000000 1.000000 1.000000 0.423112 0.423112 0.096639 0.003514 0.000039 0.000001
6160.0 1.000000 1.000000 1.000000 1.000000 1.000000 1.000000 0.422846 0.422846 0.096469 0.003539 0.000039 0.000001
6161.0 1.000000 1.000000 1.000000 1.000000 1.000000 1.000000 0.422580 0.422580 0.096300 0.003564 0.000039 0.000001
6162.0 1.000000 1.000000 1.000000 1.000000 1.000000 1.000000 0.422314 0.422314 0.096131 0.003589 0.000039 0.000001
6163.0 1.000000 1.000000 1.000000 1.000000 1.000000 1.000000 0.422048 0.422048 0.095962 0.003615 0.000040 0.000001
6164.0 1.000000 1.000000 1.000000 1.000000 1.000000 1.000000 0.421782 0.421782 0.095793 0.003640 0.000040 0.000001
6165.0 1.000000 1.000000 1.000000 1.000000 1.000000 1.000000 0.421517 0.421517 0.095624 0.003666 0.000040 0.000001
6166.0 1.000000 1.000000 1.000000 1.000000 1.000000 1.000000 0.421251 0.421251 0.095456 0.003692 0.000040 0.000001
6167.0 1.000000 1.000000 1.000000 1.000000 1.000000 1.000000 0.420985 0.420985 0.095288 0.003718 0.000041 0.000001
6168.0 1.000000 1.000000 1.000000 1.000000 1.000000 1.000000 0.420719 0.420719 0.095119 0.003744 0.000041 0.000001
6169.0 1.000000 1.000000 1.000000 1.000000 1.000000 1.000000 0.420453 0.420453 0.094952 0.003771 0.000041 0.000001
6170.0 1.000000 1.000000 1.000000 1.000000 1.000000 1.000000 0.420188 0.420188 0.094784 0.003798 0.000041 0.000001
6171.0 1.000000 1.000000 1.000000 1.000000 1.000000 1.000000 0.419922 0.419922 0.094617 0.003825 0.000042 0.000001
6172.0 1.000000 1.000000 1.000000 1.000000 1.000000 1.000000 0.419656 0.419656 0.094449 0.003852 0.000042 0.000001
6173.0 1.000000 1.000000 1.000000 1.000000 1.000000 1.000000 0.419391 0.419391 0.094282 0.003879 0.000042 0.000001
6174.0 1.000000 1.000000 1.000000 1.000000 1.000000 1.000000 0.419125 0.419125 0.131907 0.003907 0.000042 0.000001
6175.0 1.000000 1.000000 1.000000 1.000000 1.000000 1.000000 0.418859 0.418859 0.131708 0.003935 0.000042 0.000001
6176.0 1.000000 1.000000 1.000000 1.000000 1.000000 1.000000 0.418594 0.418594 0.131509 0.003963 0.000043 0.000001
6177.0 1.000000 1.000000 1.000000 1.000000 1.000000 1.000000 0.418328 0.418328 0.131311 0.003991 0.000043 0.000001
6178.0 1.000000 1.000000 1.000000 1.000000 1.000000 1.000000 0.418063 0.418063 0.131113 0.004020 0.000043 0.000001
6179.0 1.000000 1.000000 1.000000 1.000000 1.000000 1.000000 0.417797 0.417797 0.130915 0.004048 0.000043 0.000001
6180.0 1.000000 1.000000 1.000000 1.000000 1.000000 1.000000 0.417531 0.417531 0.130717 0.004077 0.000044 0.000001
6181.0 1.000000 1.000000 1.000000 1.000000 1.000000 1.000000 0.417266 0.417266 0.130519 0.004106 0.000044 0.000001
6182.0 1.000000 1.000000 1.000000 1.000000 1.000000 1.000000 0.417000 0.417000 0.130322 0.004136 0.000044 0.000001
6183.0 1.000000 1.000000 1.000000 1.000000 1.000000 1.000000 0.416735 0.416735 0.130124 0.004165 0.000044 0.000001
6184.0 1.000000 1.000000 1.000000 1.000000 1.000000 1.000000 0.416469 0.416469 0.129927 0.004195 0.000045 0.000001
6185.0 1.000000 1.000000 1.000000 1.000000 1.000000 1.000000 0.416204 0.416204 0.129730 0.004225 0.000045 0.000001
6186.0 1.000000 1.000000 1.000000 1.000000 1.000000 1.000000 0.415939 0.415939 0.129533 0.004255 0.000045 0.000001
6187.0 1.000000 1.000000 1.000000 1.000000 1.000000 1.000000 0.415673 0.415673 0.129337 0.004286 0.000046 0.000001
6188.0 1.000000 1.000000 1.000000 1.000000 1.000000 1.000000 0.415408 0.415408 0.129141 0.004316 0.000046 0.000001
6189.0 1.000000 1.000000 1.000000 1.000000 1.000000 1.000000 0.415142 0.415142 0.128944 0.004347 0.000046 0.000001
6190.0 1.000000 1.000000 1.000000 1.000000 1.000000 1.000000 0.414877 0.414877 0.128748 0.004378 0.000046 0.000001
6191.0 1.000000 1.000000 1.000000 1.000000 1.000000 1.000000 0.414612 0.414612 0.128552 0.004410 0.000047 0.000001
6192.0 1.000000 1.000000 1.000000 1.000000 1.000000 1.000000 0.414346 0.414346 0.128357 0.004441 0.000047 0.000001
6193.0 1.000000 1.000000 1.000000 1.000000 1.000000 1.000000 0.414081 0.414081 0.128161 0.004473 0.000047 0.000001
6194.0 1.000000 1.000000 1.000000 1.000000 1.000000 1.000000 0.413816 0.413816 0.127966 0.004506 0.000047 0.000001
6195.0 1.000000 1.000000 1.000000 1.000000 1.000000 1.000000 0.413550 0.413550 0.127771 0.004538 0.000048 0.000001
6196.0 1.000000 1.000000 1.000000 1.000000 1.000000 1.000000 0.413285 0.413285 0.127576 0.004571 0.000048 0.000001
6197.0 1.000000 1.000000 1.000000 1.000000 1.000000 1.000000 0.413020 0.413020 0.127381 0.004603 0.000048 0.000001
6198.0 1.000000 1.000000 1.000000 1.000000 1.000000 1.000000 0.412755 0.412755 0.127187 0.004637 0.000049 0.000001
6199.0 1.000000 1.000000 1.000000 1.000000 1.000000 1.000000 0.412490 0.412490 0.126992 0.004670 0.000049 0.000001
6200.0 1.000000 1.000000 1.000000 1.000000 1.000000 1.000000 0.412225 0.412225 0.126798 0.004704 0.000049 0.000001
6201.0 1.000000 1.000000 1.000000 1.000000 1.000000 1.000000 0.411959 0.411959 0.126604 0.004738 0.000049 0.000001
6202.0 1.000000 1.000000 1.000000 1.000000 1.000000 1.000000 0.411694 0.411694 0.126411 0.004772 0.000050 0.000001
6203.0 1.000000 1.000000 1.000000 1.000000 1.000000 1.000000 0.411429 0.411429 0.126217 0.004806 0.000050 0.000001
6204.0 1.000000 1.000000 1.000000 1.000000 1.000000 1.000000 0.411164 0.411164 0.126024 0.004841 0.000050 0.000001
6205.0 1.000000 1.000000 1.000000 1.000000 1.000000 1.000000 0.410899 0.410899 0.125830 0.004876 0.000051 0.000001
6206.0 1.000000 1.000000 1.000000 1.000000 1.000000 1.000000 0.410634 0.410634 0.125637 0.004911 0.000051 0.000001
6207.0 1.000000 1.000000 1.000000 1.000000 1.000000 1.000000 0.410369 0.410369 0.125444 0.004947 0.000051 0.000001
6208.0 1.000000 1.000000 1.000000 1.000000 1.000000 1.000000 0.410104 0.410104 0.125252 0.004982 0.000051 0.000001
6209.0 1.000000 1.000000 1.000000 1.000000 1.000000 1.000000 0.409839 0.409839 0.125059 0.005018 0.000052 0.000001
6210.0 1.000000 1.000000 1.000000 1.000000 1.000000 1.000000 0.409574 0.409574 0.124867 0.005055 0.000052 0.000001
6211.0 1.000000 1.000000 1.000000 1.000000 1.000000 1.000000 0.409309 0.409309 0.124675 0.005091 0.000052 0.000001
6212.0 1.000000 1.000000 1.000000 1.000000 1.000000 1.000000 0.409044 0.409044 0.124483 0.005128 0.000053 0.000001
6213.0 1.000000 1.000000 1.000000 1.000000 1.000000 1.000000 0.408780 0.408780 0.124291 0.005165 0.000053 0.000001
6214.0 1.000000 1.000000 1.000000 1.000000 1.000000 1.000000 0.408515 0.408515 0.124099 0.005203 0.000053 0.000001
6215.0 1.000000 1.000000 1.000000 1.000000 1.000000 1.000000 0.408250 0.408250 0.123908 0.005241 0.000054 0.000001
6216.0 1.000000 1.000000 1.000000 1.000000 1.000000 1.000000 0.407985 0.407985 0.123717 0.005279 0.000054 0.000001
6217.0 1.000000 1.000000 1.000000 1.000000 1.000000 1.000000 0.407720 0.407720 0.123526 0.005317 0.000054 0.000001
6218.0 1.000000 1.000000 1.000000 1.000000 1.000000 1.000000 0.407456 0.407456 0.123335 0.005356 0.000055 0.000001
6219.0 1.000000 1.000000 1.000000 1.000000 1.000000 1.000000 0.407191 0.407191 0.123144 0.005395 0.000055 0.000001
6220.0 1.000000 1.000000 1.000000 1.000000 1.000000 1.000000 0.406926 0.406926 0.122954 0.005434 0.000055 0.000001
6221.0 1.000000 1.000000 1.000000 1.000000 1.000000 1.000000 0.406661 0.406661 0.122763 0.005473 0.000056 0.000001
6222.0 1.000000 1.000000 1.000000 1.000000 1.000000 1.000000 0.406397 0.406397 0.122573 0.005513 0.000056 0.000001
6223.0 1.000000 1.000000 1.000000 1.000000 1.000000 1.000000 0.406132 0.406132 0.122383 0.005553 0.000056 0.000001
6224.0 1.000000 1.000000 1.000000 1.000000 1.000000 1.000000 0.405867 0.405867 0.122194 0.005594 0.000056 0.000001
6225.0 1.000000 1.000000 1.000000 1.000000 1.000000 1.000000 0.405603 0.405603 0.122004 0.005635 0.000057 0.000001
6226.0 1.000000 1.000000 1.000000 1.000000 1.000000 1.000000 0.405338 0.405338 0.121815 0.005676 0.000057 0.000001
6227.0 1.000000 1.000000 1.000000 1.000000 1.000000 1.000000 0.405074 0.405074 0.121625 0.005717 0.000058 0.000001
6228.0 1.000000 1.000000 1.000000 1.000000 1.000000 1.000000 0.404809 0.404809 0.121436 0.005759 0.000058 0.000001
6229.0 1.000000 1.000000 1.000000 1.000000 1.000000 1.000000 0.404545 0.404545 0.121248 0.005801 0.000058 0.000001
6230.0 1.000000 1.000000 1.000000 1.000000 1.000000 1.000000 0.404280 0.404280 0.121059 0.005843 0.000059 0.000001
6231.0 1.000000 1.000000 1.000000 1.000000 1.000000 1.000000 0.404016 0.404016 0.120871 0.005886 0.000059 0.000001
6232.0 1.000000 1.000000 1.000000 1.000000 1.000000 1.000000 0.403751 0.403751 0.120682 0.005929 0.000059 0.000001
6233.0 1.000000 1.000000 1.000000 1.000000 1.000000 1.000000 0.403487 0.403487 0.120494 0.005973 0.000060 0.000001
6234.0 1.000000 1.000000 1.000000 1.000000 1.000000 1.000000 0.403223 0.403223 0.120306 0.006016 0.000060 0.000001
6235.0 1.000000 1.000000 1.000000 1.000000 1.000000 1.000000 0.402958 0.402958 0.120119 0.006060 0.000060 0.000001
6236.0 1.000000 1.000000 1.000000 1.000000 1.000000 1.000000 0.402694 0.402694 0.119931 0.006105 0.000061 0.000001
6237.0 1.000000 1.000000 1.000000 1.000000 1.000000 1.000000 0.402430 0.402430 0.119744 0.006150 0.000061 0.000001
6238.0 1.000000 1.000000 1.000000 1.000000 1.000000 1.000000 0.402165 0.402165 0.119557 0.006195 0.000061 0.000001
6239.0 1.000000 1.000000 1.000000 1.000000 1.000000 1.000000 0.401901 0.401901 0.119370 0.006240 0.000062 0.000001
6240.0 1.000000 1.000000 1.000000 1.000000 1.000000 1.000000 0.401637 0.401637 0.119183 0.006286 0.000062 0.000001
6241.0 1.000000 1.000000 1.000000 1.000000 1.000000 1.000000 0.401373 0.401373 0.118996 0.006332 0.000062 0.000001
6242.0 1.000000 1.000000 1.000000 1.000000 1.000000 1.000000 0.401109 0.401109 0.118810 0.006379 0.000063 0.000001
6243.0 1.000000 1.000000 1.000000 1.000000 1.000000 1.000000 0.400844 0.400844 0.118624 0.006426 0.000063 0.000001
6244.0 1.000000 1.000000 1.000000 1.000000 1.000000 1.000000 0.400580 0.400580 0.118438 0.006473 0.000064 0.000001
6245.0 1.000000 1.000000 1.000000 1.000000 1.000000 1.000000 0.400316 0.400316 0.118252 0.006521 0.000064 0.000001
6246.0 1.000000 1.000000 1.000000 1.000000 1.000000 1.000000 0.400052 0.400052 0.118066 0.006569 0.000064 0.000001
6247.0 1.000000 1.000000 1.000000 1.000000 1.000000 1.000000 0.399788 0.399788 0.117881 0.006617 0.000065 0.000001
6248.0 1.000000 1.000000 1.000000 1.000000 1.000000 1.000000 0.399524 0.399524 0.117695 0.006666 0.000065 0.000001
6249.0 1.000000 1.000000 1.000000 1.000000 1.000000 1.000000 0.399260 0.399260 0.117510 0.006715 0.000066 0.000001
6250.0 1.000000 1.000000 1.000000 1.000000 1.000000 1.000000 0.398996 0.398996 0.117325 0.006765 0.000066 0.000001
6251.0 1.000000 1.000000 1.000000 1.000000 1.000000 1.000000 0.398732 0.398732 0.117141 0.006814 0.000066 0.000001
6252.0 1.000000 1.000000 1.000000 1.000000 1.000000 1.000000 0.398468 0.398468 0.116956 0.006865 0.000067 0.000001
6253.0 1.000000 1.000000 1.000000 1.000000 1.000000 1.000000 0.398204 0.398204 0.116772 0.006916 0.000067 0.000001
6254.0 1.000000 1.000000 1.000000 1.000000 1.000000 1.000000 0.397940 0.397940 0.116587 0.006967 0.000068 0.000001
6255.0 1.000000 1.000000 1.000000 1.000000 1.000000 1.000000 0.397677 0.397677 0.116403 0.007018 0.000068 0.000001
6256.0 1.000000 1.000000 1.000000 1.000000 1.000000 1.000000 0.397413 0.397413 0.116220 0.007070 0.000068 0.000001
6257.0 1.000000 1.000000 1.000000 1.000000 1.000000 1.000000 0.397149 0.397149 0.116036 0.007122 0.000069 0.000001
6258.0 1.000000 1.000000 1.000000 1.000000 1.000000 1.000000 0.396885 0.396885 0.115852 0.007175 0.000069 0.000001
6259.0 1.000000 1.000000 1.000000 1.000000 1.000000 1.000000 0.396622 0.396622 0.115669 0.007228 0.000070 0.000001
6260.0 1.000000 1.000000 1.000000 1.000000 1.000000 1.000000 0.396358 0.396358 0.115486 0.007282 0.000070 0.000001
6261.0 1.000000 1.000000 1.000000 1.000000 1.000000 1.000000 0.396094 0.396094 0.115303 0.007336 0.000070 0.000001
6262.0 1.000000 1.000000 1.000000 1.000000 1.000000 1.000000 0.395830 0.395830 0.115120 0.007390 0.000071 0.000001
6263.0 1.000000 1.000000 1.000000 1.000000 1.000000 1.000000 0.395567 0.395567 0.114938 0.007445 0.000071 0.000001
6264.0 1.000000 1.000000 1.000000 1.000000 1.000000 1.000000 0.395303 0.395303 0.114756 0.007500 0.000072 0.000001
6265.0 1.000000 1.000000 1.000000 1.000000 1.000000 1.000000 0.395040 0.395040 0.114573 0.007556 0.000072 0.000001
6266.0 1.000000 1.000000 1.000000 1.000000 1.000000 1.000000 0.394776 0.394776 0.114391 0.007612 0.000073 0.000001
6267.0 1.000000 1.000000 1.000000 1.000000 1.000000 1.000000 0.394513 0.394513 0.114210 0.007669 0.000073 0.000001
6268.0 1.000000 1.000000 1.000000 1.000000 1.000000 1.000000 0.394249 0.394249 0.114028 0.007726 0.000073 0.000001
6269.0 1.000000 1.000000 1.000000 1.000000 1.000000 1.000000 0.393986 0.393986 0.113847 0.007784 0.000074 0.000001
6270.0 1.000000 1.000000 1.000000 1.000000 1.000000 1.000000 0.393723 0.393723 0.113665 0.007842 0.000074 0.000001
6271.0 1.000000 1.000000 1.000000 1.000000 1.000000 1.000000 0.393459 0.393459 0.113484 0.007900 0.000075 0.000001
6272.0 1.000000 1.000000 1.000000 1.000000 1.000000 1.000000 0.393196 0.393196 0.113303 0.007959 0.000075 0.000001
6273.0 1.000000 1.000000 1.000000 1.000000 1.000000 1.000000 0.392932 0.392932 0.113123 0.008018 0.000076 0.000001
6274.0 1.000000 1.000000 1.000000 1.000000 1.000000 1.000000 0.392669 0.392669 0.112942 0.008078 0.000076 0.000001
6275.0 1.000000 1.000000 1.000000 1.000000 1.000000 1.000000 0.392406 0.392406 0.112762 0.008138 0.000077 0.000001
6276.0 1.000000 1.000000 1.000000 1.000000 1.000000 1.000000 0.392143 0.392143 0.112582 0.008199 0.000077 0.000001
6277.0 1.000000 1.000000 1.000000 1.000000 1.000000 1.000000 0.391879 0.391879 0.112402 0.008260 0.000078 0.000001
6278.0 1.000000 1.000000 1.000000 1.000000 1.000000 1.000000 0.391616 0.391616 0.112222 0.008322 0.000078 0.000001
6279.0 1.000000 1.000000 1.000000 1.000000 1.000000 1.000000 0.391353 0.391353 0.112043 0.008384 0.000079 0.000001
6280.0 1.000000 1.000000 1.000000 1.000000 1.000000 1.000000 0.391090 0.391090 0.111863 0.008447 0.000079 0.000001
6281.0 1.000000 1.000000 1.000000 1.000000 1.000000 1.000000 0.390827 0.390827 0.111684 0.008510 0.000079 0.000001
6282.0 1.000000 1.000000 1.000000 1.000000 1.000000 1.000000 0.390564 0.390564 0.111505 0.008574 0.000080 0.000001
6283.0 1.000000 1.000000 1.000000 1.000000 1.000000 1.000000 0.390301 0.390301 0.111326 0.008638 0.000080 0.000001
6284.0 1.000000 1.000000 1.000000 1.000000 1.000000 1.000000 0.390038 0.390038 0.111147 0.008703 0.000081 0.000001
6285.0 1.000000 1.000000 1.000000 1.000000 1.000000 1.000000 0.389775 0.389775 0.110969 0.008768 0.000081 0.000001
6286.0 1.000000 1.000000 1.000000 1.000000 1.000000 1.000000 0.389512 0.389512 0.110791 0.008834 0.000082 0.000001
6287.0 1.000000 1.000000 1.000000 1.000000 1.000000 1.000000 0.389249 0.389249 0.110613 0.008900 0.000082 0.000001
6288.0 1.000000 1.000000 1.000000 1.000000 1.000000 1.000000 0.388986 0.388986 0.110435 0.008967 0.000083 0.000001
6289.0 1.000000 1.000000 1.000000 1.000000 1.000000 1.000000 0.388723 0.388723 0.110257 0.009035 0.000083 0.000001
6290.0 1.000000 1.000000 1.000000 1.000000 1.000000 1.000000 0.388461 0.388461 0.110079 0.009102 0.000084 0.000001
6291.0 1.000000 1.000000 1.000000 1.000000 1.000000 1.000000 0.388198 0.388198 0.109902 0.009171 0.000084 0.000001
6292.0 1.000000 1.000000 1.000000 1.000000 1.000000 1.000000 0.387935 0.387935 0.109725 0.009240 0.000085 0.000001
6293.0 1.000000 1.000000 1.000000 1.000000 1.000000 1.000000 0.387672 0.387672 0.109548 0.009309 0.000086 0.000001
6294.0 1.000000 1.000000 1.000000 1.000000 1.000000 1.000000 0.387410 0.387410 0.109371 0.009380 0.000086 0.000001
6295.0 1.000000 1.000000 1.000000 1.000000 1.000000 1.000000 0.387147 0.387147 0.109194 0.009450 0.000087 0.000001
6296.0 1.000000 1.000000 1.000000 1.000000 1.000000 1.000000 0.386885 0.386885 0.109018 0.009521 0.000087 0.000001
6297.0 1.000000 1.000000 1.000000 1.000000 1.000000 1.000000 0.386622 0.386622 0.108842 0.009593 0.000088 0.000001
6298.0 1.000000 1.000000 1.000000 1.000000 1.000000 1.000000 0.386359 0.386359 0.108666 0.009666 0.000088 0.000001
6299.0 1.000000 1.000000 1.000000 1.000000 1.000000 1.000000 0.386097 0.386097 0.108490 0.009739 0.000089 0.000001
6300.0 1.000000 1.000000 1.000000 1.000000 1.000000 1.000000 0.385834 0.385834 0.108314 0.009812 0.000089 0.000001
6301.0 1.000000 1.000000 1.000000 1.000000 1.000000 1.000000 0.385572 0.385572 0.108139 0.009886 0.000090 0.000001
6302.0 1.000000 1.000000 1.000000 1.000000 1.000000 1.000000 0.385309 0.385309 0.107963 0.009961 0.000090 0.000001
6303.0 1.000000 1.000000 1.000000 1.000000 1.000000 1.000000 0.385047 0.385047 0.107788 0.010036 0.000091 0.000001
6304.0 1.000000 1.000000 1.000000 1.000000 1.000000 1.000000 0.384785 0.384785 0.107613 0.010112 0.000091 0.000001
6305.0 1.000000 1.000000 1.000000 1.000000 1.000000 1.000000 0.384522 0.384522 0.107438 0.010189 0.000092 0.000001
6306.0 1.000000 1.000000 1.000000 1.000000 1.000000 1.000000 0.384260 0.384260 0.107264 0.010266 0.000093 0.000001
6307.0 1.000000 1.000000 1.000000 1.000000 1.000000 1.000000 0.383998 0.383998 0.107089 0.010344 0.000093 0.000001
6308.0 1.000000 1.000000 1.000000 1.000000 1.000000 1.000000 0.383736 0.383736 0.106915 0.010422 0.000094 0.000001
6309.0 1.000000 1.000000 1.000000 1.000000 1.000000 1.000000 0.383474 0.383474 0.106741 0.010501 0.000094 0.000001
6310.0 1.000000 1.000000 1.000000 1.000000 1.000000 1.000000 0.383211 0.383211 0.106567 0.010581 0.000095 0.000001
6311.0 1.000000 1.000000 1.000000 1.000000 1.000000 1.000000 0.382949 0.382949 0.106394 0.010661 0.000096 0.000001
6312.0 1.000000 1.000000 1.000000 1.000000 1.000000 1.000000 0.382687 0.382687 0.106220 0.010742 0.000096 0.000001
6313.0 1.000000 1.000000 1.000000 1.000000 1.000000 1.000000 0.382425 0.382425 0.106047 0.010823 0.000097 0.000001
6314.0 1.000000 1.000000 1.000000 1.000000 1.000000 1.000000 0.382163 0.382163 0.105874 0.010906 0.000097 0.000001
6315.0 1.000000 1.000000 1.000000 1.000000 1.000000 1.000000 0.381901 0.381901 0.105701 0.010989 0.000098 0.000001
6316.0 1.000000 1.000000 1.000000 1.000000 1.000000 1.000000 0.381639 0.381639 0.105528 0.011072 0.000099 0.000001
6317.0 1.000000 1.000000 1.000000 1.000000 1.000000 1.000000 0.381377 0.381377 0.105355 0.011156 0.000099 0.000001
6318.0 1.000000 1.000000 1.000000 1.000000 1.000000 1.000000 0.381116 0.381116 0.105183 0.011241 0.000100 0.000001
6319.0 1.000000 1.000000 1.000000 1.000000 1.000000 1.000000 0.380854 0.380854 0.105011 0.011327 0.000100 0.000001
6320.0 1.000000 1.000000 1.000000 1.000000 1.000000 1.000000 0.380592 0.380592 0.104839 0.011413 0.000101 0.000001
6321.0 1.000000 1.000000 1.000000 1.000000 1.000000 1.000000 0.380330 0.380330 0.104667 0.011500 0.000102 0.000001
6322.0 1.000000 1.000000 1.000000 1.000000 1.000000 1.000000 0.380068 0.380068 0.174613 0.011588 0.000102 0.000001
6323.0 1.000000 1.000000 1.000000 1.000000 1.000000 1.000000 0.379807 0.379807 0.174393 0.011676 0.000103 0.000001
6324.0 1.000000 1.000000 1.000000 1.000000 1.000000 1.000000 0.379545 0.379545 0.174172 0.011765 0.000104 0.000001
6325.0 1.000000 1.000000 1.000000 1.000000 1.000000 1.000000 0.379283 0.379283 0.173952 0.011855 0.000104 0.000001
6326.0 1.000000 1.000000 1.000000 1.000000 1.000000 1.000000 0.379022 0.379022 0.173732 0.011946 0.000105 0.000001
6327.0 1.000000 1.000000 1.000000 1.000000 1.000000 1.000000 0.378760 0.378760 0.173512 0.012037 0.000105 0.000001
6328.0 1.000000 1.000000 1.000000 1.000000 1.000000 1.000000 0.378499 0.378499 0.173293 0.012129 0.000106 0.000001
6329.0 1.000000 1.000000 1.000000 1.000000 1.000000 1.000000 0.378237 0.378237 0.173073 0.012222 0.000107 0.000001
6330.0 1.000000 1.000000 1.000000 1.000000 1.000000 1.000000 0.377976 0.377976 0.172854 0.012316 0.000107 0.000001
6331.0 1.000000 1.000000 1.000000 1.000000 1.000000 1.000000 0.377714 0.377714 0.172635 0.012410 0.000108 0.000001
6332.0 1.000000 1.000000 1.000000 1.000000 1.000000 1.000000 0.377453 0.377453 0.172416 0.012505 0.000109 0.000001
6333.0 1.000000 1.000000 1.000000 1.000000 1.000000 1.000000 0.377192 0.377192 0.172197 0.012601 0.000110 0.000001
6334.0 1.000000 1.000000 1.000000 1.000000 1.000000 1.000000 0.376930 0.376930 0.171978 0.012697 0.000110 0.000001
6335.0 1.000000 1.000000 1.000000 1.000000 1.000000 1.000000 0.376669 0.376669 0.171760 0.012795 0.000111 0.000001
6336.0 1.000000 1.000000 1.000000 1.000000 1.000000 1.000000 0.376408 0.376408 0.171541 0.012893 0.000112 0.000001
6337.0 1.000000 1.000000 1.000000 1.000000 1.000000 1.000000 0.376147 0.376147 0.171323 0.012992 0.000112 0.000001
6338.0 1.000000 1.000000 1.000000 1.000000 1.000000 1.000000 0.375886 0.375886 0.171105 0.013092 0.000113 0.000001
6339.0 1.000000 1.000000 1.000000 1.000000 1.000000 1.000000 0.375624 0.375624 0.170887 0.013192 0.000114 0.000001
6340.0 1.000000 1.000000 1.000000 1.000000 1.000000 1.000000 0.375363 0.375363 0.170669 0.013294 0.000114 0.000001
6341.0 1.000000 1.000000 1.000000 1.000000 1.000000 1.000000 0.375102 0.375102 0.170451 0.013396 0.000115 0.000001
6342.0 1.000000 1.000000 1.000000 1.000000 1.000000 1.000000 0.374841 0.374841 0.170234 0.013499 0.000116 0.000001
6343.0 1.000000 1.000000 1.000000 1.000000 1.000000 1.000000 0.374580 0.374580 0.170017 0.013603 0.000117 0.000001
6344.0 1.000000 1.000000 1.000000 1.000000 1.000000 1.000000 0.374319 0.374319 0.169800 0.013708 0.000117 0.000001
6345.0 1.000000 1.000000 1.000000 1.000000 1.000000 1.000000 0.374059 0.374059 0.169583 0.013813 0.000118 0.000001
6346.0 1.000000 1.000000 1.000000 1.000000 1.000000 1.000000 0.373798 0.373798 0.169366 0.013920 0.000119 0.000001
6347.0 1.000000 1.000000 1.000000 1.000000 1.000000 1.000000 0.373537 0.373537 0.169149 0.014027 0.000120 0.000001
6348.0 1.000000 1.000000 1.000000 1.000000 1.000000 1.000000 0.373276 0.373276 0.168932 0.014135 0.000120 0.000001
6349.0 1.000000 1.000000 1.000000 1.000000 1.000000 1.000000 0.373015 0.373015 0.168716 0.014245 0.000121 0.000001
6350.0 1.000000 1.000000 1.000000 1.000000 1.000000 1.000000 0.372755 0.372755 0.168500 0.014355 0.000122 0.000001
6351.0 1.000000 1.000000 1.000000 1.000000 1.000000 1.000000 0.372494 0.372494 0.168284 0.014465 0.000123 0.000001
6352.0 1.000000 1.000000 1.000000 1.000000 1.000000 1.000000 0.372233 0.372233 0.168068 0.014577 0.000123 0.000001
6353.0 1.000000 1.000000 1.000000 1.000000 1.000000 1.000000 0.371973 0.371973 0.167852 0.014690 0.000124 0.000001
6354.0 1.000000 1.000000 1.000000 1.000000 1.000000 1.000000 0.371712 0.371712 0.167636 0.014804 0.000125 0.000001
6355.0 1.000000 1.000000 1.000000 1.000000 1.000000 1.000000 0.371452 0.371452 0.167421 0.014918 0.000126 0.000001
6356.0 1.000000 1.000000 1.000000 1.000000 1.000000 1.000000 0.371191 0.371191 0.167206 0.015034 0.000127 0.000001
6357.0 1.000000 1.000000 1.000000 1.000000 1.000000 1.000000 0.370931 0.370931 0.166991 0.015150 0.000127 0.000001
6358.0 1.000000 1.000000 1.000000 1.000000 1.000000 1.000000 0.370670 0.370670 0.166775 0.015268 0.000128 0.000001
6359.0 1.000000 1.000000 1.000000 1.000000 1.000000 1.000000 0.370410 0.370410 0.166561 0.015386 0.000129 0.000001
6360.0 1.000000 1.000000 1.000000 1.000000 1.000000 1.000000 0.370150 0.370150 0.166346 0.015505 0.000130 0.000001
6361.0 1.000000 1.000000 1.000000 1.000000 1.000000 1.000000 0.369889 0.369889 0.166131 0.015626 0.000131 0.000001
6362.0 1.000000 1.000000 1.000000 1.000000 1.000000 1.000000 0.369629 0.369629 0.165917 0.015747 0.000131 0.000001
6363.0 1.000000 1.000000 1.000000 1.000000 1.000000 1.000000 0.369369 0.369369 0.165703 0.015869 0.000132 0.000001
6364.0 1.000000 1.000000 1.000000 1.000000 1.000000 1.000000 0.369109 0.369109 0.165489 0.015992 0.000133 0.000001
6365.0 1.000000 1.000000 1.000000 1.000000 1.000000 1.000000 0.368849 0.368849 0.165275 0.016117 0.000134 0.000001
6366.0 1.000000 1.000000 1.000000 1.000000 1.000000 1.000000 0.368589 0.368589 0.165061 0.016242 0.000135 0.000001
6367.0 1.000000 1.000000 1.000000 1.000000 1.000000 1.000000 0.368329 0.368329 0.164848 0.016369 0.000136 0.000001
6368.0 1.000000 1.000000 1.000000 1.000000 1.000000 1.000000 0.368069 0.368069 0.164634 0.016496 0.000137 0.000001
6369.0 1.000000 1.000000 1.000000 1.000000 1.000000 1.000000 0.367809 0.367809 0.164421 0.016625 0.000137 0.000001
6370.0 1.000000 1.000000 1.000000 1.000000 1.000000 1.000000 0.367549 0.367549 0.164208 0.016754 0.000138 0.000001
6371.0 1.000000 1.000000 1.000000 1.000000 1.000000 1.000000 0.367289 0.367289 0.163995 0.016885 0.000139 0.000001
6372.0 1.000000 1.000000 1.000000 1.000000 1.000000 1.000000 0.367029 0.367029 0.163782 0.017016 0.000140 0.000001
6373.0 1.000000 1.000000 1.000000 1.000000 1.000000 1.000000 0.366769 0.366769 0.163569 0.017149 0.000141 0.000001
6374.0 1.000000 1.000000 1.000000 1.000000 1.000000 1.000000 0.366510 0.366510 0.163357 0.017283 0.000142 0.000001
6375.0 1.000000 1.000000 1.000000 1.000000 1.000000 1.000000 0.366250 0.366250 0.163145 0.017418 0.000143 0.000001
6376.0 1.000000 1.000000 1.000000 1.000000 1.000000 1.000000 0.365990 0.365990 0.162932 0.017554 0.000144 0.000001
6377.0 1.000000 1.000000 1.000000 1.000000 1.000000 1.000000 0.365731 0.365731 0.162720 0.017691 0.000145 0.000001
6378.0 1.000000 1.000000 1.000000 1.000000 1.000000 1.000000 0.365471 0.365471 0.162509 0.017829 0.000145 0.000001
6379.0 1.000000 1.000000 1.000000 1.000000 1.000000 1.000000 0.365212 0.365212 0.162297 0.017969 0.000146 0.000001
6380.0 1.000000 1.000000 1.000000 1.000000 1.000000 1.000000 0.364952 0.364952 0.162085 0.018109 0.000147 0.000001
6381.0 1.000000 1.000000 1.000000 1.000000 1.000000 1.000000 0.364693 0.364693 0.161874 0.018251 0.000148 0.000001
6382.0 1.000000 1.000000 1.000000 1.000000 1.000000 1.000000 0.364433 0.364433 0.161663 0.018394 0.000149 0.000001
6383.0 1.000000 1.000000 1.000000 1.000000 1.000000 1.000000 0.364174 0.364174 0.161452 0.018389 0.000150 0.000001
6384.0 1.000000 1.000000 1.000000 1.000000 1.000000 1.000000 0.363915 0.363915 0.161241 0.018333 0.000151 0.000001
6385.0 1.000000 1.000000 1.000000 1.000000 1.000000 1.000000 0.363655 0.363655 0.161030 0.018278 0.000152 0.000001
6386.0 1.000000 1.000000 1.000000 1.000000 1.000000 1.000000 0.363396 0.363396 0.160819 0.018223 0.000153 0.000001
6387.0 1.000000 1.000000 1.000000 1.000000 1.000000 1.000000 0.363137 0.363137 0.160609 0.018169 0.000154 0.000001
6388.0 1.000000 1.000000 1.000000 1.000000 1.000000 1.000000 0.362878 0.362878 0.160399 0.018114 0.000155 0.000002
6389.0 1.000000 1.000000 1.000000 1.000000 1.000000 1.000000 0.362619 0.362619 0.160189 0.018114 0.000156 0.000002
6390.0 1.000000 1.000000 1.000000 1.000000 1.000000 1.000000 0.362360 0.362360 0.159979 0.018188 0.000157 0.000002
6391.0 1.000000 1.000000 1.000000 1.000000 1.000000 1.000000 0.362101 0.362101 0.159769 0.018208 0.000158 0.000002
6392.0 1.000000 1.000000 1.000000 1.000000 1.000000 1.000000 0.361842 0.361842 0.159559 0.018331 0.000159 0.000002
6393.0 1.000000 1.000000 1.000000 1.000000 1.000000 1.000000 0.361583 0.361583 0.159350 0.018383 0.000160 0.000002
6394.0 1.000000 1.000000 1.000000 1.000000 1.000000 1.000000 0.361324 0.361324 0.159140 0.018448 0.000161 0.000002
6395.0 1.000000 1.000000 1.000000 1.000000 1.000000 1.000000 0.361065 0.361065 0.158931 0.018530 0.000162 0.000002
6396.0 1.000000 1.000000 1.000000 1.000000 1.000000 1.000000 0.360806 0.360806 0.158722 0.018633 0.000163 0.000002
6397.0 1.000000 1.000000 1.000000 1.000000 1.000000 1.000000 0.360547 0.360547 0.158513 0.018760 0.000164 0.000002
6398.0 1.000000 1.000000 1.000000 1.000000 1.000000 1.000000 0.360289 0.360289 0.158305 0.018704 0.000165 0.000002
6399.0 1.000000 1.000000 1.000000 1.000000 1.000000 1.000000 0.360030 0.360030 0.158096 0.018860 0.000166 0.000002
6400.0 1.000000 1.000000 1.000000 1.000000 1.000000 1.000000 0.359771 0.359771 0.157888 0.019054 0.000168 0.000002
6401.0 1.000000 1.000000 1.000000 1.000000 1.000000 1.000000 0.359513 0.359513 0.157679 0.018998 0.000169 0.000002
6402.0 1.000000 1.000000 1.000000 1.000000 1.000000 1.000000 0.359254 0.359254 0.157471 0.018941 0.000170 0.000002
6403.0 1.000000 1.000000 1.000000 1.000000 1.000000 1.000000 0.358996 0.358996 0.157263 0.019181 0.000171 0.000002
6404.0 1.000000 1.000000 1.000000 1.000000 1.000000 1.000000 0.358737 0.358737 0.157056 0.019124 0.000172 0.000002
6405.0 1.000000 1.000000 1.000000 1.000000 1.000000 1.000000 0.358479 0.358479 0.156848 0.019423 0.000173 0.000002
6406.0 1.000000 1.000000 1.000000 1.000000 1.000000 1.000000 0.358220 0.358220 0.156641 0.019366 0.000174 0.000002
6407.0 1.000000 1.000000 1.000000 1.000000 1.000000 1.000000 0.357962 0.357962 0.156433 0.019308 0.000175 0.000002
6408.0 1.000000 1.000000 1.000000 1.000000 1.000000 1.000000 0.357704 0.357704 0.156226 0.019683 0.000176 0.000002
6409.0 1.000000 1.000000 1.000000 1.000000 1.000000 1.000000 0.357446 0.357446 0.156019 0.019625 0.000178 0.000002
6410.0 1.000000 1.000000 1.000000 1.000000 1.000000 1.000000 0.357188 0.357188 0.155812 0.019567 0.000179 0.000002
6411.0 1.000000 1.000000 1.000000 1.000000 1.000000 1.000000 0.356929 0.356929 0.155606 0.020042 0.000180 0.000002
6412.0 1.000000 1.000000 1.000000 1.000000 1.000000 1.000000 0.356671 0.356671 0.155399 0.019983 0.000181 0.000002
6413.0 1.000000 1.000000 1.000000 1.000000 1.000000 1.000000 0.356413 0.356413 0.155193 0.019924 0.000182 0.000002
6414.0 1.000000 1.000000 1.000000 1.000000 1.000000 1.000000 0.356155 0.356155 0.154987 0.019866 0.000183 0.000002
6415.0 1.000000 1.000000 1.000000 1.000000 1.000000 1.000000 0.355897 0.355897 0.154781 0.020474 0.000185 0.000002
6416.0 1.000000 1.000000 1.000000 1.000000 1.000000 1.000000 0.355639 0.355639 0.154575 0.020415 0.000186 0.000002
6417.0 1.000000 1.000000 1.000000 1.000000 1.000000 1.000000 0.355382 0.355382 0.154369 0.020356 0.000187 0.000002
6418.0 1.000000 1.000000 1.000000 1.000000 1.000000 1.000000 0.355124 0.355124 0.154164 0.020296 0.000188 0.000002
6419.0 1.000000 1.000000 1.000000 1.000000 1.000000 1.000000 0.354866 0.354866 0.153958 0.020237 0.000189 0.000002
6420.0 1.000000 1.000000 1.000000 1.000000 1.000000 1.000000 0.354608 0.354608 0.153753 0.020178 0.000191 0.000002
6421.0 1.000000 1.000000 1.000000 1.000000 1.000000 1.000000 0.354351 0.354351 0.153548 0.020970 0.000192 0.000002
6422.0 1.000000 1.000000 1.000000 1.000000 1.000000 1.000000 0.354093 0.354093 0.153343 0.020909 0.000193 0.000002
6423.0 1.000000 1.000000 1.000000 1.000000 1.000000 1.000000 0.353836 0.353836 0.153139 0.020849 0.000194 0.000002
6424.0 1.000000 1.000000 1.000000 1.000000 1.000000 1.000000 0.353578 0.353578 0.152934 0.020788 0.000196 0.000002
6425.0 1.000000 1.000000 1.000000 1.000000 1.000000 1.000000 0.353320 0.353320 0.152730 0.020728 0.000197 0.000002
6426.0 1.000000 1.000000 1.000000 1.000000 1.000000 1.000000 0.353063 0.353063 0.152525 0.020668 0.000198 0.000002
6427.0 1.000000 1.000000 1.000000 1.000000 1.000000 1.000000 0.352806 0.352806 0.152321 0.021723 0.000200 0.000002
6428.0 1.000000 1.000000 1.000000 1.000000 1.000000 1.000000 0.352548 0.352548 0.152117 0.021661 0.000201 0.000002
6429.0 1.000000 1.000000 1.000000 1.000000 1.000000 1.000000 0.352291 0.352291 0.151914 0.021599 0.000202 0.000002
6430.0 1.000000 1.000000 1.000000 1.000000 1.000000 1.000000 0.352034 0.352034 0.151710 0.021537 0.000204 0.000002
6431.0 1.000000 1.000000 1.000000 1.000000 1.000000 1.000000 0.351777 0.351777 0.151507 0.021475 0.000205 0.000002
6432.0 1.000000 1.000000 1.000000 1.000000 1.000000 1.000000 0.351520 0.351520 0.151303 0.021414 0.000206 0.000002
6433.0 1.000000 1.000000 1.000000 1.000000 1.000000 1.000000 0.351262 0.351262 0.151100 0.021352 0.000208 0.000002
6434.0 1.000000 1.000000 1.000000 1.000000 1.000000 1.000000 0.351005 0.351005 0.150897 0.021291 0.000209 0.000002
6435.0 1.000000 1.000000 1.000000 1.000000 1.000000 1.000000 0.350748 0.350748 0.150694 0.021230 0.000210 0.000002
6436.0 1.000000 1.000000 1.000000 1.000000 1.000000 1.000000 0.350491 0.350491 0.150492 0.022669 0.000212 0.000002
6437.0 1.000000 1.000000 1.000000 1.000000 1.000000 1.000000 0.350234 0.350234 0.150289 0.022605 0.000213 0.000002
6438.0 1.000000 1.000000 1.000000 1.000000 1.000000 1.000000 0.349978 0.349978 0.150087 0.022541 0.000215 0.000002
6439.0 1.000000 1.000000 1.000000 1.000000 1.000000 1.000000 0.349721 0.349721 0.149885 0.022478 0.000216 0.000002
6440.0 1.000000 1.000000 1.000000 1.000000 1.000000 1.000000 0.349464 0.349464 0.149683 0.022414 0.000217 0.000002
6441.0 1.000000 1.000000 1.000000 1.000000 1.000000 1.000000 0.349207 0.349207 0.149481 0.022351 0.000219 0.000002
6442.0 1.000000 1.000000 1.000000 1.000000 1.000000 1.000000 0.348951 0.348951 0.149279 0.022287 0.000220 0.000002
6443.0 1.000000 1.000000 1.000000 1.000000 1.000000 1.000000 0.348694 0.348694 0.149078 0.022224 0.000222 0.000002
6444.0 1.000000 1.000000 1.000000 1.000000 1.000000 1.000000 0.348437 0.348437 0.148876 0.022161 0.000223 0.000002
6445.0 1.000000 1.000000 1.000000 1.000000 1.000000 1.000000 0.348181 0.348181 0.148675 0.022098 0.000225 0.000002
6446.0 1.000000 1.000000 1.000000 1.000000 1.000000 1.000000 0.347925 0.347925 0.148474 0.022035 0.000226 0.000002
6447.0 1.000000 1.000000 1.000000 1.000000 1.000000 1.000000 0.347668 0.347668 0.148273 0.024073 0.000228 0.000002
6448.0 1.000000 1.000000 1.000000 1.000000 1.000000 1.000000 0.347412 0.347412 0.148072 0.024006 0.000229 0.000002
6449.0 1.000000 1.000000 1.000000 1.000000 1.000000 1.000000 0.347156 0.347156 0.147872 0.023940 0.000231 0.000002
6450.0 1.000000 1.000000 1.000000 1.000000 1.000000 1.000000 0.346899 0.346899 0.147671 0.023873 0.000232 0.000002
6451.0 1.000000 1.000000 1.000000 1.000000 1.000000 1.000000 0.346643 0.346643 0.147471 0.023807 0.000234 0.000002
6452.0 1.000000 1.000000 1.000000 1.000000 1.000000 1.000000 0.346387 0.346387 0.147271 0.023740 0.000235 0.000002
6453.0 1.000000 1.000000 1.000000 1.000000 1.000000 1.000000 0.346131 0.346131 0.147071 0.023674 0.000237 0.000002
6454.0 1.000000 1.000000 1.000000 1.000000 1.000000 1.000000 0.345875 0.345875 0.146871 0.023608 0.000238 0.000002
6455.0 1.000000 1.000000 1.000000 1.000000 1.000000 1.000000 0.345619 0.345619 0.146672 0.023543 0.000240 0.000002
6456.0 1.000000 1.000000 1.000000 1.000000 1.000000 1.000000 0.345363 0.345363 0.146472 0.023477 0.000242 0.000002
6457.0 1.000000 1.000000 1.000000 1.000000 1.000000 1.000000 0.345107 0.345107 0.146273 0.023411 0.000243 0.000002
6458.0 1.000000 1.000000 1.000000 1.000000 1.000000 1.000000 0.344851 0.344851 0.146074 0.023346 0.000245 0.000002
6459.0 1.000000 1.000000 1.000000 1.000000 1.000000 1.000000 0.344595 0.344595 0.145875 0.023281 0.000246 0.000002
6460.0 1.000000 1.000000 1.000000 1.000000 1.000000 1.000000 0.344339 0.344339 0.145676 0.023216 0.000248 0.000002
6461.0 1.000000 1.000000 1.000000 1.000000 1.000000 1.000000 0.344084 0.344084 0.145478 0.023151 0.000250 0.000002
6462.0 1.000000 1.000000 1.000000 1.000000 1.000000 1.000000 0.343828 0.343828 0.145279 0.023086 0.000251 0.000002
6463.0 1.000000 1.000000 1.000000 1.000000 1.000000 1.000000 0.343572 0.343572 0.145081 0.026102 0.000253 0.000002
6464.0 1.000000 1.000000 1.000000 1.000000 1.000000 1.000000 0.343317 0.343317 0.144883 0.026031 0.000255 0.000002
6465.0 1.000000 1.000000 1.000000 1.000000 1.000000 1.000000 0.343061 0.343061 0.144685 0.025960 0.000256 0.000002
6466.0 1.000000 1.000000 1.000000 1.000000 1.000000 1.000000 0.342806 0.342806 0.144487 0.025890 0.000258 0.000002
6467.0 1.000000 1.000000 1.000000 1.000000 1.000000 1.000000 0.342551 0.342551 0.144289 0.025820 0.000260 0.000002
6468.0 1.000000 1.000000 1.000000 1.000000 1.000000 1.000000 0.342295 0.342295 0.144092 0.025750 0.000262 0.000002
6469.0 1.000000 1.000000 1.000000 1.000000 1.000000 1.000000 0.342040 0.342040 0.143894 0.025680 0.000263 0.000002
6470.0 1.000000 1.000000 1.000000 1.000000 1.000000 1.000000 0.341785 0.341785 0.143697 0.025610 0.000265 0.000002
6471.0 1.000000 1.000000 1.000000 1.000000 1.000000 1.000000 0.341530 0.341530 0.143500 0.025540 0.000267 0.000002
6472.0 1.000000 1.000000 1.000000 1.000000 1.000000 1.000000 0.341274 0.341274 0.143303 0.025470 0.000269 0.000002
6473.0 1.000000 1.000000 1.000000 1.000000 1.000000 1.000000 0.341019 0.341019 0.143107 0.025401 0.000270 0.000002
6474.0 1.000000 1.000000 1.000000 1.000000 1.000000 1.000000 0.340764 0.340764 0.142910 0.025332 0.000272 0.000002
6475.0 1.000000 1.000000 1.000000 1.000000 1.000000 1.000000 0.340509 0.340509 0.142714 0.025263 0.000274 0.000002
6476.0 1.000000 1.000000 1.000000 1.000000 1.000000 1.000000 0.340254 0.340254 0.142517 0.025194 0.000276 0.000002
6477.0 1.000000 1.000000 1.000000 1.000000 1.000000 1.000000 0.340000 0.340000 0.142321 0.025125 0.000278 0.000002
6478.0 1.000000 1.000000 1.000000 1.000000 1.000000 1.000000 0.339745 0.339745 0.142125 0.025056 0.000280 0.000002
6479.0 1.000000 1.000000 1.000000 1.000000 1.000000 1.000000 0.339490 0.339490 0.141930 0.024987 0.000282 0.000002
6480.0 1.000000 1.000000 1.000000 1.000000 1.000000 1.000000 0.339235 0.339235 0.141734 0.024919 0.000283 0.000002
6481.0 1.000000 1.000000 1.000000 1.000000 1.000000 1.000000 0.338981 0.338981 0.141539 0.024851 0.000285 0.000002
6482.0 1.000000 1.000000 1.000000 1.000000 1.000000 1.000000 0.338726 0.338726 0.141343 0.024783 0.000287 0.000002
6483.0 1.000000 1.000000 1.000000 1.000000 1.000000 1.000000 0.338472 0.338472 0.141148 0.024715 0.000289 0.000002
6484.0 1.000000 1.000000 1.000000 1.000000 1.000000 1.000000 0.338217 0.338217 0.140953 0.029092 0.000291 0.000002
6485.0 1.000000 1.000000 1.000000 1.000000 1.000000 1.000000 0.337963 0.337963 0.140759 0.029016 0.000293 0.000003
6486.0 1.000000 1.000000 1.000000 1.000000 1.000000 1.000000 0.337708 0.337708 0.140564 0.028940 0.000295 0.000003
6487.0 1.000000 1.000000 1.000000 1.000000 1.000000 1.000000 0.337454 0.337454 0.140370 0.028864 0.000297 0.000003
6488.0 1.000000 1.000000 1.000000 1.000000 1.000000 1.000000 0.337200 0.337200 0.140175 0.028788 0.000299 0.000003
6489.0 1.000000 1.000000 1.000000 1.000000 1.000000 1.000000 0.336945 0.336945 0.139981 0.028712 0.000301 0.000003
6490.0 1.000000 1.000000 1.000000 1.000000 1.000000 1.000000 0.336691 0.336691 0.139787 0.028637 0.000303 0.000003
6491.0 1.000000 1.000000 1.000000 1.000000 1.000000 1.000000 0.336437 0.336437 0.139594 0.028561 0.000305 0.000003
6492.0 1.000000 1.000000 1.000000 1.000000 1.000000 1.000000 0.336183 0.336183 0.139400 0.028486 0.000307 0.000003
6493.0 1.000000 1.000000 1.000000 1.000000 1.000000 1.000000 0.335929 0.335929 0.139206 0.028411 0.000309 0.000003
6494.0 1.000000 1.000000 1.000000 1.000000 1.000000 1.000000 0.335675 0.335675 0.139013 0.028336 0.000311 0.000003
6495.0 1.000000 1.000000 1.000000 1.000000 1.000000 1.000000 0.335421 0.335421 0.138820 0.028261 0.000313 0.000003
6496.0 1.000000 1.000000 1.000000 1.000000 1.000000 1.000000 0.335167 0.335167 0.138627 0.028187 0.000316 0.000003
6497.0 1.000000 1.000000 1.000000 1.000000 1.000000 1.000000 0.334914 0.334914 0.138434 0.028112 0.000318 0.000003
6498.0 1.000000 1.000000 1.000000 1.000000 1.000000 1.000000 0.334660 0.334660 0.138242 0.028038 0.000320 0.000003
6499.0 1.000000 1.000000 1.000000 1.000000 1.000000 1.000000 0.334406 0.334406 0.138049 0.027963 0.000322 0.000003
6500.0 1.000000 1.000000 1.000000 1.000000 1.000000 1.000000 0.334153 0.334153 0.137857 0.027889 0.000324 0.000003
6501.0 1.000000 1.000000 1.000000 1.000000 1.000000 1.000000 0.333899 0.333899 0.137665 0.027815 0.000326 0.000003
6502.0 1.000000 1.000000 1.000000 1.000000 1.000000 1.000000 0.333646 0.333646 0.137473 0.027742 0.000329 0.000003
6503.0 1.000000 1.000000 1.000000 1.000000 1.000000 1.000000 0.333392 0.333392 0.137281 0.027668 0.000331 0.000003
6504.0 1.000000 1.000000 1.000000 1.000000 1.000000 1.000000 0.333139 0.333139 0.137089 0.027595 0.000333 0.000003
6505.0 1.000000 1.000000 1.000000 1.000000 1.000000 1.000000 0.332885 0.332885 0.136898 0.027521 0.000335 0.000003
6506.0 1.000000 1.000000 1.000000 1.000000 1.000000 1.000000 0.332632 0.332632 0.136706 0.027448 0.000338 0.000003
6507.0 1.000000 1.000000 1.000000 1.000000 1.000000 1.000000 0.332379 0.332379 0.136515 0.027375 0.000340 0.000003
6508.0 1.000000 1.000000 1.000000 1.000000 1.000000 1.000000 0.332126 0.332126 0.136324 0.027302 0.000342 0.000003
6509.0 1.000000 1.000000 1.000000 1.000000 1.000000 1.000000 0.331873 0.331873 0.136133 0.027230 0.000345 0.000003
6510.0 1.000000 1.000000 1.000000 1.000000 1.000000 1.000000 0.331620 0.331620 0.135942 0.027157 0.000347 0.000003
6511.0 1.000000 1.000000 1.000000 1.000000 1.000000 1.000000 0.331367 0.331367 0.135752 0.027085 0.000349 0.000003
6512.0 1.000000 1.000000 1.000000 1.000000 1.000000 1.000000 0.331114 0.331114 0.135561 0.027012 0.000352 0.000003
6513.0 1.000000 1.000000 1.000000 1.000000 1.000000 1.000000 0.330861 0.330861 0.135371 0.026940 0.000354 0.000003
6514.0 1.000000 1.000000 1.000000 1.000000 1.000000 1.000000 0.330608 0.330608 0.135181 0.026868 0.000357 0.000003
6515.0 1.000000 1.000000 1.000000 1.000000 1.000000 1.000000 0.330355 0.330355 0.134991 0.026796 0.000359 0.000003
6516.0 1.000000 1.000000 1.000000 1.000000 1.000000 1.000000 0.330103 0.330103 0.134802 0.033498 0.000361 0.000003
6517.0 1.000000 1.000000 1.000000 1.000000 1.000000 1.000000 0.329850 0.329850 0.134612 0.033414 0.000364 0.000003
6518.0 1.000000 1.000000 1.000000 1.000000 1.000000 1.000000 0.329597 0.329597 0.134423 0.033330 0.000366 0.000003
6519.0 1.000000 1.000000 1.000000 1.000000 1.000000 1.000000 0.329345 0.329345 0.134233 0.033247 0.000369 0.000003
6520.0 1.000000 1.000000 1.000000 1.000000 1.000000 1.000000 0.329092 0.329092 0.134044 0.033163 0.000371 0.000003
6521.0 1.000000 1.000000 1.000000 1.000000 1.000000 1.000000 0.328840 0.328840 0.133855 0.033080 0.000374 0.000003
6522.0 1.000000 1.000000 1.000000 1.000000 1.000000 1.000000 0.328588 0.328588 0.133667 0.032996 0.000376 0.000003
6523.0 1.000000 1.000000 1.000000 1.000000 1.000000 1.000000 0.328335 0.328335 0.133478 0.032913 0.000379 0.000003
6524.0 1.000000 1.000000 1.000000 1.000000 1.000000 1.000000 0.328083 0.328083 0.133290 0.032830 0.000382 0.000003
6525.0 1.000000 1.000000 1.000000 1.000000 1.000000 1.000000 0.327831 0.327831 0.133101 0.032747 0.000384 0.000003
6526.0 1.000000 1.000000 1.000000 1.000000 1.000000 1.000000 0.327579 0.327579 0.132913 0.032665 0.000387 0.000003
6527.0 1.000000 1.000000 1.000000 1.000000 1.000000 1.000000 0.327327 0.327327 0.132725 0.032582 0.000390 0.000003
6528.0 1.000000 1.000000 1.000000 1.000000 1.000000 1.000000 0.327075 0.327075 0.132538 0.032500 0.000392 0.000003
6529.0 1.000000 1.000000 1.000000 1.000000 1.000000 1.000000 0.326823 0.326823 0.132350 0.032418 0.000395 0.000003
6530.0 1.000000 1.000000 1.000000 1.000000 1.000000 1.000000 0.326571 0.326571 0.132163 0.032335 0.000398 0.000003
6531.0 1.000000 1.000000 1.000000 1.000000 1.000000 1.000000 0.326319 0.326319 0.131975 0.032254 0.000400 0.000003
6532.0 1.000000 1.000000 1.000000 1.000000 1.000000 1.000000 0.326067 0.326067 0.131788 0.032172 0.000403 0.000003
6533.0 1.000000 1.000000 1.000000 1.000000 1.000000 1.000000 0.325816 0.325816 0.131601 0.032090 0.000406 0.000003
6534.0 1.000000 1.000000 1.000000 1.000000 1.000000 1.000000 0.325564 0.325564 0.131414 0.032009 0.000409 0.000003
6535.0 1.000000 1.000000 1.000000 1.000000 1.000000 1.000000 0.325312 0.325312 0.131228 0.031928 0.000411 0.000003
6536.0 1.000000 1.000000 1.000000 1.000000 1.000000 1.000000 0.325061 0.325061 0.131041 0.031846 0.000414 0.000003
6537.0 1.000000 1.000000 1.000000 1.000000 1.000000 1.000000 0.324809 0.324809 0.130855 0.031765 0.000417 0.000003
6538.0 1.000000 1.000000 1.000000 1.000000 1.000000 1.000000 0.324558 0.324558 0.130669 0.031685 0.000420 0.000003
6539.0 1.000000 1.000000 1.000000 1.000000 1.000000 1.000000 0.324307 0.324307 0.130483 0.031604 0.000423 0.000003
6540.0 1.000000 1.000000 1.000000 1.000000 1.000000 1.000000 0.324055 0.324055 0.130297 0.031523 0.000426 0.000003
6541.0 1.000000 1.000000 1.000000 1.000000 1.000000 1.000000 0.323804 0.323804 0.130111 0.031443 0.000429 0.000003
6542.0 1.000000 1.000000 1.000000 1.000000 1.000000 1.000000 0.323553 0.323553 0.129926 0.031363 0.000432 0.000003
6543.0 1.000000 1.000000 1.000000 1.000000 1.000000 1.000000 0.323302 0.323302 0.129741 0.031283 0.000435 0.000003
6544.0 1.000000 1.000000 1.000000 1.000000 1.000000 1.000000 0.323051 0.323051 0.129555 0.031203 0.000438 0.000003
6545.0 1.000000 1.000000 1.000000 1.000000 1.000000 1.000000 0.322800 0.322800 0.129370 0.031123 0.000441 0.000003
6546.0 1.000000 1.000000 1.000000 1.000000 1.000000 1.000000 0.322549 0.322549 0.129186 0.031044 0.000444 0.000003
6547.0 1.000000 1.000000 1.000000 1.000000 1.000000 1.000000 0.322298 0.322298 0.129001 0.030964 0.000447 0.000004
6548.0 1.000000 1.000000 1.000000 1.000000 1.000000 1.000000 0.322047 0.322047 0.128816 0.030885 0.000450 0.000004
6549.0 1.000000 1.000000 1.000000 1.000000 1.000000 1.000000 0.321796 0.321796 0.128632 0.030806 0.000453 0.000004
6550.0 1.000000 1.000000 1.000000 1.000000 1.000000 1.000000 0.321546 0.321546 0.128448 0.030727 0.000456 0.000004
6551.0 1.000000 1.000000 1.000000 1.000000 1.000000 1.000000 0.321295 0.321295 0.128264 0.030648 0.000459 0.000004
6552.0 1.000000 1.000000 1.000000 1.000000 1.000000 1.000000 0.321045 0.321045 0.128080 0.030569 0.000463 0.000004
6553.0 1.000000 1.000000 1.000000 1.000000 1.000000 1.000000 0.320794 0.320794 0.127896 0.030491 0.000466 0.000004
6554.0 1.000000 1.000000 1.000000 1.000000 1.000000 1.000000 0.320544 0.320544 0.127713 0.030412 0.000469 0.000004
6555.0 1.000000 1.000000 1.000000 1.000000 1.000000 1.000000 0.320293 0.320293 0.127529 0.030334 0.000472 0.000004
6556.0 1.000000 1.000000 1.000000 1.000000 1.000000 1.000000 0.320043 0.320043 0.127346 0.030256 0.000476 0.000004
6557.0 1.000000 1.000000 1.000000 1.000000 1.000000 1.000000 0.319793 0.319793 0.127163 0.030178 0.000479 0.000004
6558.0 1.000000 1.000000 1.000000 1.000000 1.000000 1.000000 0.319543 0.319543 0.126980 0.030100 0.000482 0.000004
6559.0 1.000000 1.000000 1.000000 1.000000 1.000000 1.000000 0.319292 0.319292 0.126798 0.030023 0.000486 0.000004
6560.0 1.000000 1.000000 1.000000 1.000000 1.000000 1.000000 0.319042 0.319042 0.126615 0.029945 0.000489 0.000004
6561.0 1.000000 1.000000 1.000000 1.000000 1.000000 1.000000 0.318792 0.318792 0.126433 0.029868 0.000492 0.000004
6562.0 1.000000 1.000000 1.000000 1.000000 1.000000 1.000000 0.318542 0.318542 0.126250 0.029791 0.000496 0.000004
6563.0 1.000000 1.000000 1.000000 1.000000 1.000000 1.000000 0.318293 0.318293 0.126068 0.029714 0.000499 0.000004
6564.0 1.000000 1.000000 1.000000 1.000000 1.000000 1.000000 0.318043 0.318043 0.125886 0.029637 0.000503 0.000004
6565.0 1.000000 1.000000 1.000000 1.000000 1.000000 1.000000 0.317793 0.317793 0.125705 0.043271 0.000506 0.000004
6566.0 1.000000 1.000000 1.000000 1.000000 1.000000 1.000000 0.317543 0.317543 0.125523 0.043175 0.000510 0.000004
6567.0 1.000000 1.000000 1.000000 1.000000 1.000000 1.000000 0.317294 0.317294 0.125342 0.043080 0.000513 0.000004
6568.0 1.000000 1.000000 1.000000 1.000000 1.000000 1.000000 0.317044 0.317044 0.125161 0.042984 0.000517 0.000004
6569.0 1.000000 1.000000 1.000000 1.000000 1.000000 1.000000 0.316795 0.316795 0.124979 0.042889 0.000521 0.000004
6570.0 1.000000 1.000000 1.000000 1.000000 1.000000 1.000000 0.316545 0.316545 0.124799 0.042794 0.000524 0.000004
6571.0 1.000000 1.000000 1.000000 1.000000 1.000000 1.000000 0.316296 0.316296 0.124618 0.042699 0.000528 0.000004
6572.0 1.000000 1.000000 1.000000 1.000000 1.000000 1.000000 0.316047 0.316047 0.124437 0.042604 0.000532 0.000004
6573.0 1.000000 1.000000 1.000000 1.000000 1.000000 1.000000 0.315797 0.315797 0.124257 0.042509 0.000535 0.000004
6574.0 1.000000 1.000000 1.000000 1.000000 1.000000 1.000000 0.315548 0.315548 0.124076 0.042415 0.000539 0.000004
6575.0 1.000000 1.000000 1.000000 1.000000 1.000000 1.000000 0.315299 0.315299 0.123896 0.042321 0.000543 0.000004
6576.0 1.000000 1.000000 1.000000 1.000000 1.000000 1.000000 0.315050 0.315050 0.123716 0.042226 0.000547 0.000004
6577.0 1.000000 1.000000 1.000000 1.000000 1.000000 1.000000 0.314801 0.314801 0.123537 0.042132 0.000550 0.000004
6578.0 1.000000 1.000000 1.000000 1.000000 1.000000 1.000000 0.314552 0.314552 0.123357 0.042038 0.000554 0.000004
6579.0 1.000000 1.000000 1.000000 1.000000 1.000000 1.000000 0.314303 0.314303 0.123178 0.041945 0.000558 0.000004
6580.0 1.000000 1.000000 1.000000 1.000000 1.000000 1.000000 0.314055 0.314055 0.122998 0.041851 0.000562 0.000004
6581.0 1.000000 1.000000 1.000000 1.000000 1.000000 1.000000 0.313806 0.313806 0.122819 0.041758 0.000566 0.000004
6582.0 1.000000 1.000000 1.000000 1.000000 1.000000 1.000000 0.313557 0.313557 0.122640 0.041665 0.000570 0.000004
6583.0 1.000000 1.000000 1.000000 1.000000 1.000000 1.000000 0.313309 0.313309 0.122462 0.041572 0.000574 0.000004
6584.0 1.000000 1.000000 1.000000 1.000000 1.000000 1.000000 0.313060 0.313060 0.122283 0.041479 0.000578 0.000004
6585.0 1.000000 1.000000 1.000000 1.000000 1.000000 1.000000 0.312812 0.312812 0.122104 0.041386 0.000582 0.000004
6586.0 1.000000 1.000000 1.000000 1.000000 1.000000 1.000000 0.312563 0.312563 0.121926 0.041293 0.000586 0.000004
6587.0 1.000000 1.000000 1.000000 1.000000 1.000000 1.000000 0.312315 0.312315 0.121748 0.041201 0.000590 0.000004
6588.0 1.000000 1.000000 1.000000 1.000000 1.000000 1.000000 0.312067 0.312067 0.121570 0.041109 0.000595 0.000004
6589.0 1.000000 1.000000 1.000000 1.000000 1.000000 1.000000 0.311818 0.311818 0.121392 0.041016 0.000599 0.000004
6590.0 1.000000 1.000000 1.000000 1.000000 1.000000 1.000000 0.311570 0.311570 0.121215 0.040924 0.000603 0.000004
6591.0 1.000000 1.000000 1.000000 1.000000 1.000000 1.000000 0.311322 0.311322 0.121037 0.040833 0.000607 0.000004
6592.0 1.000000 1.000000 1.000000 1.000000 1.000000 1.000000 0.311074 0.311074 0.120860 0.040741 0.000611 0.000005
6593.0 1.000000 1.000000 1.000000 1.000000 1.000000 1.000000 0.310826 0.310826 0.120683 0.040649 0.000616 0.000005
6594.0 1.000000 1.000000 1.000000 1.000000 1.000000 1.000000 0.310578 0.310578 0.120506 0.040558 0.000620 0.000005
6595.0 1.000000 1.000000 1.000000 1.000000 1.000000 1.000000 0.310331 0.310331 0.120329 0.040467 0.000625 0.000005
6596.0 1.000000 1.000000 1.000000 1.000000 1.000000 1.000000 0.310083 0.310083 0.120152 0.040376 0.000629 0.000005
6597.0 1.000000 1.000000 1.000000 1.000000 1.000000 1.000000 0.309835 0.309835 0.119976 0.040285 0.000633 0.000005
6598.0 1.000000 1.000000 1.000000 1.000000 1.000000 1.000000 0.309587 0.309587 0.119799 0.040194 0.000638 0.000005
6599.0 1.000000 1.000000 1.000000 1.000000 1.000000 1.000000 0.309340 0.309340 0.119623 0.040104 0.000642 0.000005
6600.0 1.000000 1.000000 1.000000 1.000000 1.000000 1.000000 0.309093 0.309093 0.119447 0.040013 0.000647 0.000005
6601.0 1.000000 1.000000 1.000000 1.000000 1.000000 1.000000 0.308845 0.308845 0.119271 0.039923 0.000652 0.000005
6602.0 1.000000 1.000000 1.000000 1.000000 1.000000 1.000000 0.308598 0.308598 0.119096 0.039833 0.000656 0.000005
6603.0 1.000000 1.000000 1.000000 1.000000 1.000000 1.000000 0.308351 0.308351 0.118920 0.039743 0.000661 0.000005
6604.0 1.000000 1.000000 1.000000 1.000000 1.000000 1.000000 0.308103 0.308103 0.118745 0.039653 0.000665 0.000005
6605.0 1.000000 1.000000 1.000000 1.000000 1.000000 1.000000 0.307856 0.307856 0.118570 0.039564 0.000670 0.000005
6606.0 1.000000 1.000000 1.000000 1.000000 1.000000 1.000000 0.307609 0.307609 0.118395 0.039474 0.000675 0.000005
6607.0 1.000000 1.000000 1.000000 1.000000 1.000000 1.000000 0.307362 0.307362 0.118220 0.039385 0.000680 0.000005
6608.0 1.000000 1.000000 1.000000 1.000000 1.000000 1.000000 0.307115 0.307115 0.118045 0.039295 0.000685 0.000005
6609.0 1.000000 1.000000 1.000000 1.000000 1.000000 1.000000 0.306868 0.306868 0.117871 0.039206 0.000689 0.000005
6610.0 1.000000 1.000000 1.000000 1.000000 1.000000 1.000000 0.306621 0.306621 0.117696 0.039118 0.000694 0.000005
6611.0 1.000000 1.000000 1.000000 1.000000 1.000000 1.000000 0.306375 0.306375 0.117522 0.039029 0.000699 0.000005
6612.0 1.000000 1.000000 1.000000 1.000000 1.000000 1.000000 0.306128 0.306128 0.117348 0.038940 0.000704 0.000005
6613.0 1.000000 1.000000 1.000000 1.000000 1.000000 1.000000 0.305882 0.305882 0.117174 0.038852 0.000709 0.000005
6614.0 1.000000 1.000000 1.000000 1.000000 1.000000 1.000000 0.305635 0.305635 0.117000 0.038764 0.000714 0.000005
6615.0 1.000000 1.000000 1.000000 1.000000 1.000000 1.000000 0.305389 0.305389 0.116827 0.038675 0.000719 0.000005
6616.0 1.000000 1.000000 1.000000 1.000000 1.000000 1.000000 0.305142 0.305142 0.116653 0.038587 0.000725 0.000005
6617.0 1.000000 1.000000 1.000000 1.000000 1.000000 1.000000 0.304896 0.304896 0.116480 0.038500 0.000730 0.000005
6618.0 1.000000 1.000000 1.000000 1.000000 1.000000 1.000000 0.304650 0.304650 0.116307 0.038412 0.000735 0.000005
6619.0 1.000000 1.000000 1.000000 1.000000 1.000000 1.000000 0.304403 0.304403 0.116134 0.038324 0.000740 0.000005
6620.0 1.000000 1.000000 1.000000 1.000000 1.000000 1.000000 0.304157 0.304157 0.115962 0.038237 0.000745 0.000005
6621.0 1.000000 1.000000 1.000000 1.000000 1.000000 1.000000 0.303911 0.303911 0.115789 0.038150 0.000751 0.000005
6622.0 1.000000 1.000000 1.000000 1.000000 1.000000 1.000000 0.303665 0.303665 0.115617 0.038063 0.000756 0.000005
6623.0 1.000000 1.000000 1.000000 1.000000 1.000000 1.000000 0.303419 0.303419 0.115444 0.037976 0.000762 0.000005
6624.0 1.000000 1.000000 1.000000 1.000000 1.000000 1.000000 0.303174 0.303174 0.115272 0.037889 0.000767 0.000005
6625.0 1.000000 1.000000 1.000000 1.000000 1.000000 1.000000 0.302928 0.302928 0.115100 0.037803 0.000773 0.000005
6626.0 1.000000 1.000000 1.000000 1.000000 1.000000 1.000000 0.302682 0.302682 0.114929 0.037716 0.000778 0.000005
6627.0 1.000000 1.000000 1.000000 1.000000 1.000000 1.000000 0.302436 0.302436 0.114757 0.037630 0.000784 0.000006
6628.0 1.000000 1.000000 1.000000 1.000000 1.000000 1.000000 0.302191 0.302191 0.114586 0.037544 0.000789 0.000006
6629.0 1.000000 1.000000 1.000000 1.000000 1.000000 1.000000 0.301945 0.301945 0.114414 0.037458 0.000795 0.000006
6630.0 1.000000 1.000000 1.000000 1.000000 1.000000 1.000000 0.301700 0.301700 0.114243 0.037372 0.000801 0.000006
6631.0 1.000000 1.000000 1.000000 1.000000 1.000000 1.000000 0.301455 0.301455 0.114072 0.037286 0.000806 0.000006
6632.0 1.000000 1.000000 1.000000 1.000000 1.000000 1.000000 0.301209 0.301209 0.113902 0.037200 0.000812 0.000006
6633.0 1.000000 1.000000 1.000000 1.000000 1.000000 1.000000 0.300964 0.300964 0.113731 0.037115 0.000818 0.000006
6634.0 1.000000 1.000000 1.000000 1.000000 1.000000 1.000000 0.300719 0.300719 0.113561 0.037030 0.000824 0.000006
6635.0 1.000000 1.000000 1.000000 1.000000 1.000000 1.000000 0.300474 0.300474 0.113390 0.036945 0.000830 0.000006
6636.0 1.000000 1.000000 1.000000 1.000000 1.000000 1.000000 0.300229 0.300229 0.113220 0.036860 0.000836 0.000006
6637.0 1.000000 1.000000 1.000000 1.000000 1.000000 1.000000 0.299984 0.299984 0.113050 0.036775 0.000842 0.000006
6638.0 1.000000 1.000000 1.000000 1.000000 1.000000 1.000000 0.299739 0.299739 0.112880 0.036690 0.000848 0.000006
6639.0 1.000000 1.000000 1.000000 1.000000 1.000000 1.000000 0.299494 0.299494 0.112711 0.036606 0.000854 0.000006
6640.0 1.000000 1.000000 1.000000 1.000000 1.000000 1.000000 0.299250 0.299250 0.112541 0.036521 0.000860 0.000006
6641.0 1.000000 1.000000 1.000000 1.000000 1.000000 1.000000 0.299005 0.299005 0.112372 0.036437 0.000866 0.000006
6642.0 1.000000 1.000000 1.000000 1.000000 1.000000 1.000000 0.298760 0.298760 0.112203 0.036353 0.000872 0.000006
6643.0 1.000000 1.000000 1.000000 1.000000 1.000000 1.000000 0.298516 0.298516 0.112034 0.036269 0.000879 0.000006
6644.0 1.000000 1.000000 1.000000 1.000000 1.000000 1.000000 0.298272 0.298272 0.111865 0.036185 0.000885 0.000006
6645.0 1.000000 1.000000 1.000000 1.000000 1.000000 1.000000 0.298027 0.298027 0.111697 0.036102 0.000891 0.000006
6646.0 1.000000 1.000000 1.000000 1.000000 1.000000 1.000000 0.297783 0.297783 0.111528 0.036018 0.000898 0.000006
6647.0 1.000000 1.000000 1.000000 1.000000 1.000000 1.000000 0.297539 0.297539 0.111360 0.035935 0.000904 0.000006
6648.0 1.000000 1.000000 1.000000 1.000000 1.000000 1.000000 0.297294 0.297294 0.111192 0.035852 0.000911 0.000006
6649.0 1.000000 1.000000 1.000000 1.000000 1.000000 1.000000 0.297050 0.297050 0.111024 0.057979 0.000918 0.000006
6650.0 1.000000 1.000000 1.000000 1.000000 1.000000 1.000000 0.296806 0.296806 0.110856 0.057865 0.000924 0.000006
6651.0 1.000000 1.000000 1.000000 1.000000 1.000000 1.000000 0.296563 0.296563 0.110688 0.057751 0.000931 0.000006
6652.0 1.000000 1.000000 1.000000 1.000000 1.000000 1.000000 0.296319 0.296319 0.110521 0.057637 0.000938 0.000006
6653.0 1.000000 1.000000 1.000000 1.000000 1.000000 1.000000 0.296075 0.296075 0.110353 0.057524 0.000944 0.000006
6654.0 1.000000 1.000000 1.000000 1.000000 1.000000 1.000000 0.295831 0.295831 0.110186 0.057410 0.000951 0.000006
6655.0 1.000000 1.000000 1.000000 1.000000 1.000000 1.000000 0.295587 0.295587 0.110019 0.057297 0.000958 0.000007
6656.0 1.000000 1.000000 1.000000 1.000000 1.000000 1.000000 0.295344 0.295344 0.109852 0.057184 0.000965 0.000007
6657.0 1.000000 1.000000 1.000000 1.000000 1.000000 1.000000 0.295100 0.295100 0.109686 0.057071 0.000972 0.000007
6658.0 1.000000 1.000000 1.000000 1.000000 1.000000 1.000000 0.294857 0.294857 0.109519 0.056958 0.000979 0.000007
6659.0 1.000000 1.000000 1.000000 1.000000 1.000000 1.000000 0.294614 0.294614 0.109353 0.056846 0.000986 0.000007
6660.0 1.000000 1.000000 1.000000 1.000000 1.000000 1.000000 0.294370 0.294370 0.109187 0.056733 0.000993 0.000007
6661.0 1.000000 1.000000 1.000000 1.000000 1.000000 1.000000 0.294127 0.294127 0.109021 0.056621 0.001001 0.000007
6662.0 1.000000 1.000000 1.000000 1.000000 1.000000 1.000000 0.293884 0.293884 0.108855 0.056509 0.001008 0.000007
6663.0 1.000000 1.000000 1.000000 1.000000 1.000000 1.000000 0.293641 0.293641 0.108689 0.056397 0.001015 0.000007
6664.0 1.000000 1.000000 1.000000 1.000000 1.000000 1.000000 0.293398 0.293398 0.108524 0.056285 0.001023 0.000007
6665.0 1.000000 1.000000 1.000000 1.000000 1.000000 1.000000 0.293155 0.293155 0.108358 0.056174 0.001030 0.000007
6666.0 1.000000 1.000000 1.000000 1.000000 1.000000 1.000000 0.292912 0.292912 0.108193 0.056062 0.001038 0.000007
6667.0 1.000000 1.000000 1.000000 1.000000 1.000000 1.000000 0.292670 0.292670 0.108028 0.055951 0.001045 0.000007
6668.0 1.000000 1.000000 1.000000 1.000000 1.000000 1.000000 0.292427 0.292427 0.292427 0.055840 0.001053 0.000007
6669.0 1.000000 1.000000 1.000000 1.000000 1.000000 1.000000 0.292184 0.292184 0.292184 0.055729 0.001060 0.000007
6670.0 1.000000 1.000000 1.000000 1.000000 1.000000 1.000000 0.291942 0.291942 0.291942 0.055618 0.001068 0.000007
6671.0 1.000000 1.000000 1.000000 1.000000 1.000000 1.000000 0.291699 0.291699 0.291699 0.055508 0.001076 0.000007
6672.0 1.000000 1.000000 1.000000 1.000000 1.000000 1.000000 0.291457 0.291457 0.291457 0.055397 0.001084 0.000007
6673.0 1.000000 1.000000 1.000000 1.000000 1.000000 1.000000 0.291214 0.291214 0.291214 0.055287 0.001092 0.000007
6674.0 1.000000 1.000000 1.000000 1.000000 1.000000 1.000000 0.290972 0.290972 0.290972 0.055177 0.001100 0.000007
6675.0 1.000000 1.000000 1.000000 1.000000 1.000000 1.000000 0.290730 0.290730 0.290730 0.055067 0.001108 0.000007
6676.0 1.000000 1.000000 1.000000 1.000000 1.000000 1.000000 0.290488 0.290488 0.290488 0.054957 0.001116 0.000007
6677.0 1.000000 1.000000 1.000000 1.000000 1.000000 1.000000 0.290246 0.290246 0.290246 0.054847 0.001124 0.000007
6678.0 1.000000 1.000000 1.000000 1.000000 1.000000 1.000000 0.290004 0.290004 0.290004 0.054738 0.001132 0.000007
6679.0 1.000000 1.000000 1.000000 1.000000 1.000000 1.000000 0.289762 0.289762 0.289762 0.054628 0.001140 0.000007
6680.0 1.000000 1.000000 1.000000 1.000000 1.000000 1.000000 0.289520 0.289520 0.289520 0.054519 0.001149 0.000008
6681.0 1.000000 1.000000 1.000000 1.000000 1.000000 1.000000 0.289279 0.289279 0.289279 0.054410 0.001157 0.000008
6682.0 1.000000 1.000000 1.000000 1.000000 1.000000 1.000000 0.289037 0.289037 0.289037 0.054301 0.001166 0.000008
6683.0 1.000000 1.000000 1.000000 1.000000 1.000000 1.000000 0.288795 0.288795 0.288795 0.054192 0.001174 0.000008
6684.0 1.000000 1.000000 1.000000 1.000000 1.000000 1.000000 0.288554 0.288554 0.288554 0.054084 0.001183 0.000008
6685.0 1.000000 1.000000 1.000000 1.000000 1.000000 1.000000 0.288313 0.288313 0.288313 0.053975 0.001191 0.000008
6686.0 1.000000 1.000000 1.000000 1.000000 1.000000 1.000000 0.288071 0.288071 0.288071 0.053867 0.001200 0.000008
6687.0 1.000000 1.000000 1.000000 1.000000 1.000000 1.000000 1.000000 0.287830 0.287830 0.053759 0.001209 0.000008
6688.0 1.000000 1.000000 1.000000 1.000000 1.000000 1.000000 1.000000 0.287589 0.287589 0.053651 0.001218 0.000008
6689.0 1.000000 1.000000 1.000000 1.000000 1.000000 1.000000 1.000000 0.287348 0.287348 0.053543 0.001227 0.000008
6690.0 1.000000 1.000000 1.000000 1.000000 1.000000 1.000000 1.000000 0.287107 0.287107 0.053436 0.001236 0.000008
6691.0 1.000000 1.000000 1.000000 1.000000 1.000000 1.000000 1.000000 0.286866 0.286866 0.053328 0.001245 0.000008
6692.0 1.000000 1.000000 1.000000 1.000000 1.000000 1.000000 1.000000 0.286625 0.286625 0.053221 0.001254 0.000008
6693.0 1.000000 1.000000 1.000000 1.000000 1.000000 1.000000 1.000000 0.286384 0.286384 0.053114 0.001263 0.000008
6694.0 1.000000 1.000000 1.000000 1.000000 1.000000 1.000000 1.000000 0.286143 0.286143 0.053007 0.001273 0.000008
6695.0 1.000000 1.000000 1.000000 1.000000 1.000000 1.000000 1.000000 0.285903 0.285903 0.052900 0.001282 0.000008
6696.0 1.000000 1.000000 1.000000 1.000000 1.000000 1.000000 1.000000 0.285662 0.285662 0.052794 0.001292 0.000008
6697.0 1.000000 1.000000 1.000000 1.000000 1.000000 1.000000 1.000000 0.285422 0.285422 0.052687 0.001301 0.000008
6698.0 1.000000 1.000000 1.000000 1.000000 1.000000 1.000000 1.000000 0.285181 0.285181 0.052581 0.001311 0.000008
6699.0 1.000000 1.000000 1.000000 1.000000 1.000000 1.000000 1.000000 0.284941 0.284941 0.052475 0.001320 0.000008
6700.0 1.000000 1.000000 1.000000 1.000000 1.000000 1.000000 1.000000 0.284701 0.284701 0.052369 0.001330 0.000008
6701.0 1.000000 1.000000 1.000000 1.000000 1.000000 1.000000 1.000000 0.284460 0.284460 0.052263 0.001340 0.000009
6702.0 1.000000 1.000000 1.000000 1.000000 1.000000 1.000000 1.000000 0.284220 0.284220 0.052157 0.001350 0.000009
6703.0 1.000000 1.000000 1.000000 1.000000 1.000000 1.000000 1.000000 0.283980 0.283980 0.052051 0.001360 0.000009
6704.0 1.000000 1.000000 1.000000 1.000000 1.000000 1.000000 1.000000 0.283740 0.283740 0.051946 0.001370 0.000009
6705.0 1.000000 1.000000 1.000000 1.000000 1.000000 1.000000 1.000000 0.283500 0.283500 0.051841 0.001380 0.000009
6706.0 1.000000 1.000000 1.000000 1.000000 1.000000 1.000000 1.000000 0.283261 0.283261 0.051736 0.001390 0.000009
6707.0 1.000000 1.000000 1.000000 1.000000 1.000000 1.000000 1.000000 0.283021 0.283021 0.051631 0.001400 0.000009
6708.0 1.000000 1.000000 1.000000 1.000000 1.000000 1.000000 1.000000 0.282781 0.282781 0.051526 0.001411 0.000009
6709.0 1.000000 1.000000 1.000000 1.000000 1.000000 1.000000 1.000000 0.282542 0.282542 0.051421 0.001421 0.000009
6710.0 1.000000 1.000000 1.000000 1.000000 1.000000 1.000000 1.000000 0.282302 0.282302 0.051317 0.001432 0.000009
6711.0 1.000000 1.000000 1.000000 1.000000 1.000000 1.000000 1.000000 0.282063 0.282063 0.051213 0.001442 0.000009
6712.0 1.000000 1.000000 1.000000 1.000000 1.000000 1.000000 1.000000 0.281823 0.281823 0.051108 0.001453 0.000009
6713.0 1.000000 1.000000 1.000000 1.000000 1.000000 1.000000 1.000000 0.281584 0.281584 0.051004 0.001464 0.000009
6714.0 1.000000 1.000000 1.000000 1.000000 1.000000 1.000000 1.000000 0.281345 0.281345 0.050901 0.001475 0.000009
6715.0 1.000000 1.000000 1.000000 1.000000 1.000000 1.000000 1.000000 0.281106 0.281106 0.050797 0.001486 0.000009
6716.0 1.000000 1.000000 1.000000 1.000000 1.000000 1.000000 1.000000 0.280867 0.280867 0.050693 0.001497 0.000009
6717.0 1.000000 1.000000 1.000000 1.000000 1.000000 1.000000 1.000000 0.280628 0.280628 0.050590 0.001508 0.000009
6718.0 1.000000 1.000000 1.000000 1.000000 1.000000 1.000000 1.000000 0.280389 0.280389 0.050487 0.001519 0.000009
6719.0 1.000000 1.000000 1.000000 1.000000 1.000000 1.000000 1.000000 0.280150 0.280150 0.050384 0.001530 0.000010
6720.0 1.000000 1.000000 1.000000 1.000000 1.000000 1.000000 1.000000 0.279912 0.279912 0.050281 0.001542 0.000010
6721.0 1.000000 1.000000 1.000000 1.000000 1.000000 1.000000 1.000000 0.279673 0.279673 0.050178 0.001553 0.000010
6722.0 1.000000 1.000000 1.000000 1.000000 1.000000 1.000000 1.000000 0.279434 0.279434 0.050076 0.001565 0.000010
6723.0 1.000000 1.000000 1.000000 1.000000 1.000000 1.000000 1.000000 0.279196 0.279196 0.049973 0.001576 0.000010
6724.0 1.000000 1.000000 1.000000 1.000000 1.000000 1.000000 1.000000 0.278957 0.278957 0.049871 0.001588 0.000010
6725.0 1.000000 1.000000 1.000000 1.000000 1.000000 1.000000 1.000000 0.278719 0.278719 0.049769 0.001600 0.000010
6726.0 1.000000 1.000000 1.000000 1.000000 1.000000 1.000000 1.000000 0.278481 0.278481 0.049667 0.001612 0.000010
6727.0 1.000000 1.000000 1.000000 1.000000 1.000000 1.000000 1.000000 0.278243 0.278243 0.049565 0.001624 0.000010
6728.0 1.000000 1.000000 1.000000 1.000000 1.000000 1.000000 1.000000 0.278005 0.278005 0.049463 0.001636 0.000010
6729.0 1.000000 1.000000 1.000000 1.000000 1.000000 1.000000 1.000000 0.277767 0.277767 0.049362 0.001648 0.000010
6730.0 1.000000 1.000000 1.000000 1.000000 1.000000 1.000000 1.000000 0.277529 0.277529 0.049261 0.001661 0.000010
6731.0 1.000000 1.000000 1.000000 1.000000 1.000000 1.000000 1.000000 0.277291 0.277291 0.049159 0.001673 0.000010
6732.0 1.000000 1.000000 1.000000 1.000000 1.000000 1.000000 1.000000 0.277053 0.277053 0.049058 0.001685 0.000010
6733.0 1.000000 1.000000 1.000000 1.000000 1.000000 1.000000 1.000000 0.276816 0.276816 0.048957 0.001698 0.000010
6734.0 1.000000 1.000000 1.000000 1.000000 1.000000 1.000000 1.000000 0.276578 0.276578 0.048857 0.001711 0.000010
6735.0 1.000000 1.000000 1.000000 1.000000 1.000000 1.000000 1.000000 0.276341 0.276341 0.048756 0.001724 0.000010
6736.0 1.000000 1.000000 1.000000 1.000000 1.000000 1.000000 1.000000 0.276103 0.276103 0.048656 0.001736 0.000011
6737.0 1.000000 1.000000 1.000000 1.000000 1.000000 1.000000 1.000000 0.275866 0.275866 0.048555 0.001750 0.000011
6738.0 1.000000 1.000000 1.000000 1.000000 1.000000 1.000000 1.000000 0.275629 0.275629 0.048455 0.001763 0.000011
6739.0 1.000000 1.000000 1.000000 1.000000 1.000000 1.000000 1.000000 0.275391 0.275391 0.048355 0.001776 0.000011
6740.0 1.000000 1.000000 1.000000 1.000000 1.000000 1.000000 1.000000 0.275154 0.275154 0.048255 0.001789 0.000011
6741.0 1.000000 1.000000 1.000000 1.000000 1.000000 1.000000 1.000000 0.274917 0.274917 0.048156 0.001803 0.000011
6742.0 1.000000 1.000000 1.000000 1.000000 1.000000 1.000000 1.000000 0.274680 0.274680 0.048056 0.001816 0.000011
6743.0 1.000000 1.000000 1.000000 1.000000 1.000000 1.000000 1.000000 0.274443 0.274443 0.047957 0.001830 0.000011
6744.0 1.000000 1.000000 1.000000 1.000000 1.000000 1.000000 1.000000 0.274207 0.274207 0.047858 0.001843 0.000011
6745.0 1.000000 1.000000 1.000000 1.000000 1.000000 1.000000 1.000000 0.273970 0.273970 0.047759 0.001857 0.000011
6746.0 1.000000 1.000000 1.000000 1.000000 1.000000 1.000000 1.000000 0.273733 0.273733 0.047660 0.001871 0.000011
6747.0 1.000000 1.000000 1.000000 1.000000 1.000000 1.000000 1.000000 0.273497 0.273497 0.047561 0.001885 0.000011
6748.0 1.000000 1.000000 1.000000 1.000000 1.000000 1.000000 1.000000 0.273260 0.273260 0.047462 0.001900 0.000011
6749.0 1.000000 1.000000 1.000000 1.000000 1.000000 1.000000 1.000000 0.273024 0.273024 0.047364 0.001914 0.000011
6750.0 1.000000 1.000000 1.000000 1.000000 1.000000 1.000000 1.000000 0.272788 0.272788 0.047266 0.001928 0.000011
6751.0 1.000000 1.000000 1.000000 1.000000 1.000000 1.000000 1.000000 0.272551 0.272551 0.047168 0.001943 0.000012
6752.0 1.000000 1.000000 1.000000 1.000000 1.000000 1.000000 1.000000 0.272315 0.272315 0.047070 0.001957 0.000012
6753.0 1.000000 1.000000 1.000000 1.000000 1.000000 1.000000 1.000000 0.272079 0.272079 0.046972 0.001972 0.000012
6754.0 1.000000 1.000000 1.000000 1.000000 1.000000 1.000000 1.000000 0.271843 0.271843 0.046874 0.001987 0.000012
6755.0 1.000000 1.000000 1.000000 1.000000 1.000000 1.000000 1.000000 0.271607 0.271607 0.046776 0.002002 0.000012
6756.0 1.000000 1.000000 1.000000 1.000000 1.000000 1.000000 1.000000 0.271372 0.271372 0.046679 0.002017 0.000012
6757.0 1.000000 1.000000 1.000000 1.000000 1.000000 1.000000 1.000000 0.271136 0.271136 0.046582 0.002032 0.000012
6758.0 1.000000 1.000000 1.000000 1.000000 1.000000 1.000000 1.000000 0.270900 0.270900 0.046485 0.002048 0.000012
6759.0 1.000000 1.000000 1.000000 1.000000 1.000000 1.000000 1.000000 0.270665 0.270665 0.046388 0.002063 0.000012
6760.0 1.000000 1.000000 1.000000 1.000000 1.000000 1.000000 1.000000 0.270429 0.270429 0.046291 0.002079 0.000012
6761.0 1.000000 1.000000 1.000000 1.000000 1.000000 1.000000 1.000000 0.270194 0.270194 0.046194 0.002094 0.000012
6762.0 1.000000 1.000000 1.000000 1.000000 1.000000 1.000000 1.000000 0.269959 0.269959 0.046098 0.002110 0.000012
6763.0 1.000000 1.000000 1.000000 1.000000 1.000000 1.000000 1.000000 0.269723 0.269723 0.046002 0.002126 0.000012
6764.0 1.000000 1.000000 1.000000 1.000000 1.000000 1.000000 1.000000 0.269488 0.269488 0.045905 0.002142 0.000013
6765.0 1.000000 1.000000 1.000000 1.000000 1.000000 1.000000 1.000000 0.269253 0.269253 0.045809 0.002159 0.000013
6766.0 1.000000 1.000000 1.000000 1.000000 1.000000 1.000000 1.000000 0.269018 0.269018 0.045714 0.002175 0.000013
6767.0 1.000000 1.000000 1.000000 1.000000 1.000000 1.000000 1.000000 0.268783 0.268783 0.045618 0.002191 0.000013
6768.0 1.000000 1.000000 1.000000 1.000000 1.000000 1.000000 1.000000 0.268549 0.268549 0.045522 0.002208 0.000013
6769.0 1.000000 1.000000 1.000000 1.000000 1.000000 1.000000 1.000000 0.268314 0.268314 0.045427 0.002225 0.000013
6770.0 1.000000 1.000000 1.000000 1.000000 1.000000 1.000000 1.000000 0.268079 0.268079 0.045332 0.002242 0.000013
6771.0 1.000000 1.000000 1.000000 1.000000 1.000000 1.000000 1.000000 0.267845 0.267845 0.045236 0.002259 0.000013
6772.0 1.000000 1.000000 1.000000 1.000000 1.000000 1.000000 1.000000 0.267610 0.267610 0.045141 0.002276 0.000013
6773.0 1.000000 1.000000 1.000000 1.000000 1.000000 1.000000 1.000000 0.267376 0.267376 0.045047 0.002293 0.000013
6774.0 1.000000 1.000000 1.000000 1.000000 1.000000 1.000000 1.000000 0.267142 0.267142 0.044952 0.002310 0.000013
6775.0 1.000000 1.000000 1.000000 1.000000 1.000000 1.000000 1.000000 0.266907 0.266907 0.044857 0.002328 0.000013
6776.0 1.000000 1.000000 1.000000 1.000000 1.000000 1.000000 1.000000 0.266673 0.266673 0.044763 0.002346 0.000013
6777.0 1.000000 1.000000 1.000000 1.000000 1.000000 1.000000 1.000000 0.266439 0.266439 0.044669 0.002364 0.000014
6778.0 1.000000 1.000000 1.000000 1.000000 1.000000 1.000000 1.000000 0.266205 0.266205 0.044575 0.002382 0.000014
6779.0 1.000000 1.000000 1.000000 1.000000 1.000000 1.000000 1.000000 0.265971 0.265971 0.044481 0.002400 0.000014
6780.0 1.000000 1.000000 1.000000 1.000000 1.000000 1.000000 1.000000 0.265738 0.265738 0.044387 0.002418 0.000014
6781.0 1.000000 1.000000 1.000000 1.000000 1.000000 1.000000 1.000000 0.265504 0.265504 0.044293 0.002436 0.000014
6782.0 1.000000 1.000000 1.000000 1.000000 1.000000 1.000000 1.000000 0.265270 0.265270 0.044200 0.002455 0.000014
6783.0 1.000000 1.000000 1.000000 1.000000 1.000000 1.000000 1.000000 0.265037 0.265037 0.044106 0.002474 0.000014
6784.0 1.000000 1.000000 1.000000 1.000000 1.000000 1.000000 1.000000 0.264803 0.264803 0.044013 0.002493 0.000014
6785.0 1.000000 1.000000 1.000000 1.000000 1.000000 1.000000 1.000000 0.264570 0.264570 0.043920 0.002512 0.000014
6786.0 1.000000 1.000000 1.000000 1.000000 1.000000 1.000000 1.000000 0.264337 0.264337 0.043827 0.002531 0.000014
6787.0 1.000000 1.000000 1.000000 1.000000 1.000000 1.000000 1.000000 0.264104 0.264104 0.043735 0.002550 0.000014
6788.0 1.000000 1.000000 1.000000 1.000000 1.000000 1.000000 1.000000 0.263870 0.263870 0.043642 0.002569 0.000015
6789.0 1.000000 1.000000 1.000000 1.000000 1.000000 1.000000 1.000000 0.263637 0.263637 0.043550 0.002589 0.000015
6790.0 1.000000 1.000000 1.000000 1.000000 1.000000 1.000000 1.000000 0.263405 0.263405 0.043457 0.002609 0.000015
6791.0 1.000000 1.000000 1.000000 1.000000 1.000000 1.000000 1.000000 0.263172 0.263172 0.043365 0.002629 0.000015
6792.0 1.000000 1.000000 1.000000 1.000000 1.000000 1.000000 1.000000 0.262939 0.262939 0.043273 0.002649 0.000015
6793.0 1.000000 1.000000 1.000000 1.000000 1.000000 1.000000 1.000000 0.262706 0.262706 0.043181 0.002669 0.000015
6794.0 1.000000 1.000000 1.000000 1.000000 1.000000 1.000000 1.000000 0.262474 0.262474 0.043089 0.002690 0.000015
6795.0 1.000000 1.000000 1.000000 1.000000 1.000000 1.000000 1.000000 0.262241 0.262241 0.042998 0.002710 0.000015
6796.0 1.000000 1.000000 1.000000 1.000000 1.000000 1.000000 1.000000 0.262009 0.262009 0.042906 0.002731 0.000015
6797.0 1.000000 1.000000 1.000000 1.000000 1.000000 1.000000 1.000000 0.261777 0.261777 0.042815 0.002752 0.000015
6798.0 1.000000 1.000000 1.000000 1.000000 1.000000 1.000000 1.000000 0.261544 0.261544 0.042724 0.002773 0.000015
6799.0 1.000000 1.000000 1.000000 1.000000 1.000000 1.000000 1.000000 0.261312 0.261312 0.042633 0.002794 0.000016
6800.0 1.000000 1.000000 1.000000 1.000000 1.000000 1.000000 1.000000 0.261080 0.261080 0.042542 0.002816 0.000016
6801.0 1.000000 1.000000 1.000000 1.000000 1.000000 1.000000 1.000000 0.260848 0.260848 0.042451 0.002837 0.000016
6802.0 1.000000 1.000000 1.000000 1.000000 1.000000 1.000000 1.000000 0.260616 0.260616 0.042361 0.002859 0.000016
6803.0 1.000000 1.000000 1.000000 1.000000 1.000000 1.000000 1.000000 0.260384 0.260384 0.042270 0.002881 0.000016
6804.0 1.000000 1.000000 1.000000 1.000000 1.000000 1.000000 1.000000 0.260153 0.260153 0.042180 0.002903 0.000016
6805.0 1.000000 1.000000 1.000000 1.000000 1.000000 1.000000 1.000000 0.259921 0.259921 0.042090 0.002926 0.000016
6806.0 1.000000 1.000000 1.000000 1.000000 1.000000 1.000000 1.000000 0.259689 0.259689 0.042000 0.002948 0.000016
6807.0 1.000000 1.000000 1.000000 1.000000 1.000000 1.000000 1.000000 0.259458 0.259458 0.041910 0.002971 0.000016
6808.0 1.000000 1.000000 1.000000 1.000000 1.000000 1.000000 1.000000 0.259227 0.259227 0.086384 0.002994 0.000016
6809.0 1.000000 1.000000 1.000000 1.000000 1.000000 1.000000 1.000000 0.258995 0.258995 0.086242 0.003017 0.000017
6810.0 1.000000 1.000000 1.000000 1.000000 1.000000 1.000000 1.000000 0.258764 0.258764 0.086100 0.003040 0.000017
6811.0 1.000000 1.000000 1.000000 1.000000 1.000000 1.000000 1.000000 0.258533 0.258533 0.085958 0.003063 0.000017
6812.0 1.000000 1.000000 1.000000 1.000000 1.000000 1.000000 1.000000 0.258302 0.258302 0.085816 0.003087 0.000017
6813.0 1.000000 1.000000 1.000000 1.000000 1.000000 1.000000 1.000000 0.258071 0.258071 0.085675 0.003111 0.000017
6814.0 1.000000 1.000000 1.000000 1.000000 1.000000 1.000000 1.000000 0.257840 0.257840 0.085534 0.003135 0.000017
6815.0 1.000000 1.000000 1.000000 1.000000 1.000000 1.000000 1.000000 0.257610 0.257610 0.085392 0.003159 0.000017
6816.0 1.000000 1.000000 1.000000 1.000000 1.000000 1.000000 1.000000 0.257379 0.257379 0.085252 0.003183 0.000017
6817.0 1.000000 1.000000 1.000000 1.000000 1.000000 1.000000 1.000000 0.257148 0.257148 0.085111 0.003208 0.000017
6818.0 1.000000 1.000000 1.000000 1.000000 1.000000 1.000000 1.000000 0.256918 0.256918 0.084970 0.003233 0.000017
6819.0 1.000000 1.000000 1.000000 1.000000 1.000000 1.000000 1.000000 0.256687 0.256687 0.084830 0.003258 0.000018
6820.0 1.000000 1.000000 1.000000 1.000000 1.000000 1.000000 1.000000 0.256457 0.256457 0.084689 0.003283 0.000018
6821.0 1.000000 1.000000 1.000000 1.000000 1.000000 1.000000 1.000000 0.256227 0.256227 0.084549 0.003308 0.000018
6822.0 1.000000 1.000000 1.000000 1.000000 1.000000 1.000000 1.000000 0.255997 0.255997 0.084409 0.003334 0.000018
6823.0 1.000000 1.000000 1.000000 1.000000 1.000000 1.000000 1.000000 0.255767 0.255767 0.084269 0.003360 0.000018
6824.0 1.000000 1.000000 1.000000 1.000000 1.000000 1.000000 1.000000 0.255537 0.255537 0.084129 0.003386 0.000018
6825.0 1.000000 1.000000 1.000000 1.000000 1.000000 1.000000 1.000000 0.255307 0.255307 0.083990 0.003412 0.000018
6826.0 1.000000 1.000000 1.000000 1.000000 1.000000 1.000000 1.000000 0.255077 0.255077 0.083851 0.003438 0.000018
6827.0 1.000000 1.000000 1.000000 1.000000 1.000000 1.000000 1.000000 0.254847 0.254847 0.083711 0.003465 0.000019
6828.0 1.000000 1.000000 1.000000 1.000000 1.000000 1.000000 1.000000 0.254618 0.254618 0.083572 0.003492 0.000019
6829.0 1.000000 1.000000 1.000000 1.000000 1.000000 1.000000 1.000000 0.254388 0.254388 0.083433 0.003519 0.000019
6830.0 1.000000 1.000000 1.000000 1.000000 1.000000 1.000000 1.000000 0.254159 0.254159 0.083295 0.003546 0.000019
6831.0 1.000000 1.000000 1.000000 1.000000 1.000000 1.000000 1.000000 0.253929 0.253929 0.083156 0.003574 0.000019
6832.0 1.000000 1.000000 1.000000 1.000000 1.000000 1.000000 1.000000 0.253700 0.253700 0.083018 0.003601 0.000019
6833.0 1.000000 1.000000 1.000000 1.000000 1.000000 1.000000 1.000000 0.253471 0.253471 0.082879 0.003629 0.000019
6834.0 1.000000 1.000000 1.000000 1.000000 1.000000 1.000000 1.000000 0.253242 0.253242 0.082741 0.003658 0.000019
6835.0 1.000000 1.000000 1.000000 1.000000 1.000000 1.000000 1.000000 0.253013 0.253013 0.082603 0.003686 0.000019
6836.0 1.000000 1.000000 1.000000 1.000000 1.000000 1.000000 1.000000 0.252784 0.252784 0.082466 0.003715 0.000020
6837.0 1.000000 1.000000 1.000000 1.000000 1.000000 1.000000 1.000000 0.252555 0.252555 0.082328 0.003744 0.000020
6838.0 1.000000 1.000000 1.000000 1.000000 1.000000 1.000000 1.000000 0.252327 0.252327 0.082190 0.003773 0.000020
6839.0 1.000000 1.000000 1.000000 1.000000 1.000000 1.000000 1.000000 0.252098 0.252098 0.082053 0.003763 0.000020
6840.0 1.000000 1.000000 1.000000 1.000000 1.000000 1.000000 1.000000 0.251869 0.251869 0.081916 0.003748 0.000020
6841.0 1.000000 1.000000 1.000000 1.000000 1.000000 1.000000 1.000000 0.251641 0.251641 0.081779 0.003733 0.000020
6842.0 1.000000 1.000000 1.000000 1.000000 1.000000 1.000000 1.000000 0.251413 0.251413 0.081642 0.003718 0.000020
6843.0 1.000000 1.000000 1.000000 1.000000 1.000000 1.000000 1.000000 0.251184 0.251184 0.081505 0.003703 0.000020
6844.0 1.000000 1.000000 1.000000 1.000000 1.000000 1.000000 1.000000 0.250956 0.250956 0.081369 0.003689 0.000021
6845.0 1.000000 1.000000 1.000000 1.000000 1.000000 1.000000 1.000000 0.250728 0.250728 0.081233 0.003674 0.000021
6846.0 1.000000 1.000000 1.000000 1.000000 1.000000 1.000000 1.000000 0.250500 0.250500 0.081096 0.003692 0.000021
6847.0 1.000000 1.000000 1.000000 1.000000 1.000000 1.000000 1.000000 0.250272 0.250272 0.080960 0.003717 0.000021
6848.0 1.000000 1.000000 1.000000 1.000000 1.000000 1.000000 1.000000 0.250044 0.250044 0.080824 0.003726 0.000021
6849.0 1.000000 1.000000 1.000000 1.000000 1.000000 1.000000 1.000000 0.249817 0.249817 0.080689 0.003738 0.000021
6850.0 1.000000 1.000000 1.000000 1.000000 1.000000 1.000000 1.000000 0.249589 0.249589 0.080553 0.003754 0.000021
6851.0 1.000000 1.000000 1.000000 1.000000 1.000000 1.000000 1.000000 0.249362 0.249362 0.080418 0.003773 0.000022
6852.0 1.000000 1.000000 1.000000 1.000000 1.000000 1.000000 1.000000 0.249134 0.249134 0.080282 0.003797 0.000022
6853.0 1.000000 1.000000 1.000000 1.000000 1.000000 1.000000 1.000000 0.248907 0.248907 0.080147 0.003827 0.000022
6854.0 1.000000 1.000000 1.000000 1.000000 1.000000 1.000000 1.000000 0.248680 0.248680 0.080012 0.003864 0.000022
6855.0 1.000000 1.000000 1.000000 1.000000 1.000000 1.000000 1.000000 0.248452 0.248452 0.079877 0.003849 0.000022
6856.0 1.000000 1.000000 1.000000 1.000000 1.000000 1.000000 1.000000 0.248225 0.248225 0.079743 0.003895 0.000022
6857.0 1.000000 1.000000 1.000000 1.000000 1.000000 1.000000 1.000000 0.247998 0.247998 0.079608 0.003879 0.000022
6858.0 1.000000 1.000000 1.000000 1.000000 1.000000 1.000000 1.000000 0.247772 0.247772 0.079474 0.003936 0.000023
6859.0 1.000000 1.000000 1.000000 1.000000 1.000000 1.000000 1.000000 0.247545 0.247545 0.079340 0.003920 0.000023
6860.0 1.000000 1.000000 1.000000 1.000000 1.000000 1.000000 1.000000 0.247318 0.247318 0.079206 0.003991 0.000023
6861.0 1.000000 1.000000 1.000000 1.000000 1.000000 1.000000 1.000000 0.247091 0.247091 0.079072 0.003975 0.000023
6862.0 1.000000 1.000000 1.000000 1.000000 1.000000 1.000000 1.000000 0.246865 0.246865 0.078938 0.004062 0.000023
6863.0 1.000000 1.000000 1.000000 1.000000 1.000000 1.000000 1.000000 0.246639 0.246639 0.078805 0.004046 0.000023
6864.0 1.000000 1.000000 1.000000 1.000000 1.000000 1.000000 1.000000 0.246412 0.246412 0.078671 0.004031 0.000023
6865.0 1.000000 1.000000 1.000000 1.000000 1.000000 1.000000 1.000000 0.246186 0.246186 0.078538 0.004141 0.000024
6866.0 1.000000 1.000000 1.000000 1.000000 1.000000 1.000000 1.000000 0.245960 0.245960 0.078405 0.004124 0.000024
6867.0 1.000000 1.000000 1.000000 1.000000 1.000000 1.000000 1.000000 0.245734 0.245734 0.078272 0.004108 0.000024
6868.0 1.000000 1.000000 1.000000 1.000000 1.000000 1.000000 1.000000 0.245508 0.245508 0.078139 0.004092 0.000024
6869.0 1.000000 1.000000 1.000000 1.000000 1.000000 1.000000 1.000000 0.245282 0.245282 0.078007 0.004232 0.000024
6870.0 1.000000 1.000000 1.000000 1.000000 1.000000 1.000000 1.000000 0.245056 0.245056 0.077874 0.004216 0.000024
6871.0 1.000000 1.000000 1.000000 1.000000 1.000000 1.000000 1.000000 0.244830 0.244830 0.077742 0.004199 0.000024
6872.0 1.000000 1.000000 1.000000 1.000000 1.000000 1.000000 1.000000 0.244605 0.244605 0.077610 0.004183 0.000025
6873.0 1.000000 1.000000 1.000000 1.000000 1.000000 1.000000 1.000000 0.244379 0.244379 0.077478 0.004166 0.000025
6874.0 1.000000 1.000000 1.000000 1.000000 1.000000 1.000000 1.000000 0.244154 0.244154 0.077346 0.004346 0.000025
6875.0 1.000000 1.000000 1.000000 1.000000 1.000000 1.000000 1.000000 0.243929 0.243929 0.077214 0.004329 0.000025
6876.0 1.000000 1.000000 1.000000 1.000000 1.000000 1.000000 1.000000 0.243703 0.243703 0.077083 0.004313 0.000025
6877.0 1.000000 1.000000 1.000000 1.000000 1.000000 1.000000 1.000000 0.243478 0.243478 0.076951 0.004296 0.000025
6878.0 1.000000 1.000000 1.000000 1.000000 1.000000 1.000000 1.000000 0.243253 0.243253 0.076820 0.004279 0.000026
6879.0 1.000000 1.000000 1.000000 1.000000 1.000000 1.000000 1.000000 0.243028 0.243028 0.076689 0.004516 0.000026
6880.0 1.000000 1.000000 1.000000 1.000000 1.000000 1.000000 1.000000 0.242803 0.242803 0.076558 0.004499 0.000026
6881.0 1.000000 1.000000 1.000000 1.000000 1.000000 1.000000 1.000000 0.242579 0.242579 0.076427 0.004481 0.000026
6882.0 1.000000 1.000000 1.000000 1.000000 1.000000 1.000000 1.000000 0.242354 0.242354 0.076297 0.004464 0.000026
6883.0 1.000000 1.000000 1.000000 1.000000 1.000000 1.000000 1.000000 0.242130 0.242130 0.076166 0.004447 0.000026
6884.0 1.000000 1.000000 1.000000 1.000000 1.000000 1.000000 1.000000 0.241905 0.241905 0.076036 0.004429 0.000027
6885.0 1.000000 1.000000 1.000000 1.000000 1.000000 1.000000 1.000000 0.241681 0.241681 0.075906 0.004412 0.000027
6886.0 1.000000 1.000000 1.000000 1.000000 1.000000 1.000000 1.000000 0.241456 0.241456 0.075776 0.004730 0.000027
6887.0 1.000000 1.000000 1.000000 1.000000 1.000000 1.000000 1.000000 0.241232 0.241232 0.075646 0.004712 0.000027
6888.0 1.000000 1.000000 1.000000 1.000000 1.000000 1.000000 1.000000 0.241008 0.241008 0.075517 0.004694 0.000027
6889.0 1.000000 1.000000 1.000000 1.000000 1.000000 1.000000 1.000000 0.240784 0.240784 0.075387 0.004676 0.000028
6890.0 1.000000 1.000000 1.000000 1.000000 1.000000 1.000000 1.000000 0.240560 0.240560 0.075258 0.004659 0.000028
6891.0 1.000000 1.000000 1.000000 1.000000 1.000000 1.000000 1.000000 0.240336 0.240336 0.075129 0.004641 0.000028
6892.0 1.000000 1.000000 1.000000 1.000000 1.000000 1.000000 1.000000 0.240113 0.240113 0.075000 0.004623 0.000028
6893.0 1.000000 1.000000 1.000000 1.000000 1.000000 1.000000 1.000000 0.239889 0.239889 0.074871 0.004605 0.000028
6894.0 1.000000 1.000000 1.000000 1.000000 1.000000 1.000000 1.000000 0.239666 0.239666 0.074742 0.004587 0.000028
6895.0 1.000000 1.000000 1.000000 1.000000 1.000000 1.000000 1.000000 0.239442 0.239442 0.074613 0.004570 0.000029
6896.0 1.000000 1.000000 1.000000 1.000000 1.000000 1.000000 1.000000 0.239219 0.239219 0.074485 0.005009 0.000029
6897.0 1.000000 1.000000 1.000000 1.000000 1.000000 1.000000 1.000000 0.238996 0.238996 0.074357 0.004990 0.000029
6898.0 1.000000 1.000000 1.000000 1.000000 1.000000 1.000000 1.000000 0.238772 0.238772 0.074229 0.004971 0.000029
6899.0 1.000000 1.000000 1.000000 1.000000 1.000000 1.000000 1.000000 0.238549 0.238549 0.074101 0.004952 0.000029
6900.0 1.000000 1.000000 1.000000 1.000000 1.000000 1.000000 1.000000 0.238326 0.238326 0.073973 0.004934 0.000030
6901.0 1.000000 1.000000 1.000000 1.000000 1.000000 1.000000 1.000000 0.238104 0.238104 0.073845 0.004915 0.000030
6902.0 1.000000 1.000000 1.000000 1.000000 1.000000 1.000000 1.000000 0.237881 0.237881 0.073718 0.004896 0.000030
6903.0 1.000000 1.000000 1.000000 1.000000 1.000000 1.000000 1.000000 0.237658 0.237658 0.073590 0.004878 0.000030
6904.0 1.000000 1.000000 1.000000 1.000000 1.000000 1.000000 1.000000 0.237436 0.237436 0.073463 0.004859 0.000030
6905.0 1.000000 1.000000 1.000000 1.000000 1.000000 1.000000 1.000000 0.237213 0.237213 0.073336 0.004841 0.000031
6906.0 1.000000 1.000000 1.000000 1.000000 1.000000 1.000000 1.000000 0.236991 0.236991 0.073209 0.004822 0.000031
6907.0 1.000000 1.000000 1.000000 1.000000 1.000000 1.000000 1.000000 0.236768 0.236768 0.073083 0.004804 0.000031
6908.0 1.000000 1.000000 1.000000 1.000000 1.000000 1.000000 1.000000 0.236546 0.236546 0.072956 0.005436 0.000031
6909.0 1.000000 1.000000 1.000000 1.000000 1.000000 1.000000 1.000000 0.236324 0.236324 0.072830 0.005416 0.000031
6910.0 1.000000 1.000000 1.000000 1.000000 1.000000 1.000000 1.000000 0.236102 0.236102 0.072703 0.005396 0.000032
6911.0 1.000000 1.000000 1.000000 1.000000 1.000000 1.000000 1.000000 0.235880 0.235880 0.072577 0.005376 0.000032
6912.0 1.000000 1.000000 1.000000 1.000000 1.000000 1.000000 1.000000 0.235659 0.235659 0.072451 0.005356 0.000032
6913.0 1.000000 1.000000 1.000000 1.000000 1.000000 1.000000 1.000000 0.235437 0.235437 0.072326 0.005336 0.000032
6914.0 1.000000 1.000000 1.000000 1.000000 1.000000 1.000000 1.000000 0.235215 0.235215 0.072200 0.005316 0.000032
6915.0 1.000000 1.000000 1.000000 1.000000 1.000000 1.000000 1.000000 0.234994 0.234994 0.072074 0.005296 0.000033
6916.0 1.000000 1.000000 1.000000 1.000000 1.000000 1.000000 1.000000 0.234772 0.234772 0.071949 0.005276 0.000033
6917.0 1.000000 1.000000 1.000000 1.000000 1.000000 1.000000 1.000000 0.234551 0.234551 0.071824 0.005257 0.000033
6918.0 1.000000 1.000000 1.000000 1.000000 1.000000 1.000000 1.000000 0.234330 0.234330 0.071699 0.005237 0.000033
6919.0 1.000000 1.000000 1.000000 1.000000 1.000000 1.000000 1.000000 0.234109 0.234109 0.071574 0.005218 0.000033
6920.0 1.000000 1.000000 1.000000 1.000000 1.000000 1.000000 1.000000 0.233888 0.233888 0.071449 0.005198 0.000034
6921.0 1.000000 1.000000 1.000000 1.000000 1.000000 1.000000 1.000000 0.233667 0.233667 0.071325 0.005178 0.000034
6922.0 1.000000 1.000000 1.000000 1.000000 1.000000 1.000000 1.000000 0.233446 0.233446 0.071200 0.005159 0.000034
6923.0 1.000000 1.000000 1.000000 1.000000 1.000000 1.000000 1.000000 0.233225 0.233225 0.071076 0.005140 0.000034
6924.0 1.000000 1.000000 1.000000 1.000000 1.000000 1.000000 1.000000 0.233004 0.233004 0.070952 0.006101 0.000035
6925.0 1.000000 1.000000 1.000000 1.000000 1.000000 1.000000 1.000000 0.232784 0.232784 0.070828 0.006079 0.000035
6926.0 1.000000 1.000000 1.000000 1.000000 1.000000 1.000000 1.000000 0.232563 0.232563 0.070704 0.006057 0.000035
6927.0 1.000000 1.000000 1.000000 1.000000 1.000000 1.000000 1.000000 0.232343 0.232343 0.070581 0.006035 0.000035
6928.0 1.000000 1.000000 1.000000 1.000000 1.000000 1.000000 1.000000 0.232123 0.232123 0.070457 0.006013 0.000035
6929.0 1.000000 1.000000 1.000000 1.000000 1.000000 1.000000 1.000000 0.231903 0.231903 0.070334 0.005991 0.000036
6930.0 1.000000 1.000000 1.000000 1.000000 1.000000 1.000000 1.000000 0.231683 0.231683 0.070211 0.005969 0.000036
6931.0 1.000000 1.000000 1.000000 1.000000 1.000000 1.000000 1.000000 0.231463 0.231463 0.070087 0.005947 0.000036
6932.0 1.000000 1.000000 1.000000 1.000000 1.000000 1.000000 1.000000 0.231243 0.231243 0.069965 0.005925 0.000036
6933.0 1.000000 1.000000 1.000000 1.000000 1.000000 1.000000 1.000000 0.231023 0.231023 0.069842 0.005904 0.000037
6934.0 1.000000 1.000000 1.000000 1.000000 1.000000 1.000000 1.000000 0.230803 0.230803 0.069719 0.005882 0.000037
6935.0 1.000000 1.000000 1.000000 1.000000 1.000000 1.000000 1.000000 0.230584 0.230584 0.069597 0.005861 0.000037
6936.0 1.000000 1.000000 1.000000 1.000000 1.000000 1.000000 1.000000 0.230364 0.230364 0.069475 0.005839 0.000037
6937.0 1.000000 1.000000 1.000000 1.000000 1.000000 1.000000 1.000000 0.230145 0.230145 0.069352 0.005818 0.000038
6938.0 1.000000 1.000000 1.000000 1.000000 1.000000 1.000000 1.000000 0.229926 0.229926 0.069230 0.005797 0.000038
6939.0 1.000000 1.000000 1.000000 1.000000 1.000000 1.000000 1.000000 0.229707 0.229707 0.069109 0.005775 0.000038
6940.0 1.000000 1.000000 1.000000 1.000000 1.000000 1.000000 1.000000 0.229487 0.229487 0.068987 0.005754 0.000038
6941.0 1.000000 1.000000 1.000000 1.000000 1.000000 1.000000 1.000000 0.229268 0.229268 0.068865 0.005733 0.000039
6942.0 1.000000 1.000000 1.000000 1.000000 1.000000 1.000000 1.000000 0.229050 0.229050 0.068744 0.005712 0.000039
6943.0 1.000000 1.000000 1.000000 1.000000 1.000000 1.000000 1.000000 0.228831 0.228831 0.068623 0.005691 0.000039
6944.0 1.000000 1.000000 1.000000 1.000000 1.000000 1.000000 1.000000 0.228612 0.228612 0.068502 0.005670 0.000039
6945.0 1.000000 1.000000 1.000000 1.000000 1.000000 1.000000 1.000000 0.228394 0.228394 0.068381 0.005649 0.000040
6946.0 1.000000 1.000000 1.000000 1.000000 1.000000 1.000000 1.000000 0.228175 0.228175 0.068260 0.005628 0.000040
6947.0 1.000000 1.000000 1.000000 1.000000 1.000000 1.000000 1.000000 0.227957 0.227957 0.068139 0.007068 0.000040
6948.0 1.000000 1.000000 1.000000 1.000000 1.000000 1.000000 1.000000 0.227738 0.227738 0.068019 0.007043 0.000040
6949.0 1.000000 1.000000 1.000000 1.000000 1.000000 1.000000 1.000000 0.227520 0.227520 0.067899 0.007018 0.000041
6950.0 1.000000 1.000000 1.000000 1.000000 1.000000 1.000000 1.000000 0.227302 0.227302 0.067779 0.006993 0.000041
6951.0 1.000000 1.000000 1.000000 1.000000 1.000000 1.000000 1.000000 0.227084 0.227084 0.067659 0.006969 0.000041
6952.0 1.000000 1.000000 1.000000 1.000000 1.000000 1.000000 1.000000 0.226866 0.226866 0.067539 0.006944 0.000042
6953.0 1.000000 1.000000 1.000000 1.000000 1.000000 1.000000 1.000000 0.226648 0.226648 0.067419 0.006919 0.000042
6954.0 1.000000 1.000000 1.000000 1.000000 1.000000 1.000000 1.000000 0.226431 0.226431 0.067299 0.006895 0.000042
6955.0 1.000000 1.000000 1.000000 1.000000 1.000000 1.000000 1.000000 0.226213 0.226213 0.067180 0.006870 0.000042
6956.0 1.000000 1.000000 1.000000 1.000000 1.000000 1.000000 1.000000 0.225996 0.225996 0.067061 0.006846 0.000043
6957.0 1.000000 1.000000 1.000000 1.000000 1.000000 1.000000 1.000000 0.225778 0.225778 0.066942 0.006822 0.000043
6958.0 1.000000 1.000000 1.000000 1.000000 1.000000 1.000000 1.000000 0.225561 0.225561 0.066823 0.006797 0.000043
6959.0 1.000000 1.000000 1.000000 1.000000 1.000000 1.000000 1.000000 0.225344 0.225344 0.066704 0.006773 0.000043
6960.0 1.000000 1.000000 1.000000 1.000000 1.000000 1.000000 1.000000 0.225127 0.225127 0.066585 0.006749 0.000044
6961.0 1.000000 1.000000 1.000000 1.000000 1.000000 1.000000 1.000000 0.224910 0.224910 0.066467 0.006725 0.000044
6962.0 1.000000 1.000000 1.000000 1.000000 1.000000 1.000000 1.000000 0.224693 0.224693 0.066348 0.006701 0.000044
6963.0 1.000000 1.000000 1.000000 1.000000 1.000000 1.000000 1.000000 0.224476 0.224476 0.066230 0.006677 0.000045
6964.0 1.000000 1.000000 1.000000 1.000000 1.000000 1.000000 1.000000 0.224259 0.224259 0.066112 0.006654 0.000045
6965.0 1.000000 1.000000 1.000000 1.000000 1.000000 1.000000 1.000000 0.224043 0.224043 0.065994 0.006630 0.000045
6966.0 1.000000 1.000000 1.000000 1.000000 1.000000 1.000000 1.000000 0.223826 0.223826 0.065876 0.006606 0.000046
6967.0 1.000000 1.000000 1.000000 1.000000 1.000000 1.000000 1.000000 0.223610 0.223610 0.065759 0.006583 0.000046
6968.0 1.000000 1.000000 1.000000 1.000000 1.000000 1.000000 1.000000 0.223394 0.223394 0.065641 0.006559 0.000046
6969.0 1.000000 1.000000 1.000000 1.000000 1.000000 1.000000 1.000000 0.223178 0.223178 0.065524 0.006536 0.000046
6970.0 1.000000 1.000000 1.000000 1.000000 1.000000 1.000000 1.000000 0.222961 0.222961 0.065407 0.006512 0.000047
6971.0 1.000000 1.000000 1.000000 1.000000 1.000000 1.000000 1.000000 0.222745 0.222745 0.065290 0.006489 0.000047
6972.0 1.000000 1.000000 1.000000 1.000000 1.000000 1.000000 1.000000 0.222530 0.222530 0.065173 0.006466 0.000047
6973.0 1.000000 1.000000 1.000000 1.000000 1.000000 1.000000 1.000000 0.222314 0.222314 0.065056 0.006442 0.000048
6974.0 1.000000 1.000000 1.000000 1.000000 1.000000 1.000000 1.000000 0.222098 0.222098 0.064940 0.006419 0.000048
6975.0 1.000000 1.000000 1.000000 1.000000 1.000000 1.000000 1.000000 0.221883 0.221883 0.064823 0.006396 0.000048
6976.0 1.000000 1.000000 1.000000 1.000000 1.000000 1.000000 1.000000 0.221667 0.221667 0.064707 0.006373 0.000049
6977.0 1.000000 1.000000 1.000000 1.000000 1.000000 1.000000 1.000000 0.221452 0.221452 0.064591 0.006350 0.000049
6978.0 1.000000 1.000000 1.000000 1.000000 1.000000 1.000000 1.000000 0.221236 0.221236 0.064475 0.006328 0.000049
6979.0 1.000000 1.000000 1.000000 1.000000 1.000000 1.000000 1.000000 0.221021 0.221021 0.064359 0.006305 0.000050
6980.0 1.000000 1.000000 1.000000 1.000000 1.000000 1.000000 1.000000 0.220806 0.220806 0.064244 0.006282 0.000050
6981.0 1.000000 1.000000 1.000000 1.000000 1.000000 1.000000 1.000000 0.220591 0.220591 0.064128 0.008579 0.000050
6982.0 1.000000 1.000000 1.000000 1.000000 1.000000 1.000000 1.000000 0.220376 0.220376 0.064013 0.008550 0.000051
6983.0 1.000000 1.000000 1.000000 1.000000 1.000000 1.000000 1.000000 0.220162 0.220162 0.063898 0.008521 0.000051
6984.0 1.000000 1.000000 1.000000 1.000000 1.000000 1.000000 1.000000 0.219947 0.219947 0.063782 0.008492 0.000051
6985.0 1.000000 1.000000 1.000000 1.000000 1.000000 1.000000 1.000000 0.219732 0.219732 0.063668 0.008463 0.000052
6986.0 1.000000 1.000000 1.000000 1.000000 1.000000 1.000000 1.000000 0.219518 0.219518 0.063553 0.008435 0.000052
6987.0 1.000000 1.000000 1.000000 1.000000 1.000000 1.000000 1.000000 0.219304 0.219304 0.063438 0.008406 0.000052
6988.0 1.000000 1.000000 1.000000 1.000000 1.000000 1.000000 1.000000 0.219089 0.219089 0.063324 0.008377 0.000053
6989.0 1.000000 1.000000 1.000000 1.000000 1.000000 1.000000 1.000000 0.218875 0.218875 0.063209 0.008349 0.000053
6990.0 1.000000 1.000000 1.000000 1.000000 1.000000 1.000000 1.000000 0.218661 0.218661 0.063095 0.008320 0.000053
6991.0 1.000000 1.000000 1.000000 1.000000 1.000000 1.000000 1.000000 0.218447 0.218447 0.062981 0.008292 0.000054
6992.0 1.000000 1.000000 1.000000 1.000000 1.000000 1.000000 1.000000 0.218233 0.218233 0.062867 0.008264 0.000054
6993.0 1.000000 1.000000 1.000000 1.000000 1.000000 1.000000 1.000000 0.218019 0.218019 0.062753 0.008235 0.000055
6994.0 1.000000 1.000000 1.000000 1.000000 1.000000 1.000000 1.000000 0.217806 0.217806 0.062640 0.008207 0.000055
6995.0 1.000000 1.000000 1.000000 1.000000 1.000000 1.000000 1.000000 0.217592 0.217592 0.062526 0.008179 0.000055
6996.0 1.000000 1.000000 1.000000 1.000000 1.000000 1.000000 1.000000 0.217379 0.217379 0.062413 0.008151 0.000056
6997.0 1.000000 1.000000 1.000000 1.000000 1.000000 1.000000 1.000000 0.217166 0.217166 0.062300 0.008123 0.000056
6998.0 1.000000 1.000000 1.000000 1.000000 1.000000 1.000000 1.000000 0.216952 0.216952 0.062187 0.008096 0.000056
6999.0 1.000000 1.000000 1.000000 1.000000 1.000000 1.000000 1.000000 0.216739 0.216739 0.062074 0.008068 0.000057
7000.0 1.000000 1.000000 1.000000 1.000000 1.000000 1.000000 1.000000 0.216526 0.216526 0.061961 0.008040 0.000057
7001.0 1.000000 1.000000 1.000000 1.000000 1.000000 1.000000 1.000000 0.216313 0.216313 0.061849 0.008013 0.000058
7002.0 1.000000 1.000000 1.000000 1.000000 1.000000 1.000000 1.000000 0.216100 0.216100 0.061737 0.007985 0.000058
7003.0 1.000000 1.000000 1.000000 1.000000 1.000000 1.000000 1.000000 0.215888 0.215888 0.061624 0.007958 0.000058
7004.0 1.000000 1.000000 1.000000 1.000000 1.000000 1.000000 1.000000 0.215675 0.215675 0.061512 0.007930 0.000059
7005.0 1.000000 1.000000 1.000000 1.000000 1.000000 1.000000 1.000000 0.215463 0.215463 0.061400 0.007903 0.000059
7006.0 1.000000 1.000000 1.000000 1.000000 1.000000 1.000000 1.000000 0.215250 0.215250 0.061288 0.007876 0.000060
7007.0 1.000000 1.000000 1.000000 1.000000 1.000000 1.000000 1.000000 0.215038 0.215038 0.061177 0.007849 0.000060
7008.0 1.000000 1.000000 1.000000 1.000000 1.000000 1.000000 1.000000 0.214826 0.214826 0.061065 0.007822 0.000060
7009.0 1.000000 1.000000 1.000000 1.000000 1.000000 1.000000 1.000000 0.214613 0.214613 0.060954 0.007795 0.000061
7010.0 1.000000 1.000000 1.000000 1.000000 1.000000 1.000000 1.000000 0.214401 0.214401 0.060842 0.007768 0.000061
7011.0 1.000000 1.000000 1.000000 1.000000 1.000000 1.000000 1.000000 0.214190 0.214190 0.060731 0.007741 0.000062
7012.0 1.000000 1.000000 1.000000 1.000000 1.000000 1.000000 1.000000 0.213978 0.213978 0.060620 0.007714 0.000062
7013.0 1.000000 1.000000 1.000000 1.000000 1.000000 1.000000 1.000000 0.213766 0.213766 0.060510 0.007687 0.000062
7014.0 1.000000 1.000000 1.000000 1.000000 1.000000 1.000000 1.000000 0.213555 0.213555 0.060399 0.007661 0.000063
7015.0 1.000000 1.000000 1.000000 1.000000 1.000000 1.000000 1.000000 0.213343 0.213343 0.060289 0.007634 0.000063
7016.0 1.000000 1.000000 1.000000 1.000000 1.000000 1.000000 1.000000 0.213132 0.213132 0.060178 0.007608 0.000064
7017.0 1.000000 1.000000 1.000000 1.000000 1.000000 1.000000 1.000000 0.212921 0.212921 0.060068 0.007581 0.000064
7018.0 1.000000 1.000000 1.000000 1.000000 1.000000 1.000000 1.000000 0.212709 0.212709 0.059958 0.007555 0.000065
7019.0 1.000000 1.000000 1.000000 1.000000 1.000000 1.000000 1.000000 0.212498 0.212498 0.059848 0.007529 0.000065
7020.0 1.000000 1.000000 1.000000 1.000000 1.000000 1.000000 1.000000 0.212287 0.212287 0.059738 0.007503 0.000065
7021.0 1.000000 1.000000 1.000000 1.000000 1.000000 1.000000 1.000000 0.212076 0.212076 0.059629 0.007477 0.000066
7022.0 1.000000 1.000000 1.000000 1.000000 1.000000 1.000000 1.000000 0.211866 0.211866 0.059519 0.007451 0.000066
7023.0 1.000000 1.000000 1.000000 1.000000 1.000000 1.000000 1.000000 0.211655 0.211655 0.059410 0.007425 0.000067
7024.0 1.000000 1.000000 1.000000 1.000000 1.000000 1.000000 1.000000 0.211445 0.211445 0.059301 0.007399 0.000067
7025.0 1.000000 1.000000 1.000000 1.000000 1.000000 1.000000 1.000000 0.211234 0.211234 0.059192 0.007373 0.000068
7026.0 1.000000 1.000000 1.000000 1.000000 1.000000 1.000000 1.000000 0.211024 0.211024 0.059083 0.007347 0.000068
7027.0 1.000000 1.000000 1.000000 1.000000 1.000000 1.000000 1.000000 0.210814 0.210814 0.058974 0.007322 0.000069
7028.0 1.000000 1.000000 1.000000 1.000000 1.000000 1.000000 1.000000 0.210603 0.210603 0.058865 0.007296 0.000069
7029.0 1.000000 1.000000 1.000000 1.000000 1.000000 1.000000 1.000000 0.210393 0.210393 0.058757 0.007271 0.000070
7030.0 1.000000 1.000000 1.000000 1.000000 1.000000 1.000000 1.000000 0.210184 0.210184 0.058648 0.007245 0.000070
7031.0 1.000000 1.000000 1.000000 1.000000 1.000000 1.000000 1.000000 0.209974 0.209974 0.058540 0.007220 0.000071
7032.0 1.000000 1.000000 1.000000 1.000000 1.000000 1.000000 1.000000 0.209764 0.209764 0.058432 0.007194 0.000071
7033.0 1.000000 1.000000 1.000000 1.000000 1.000000 1.000000 1.000000 0.209554 0.209554 0.058324 0.007169 0.000072
7034.0 1.000000 1.000000 1.000000 1.000000 1.000000 1.000000 1.000000 0.209345 0.209345 0.058217 0.013267 0.000072
7035.0 1.000000 1.000000 1.000000 1.000000 1.000000 1.000000 1.000000 0.209136 0.209136 0.058109 0.013230 0.000073
7036.0 1.000000 1.000000 1.000000 1.000000 1.000000 1.000000 1.000000 0.208926 0.208926 0.058002 0.013192 0.000073
7037.0 1.000000 1.000000 1.000000 1.000000 1.000000 1.000000 1.000000 0.208717 0.208717 0.057894 0.013155 0.000074
7038.0 1.000000 1.000000 1.000000 1.000000 1.000000 1.000000 1.000000 0.208508 0.208508 0.057787 0.013117 0.000074
7039.0 1.000000 1.000000 1.000000 1.000000 1.000000 1.000000 1.000000 0.208299 0.208299 0.057680 0.013080 0.000075
7040.0 1.000000 1.000000 1.000000 1.000000 1.000000 1.000000 1.000000 0.208090 0.208090 0.057573 0.013042 0.000075
7041.0 1.000000 1.000000 1.000000 1.000000 1.000000 1.000000 1.000000 0.207881 0.207881 0.057466 0.013005 0.000076
7042.0 1.000000 1.000000 1.000000 1.000000 1.000000 1.000000 1.000000 0.207673 0.207673 0.057360 0.012968 0.000076
7043.0 1.000000 1.000000 1.000000 1.000000 1.000000 1.000000 1.000000 0.207464 0.207464 0.057253 0.012931 0.000077
7044.0 1.000000 1.000000 1.000000 1.000000 1.000000 1.000000 1.000000 0.207256 0.207256 0.057147 0.012894 0.000077
7045.0 1.000000 1.000000 1.000000 1.000000 1.000000 1.000000 1.000000 0.207048 0.207048 0.057041 0.012857 0.000078
7046.0 1.000000 1.000000 1.000000 1.000000 1.000000 1.000000 1.000000 0.206839 0.206839 0.056935 0.012821 0.000078
7047.0 1.000000 1.000000 1.000000 1.000000 1.000000 1.000000 1.000000 0.206631 0.206631 0.056829 0.012784 0.000079
7048.0 1.000000 1.000000 1.000000 1.000000 1.000000 1.000000 1.000000 0.206423 0.206423 0.056723 0.012747 0.000079
7049.0 1.000000 1.000000 1.000000 1.000000 1.000000 1.000000 1.000000 0.206215 0.206215 0.056618 0.012711 0.000080
7050.0 1.000000 1.000000 1.000000 1.000000 1.000000 1.000000 1.000000 0.206008 0.206008 0.056512 0.012675 0.000080
7051.0 1.000000 1.000000 1.000000 1.000000 1.000000 1.000000 1.000000 0.205800 0.205800 0.056407 0.012638 0.000081
7052.0 1.000000 1.000000 1.000000 1.000000 1.000000 1.000000 1.000000 0.205592 0.205592 0.056302 0.012602 0.000081
7053.0 1.000000 1.000000 1.000000 1.000000 1.000000 1.000000 1.000000 0.205385 0.205385 0.056197 0.012566 0.000082
7054.0 1.000000 1.000000 1.000000 1.000000 1.000000 1.000000 1.000000 0.205177 0.205177 0.056092 0.012530 0.000083
7055.0 1.000000 1.000000 1.000000 1.000000 1.000000 1.000000 1.000000 0.204970 0.204970 0.055987 0.012494 0.000083
7056.0 1.000000 1.000000 1.000000 1.000000 1.000000 1.000000 1.000000 0.204763 0.204763 0.055883 0.012458 0.000084
7057.0 1.000000 1.000000 1.000000 1.000000 1.000000 1.000000 1.000000 0.204556 0.204556 0.055778 0.012422 0.000084
7058.0 1.000000 1.000000 1.000000 1.000000 1.000000 1.000000 1.000000 0.204349 0.204349 0.055674 0.012386 0.000085
7059.0 1.000000 1.000000 1.000000 1.000000 1.000000 1.000000 1.000000 0.204142 0.204142 0.055570 0.012351 0.000085
7060.0 1.000000 1.000000 1.000000 1.000000 1.000000 1.000000 1.000000 0.203935 0.203935 0.055466 0.012315 0.000086
7061.0 1.000000 1.000000 1.000000 1.000000 1.000000 1.000000 1.000000 0.203729 0.203729 0.055362 0.012280 0.000087
7062.0 1.000000 1.000000 1.000000 1.000000 1.000000 1.000000 1.000000 0.203522 0.203522 0.055258 0.012244 0.000087
7063.0 1.000000 1.000000 1.000000 1.000000 1.000000 1.000000 1.000000 0.203316 0.203316 0.055154 0.012209 0.000088
7064.0 1.000000 1.000000 1.000000 1.000000 1.000000 1.000000 1.000000 0.203110 0.203110 0.055051 0.012174 0.000088
7065.0 1.000000 1.000000 1.000000 1.000000 1.000000 1.000000 1.000000 0.202903 0.202903 0.054948 0.012139 0.000089
7066.0 1.000000 1.000000 1.000000 1.000000 1.000000 1.000000 1.000000 0.202697 0.202697 0.054845 0.012104 0.000090
7067.0 1.000000 1.000000 1.000000 1.000000 1.000000 1.000000 1.000000 0.202491 0.202491 0.054742 0.012069 0.000090
7068.0 1.000000 1.000000 1.000000 1.000000 1.000000 1.000000 1.000000 0.202285 0.202285 0.054639 0.012034 0.000091
7069.0 1.000000 1.000000 1.000000 1.000000 1.000000 1.000000 1.000000 0.202080 0.202080 0.054536 0.011999 0.000092
7070.0 1.000000 1.000000 1.000000 1.000000 1.000000 1.000000 1.000000 0.201874 0.201874 0.054433 0.011964 0.000092
7071.0 1.000000 1.000000 1.000000 1.000000 1.000000 1.000000 1.000000 0.201669 0.201669 0.054331 0.011929 0.000093
7072.0 1.000000 1.000000 1.000000 1.000000 1.000000 1.000000 1.000000 0.201463 0.201463 0.054229 0.011895 0.000093
7073.0 1.000000 1.000000 1.000000 1.000000 1.000000 1.000000 1.000000 0.201258 0.201258 0.054126 0.011860 0.000094
7074.0 1.000000 1.000000 1.000000 1.000000 1.000000 1.000000 1.000000 0.201053 0.201053 0.054024 0.011826 0.000095
7075.0 1.000000 1.000000 1.000000 1.000000 1.000000 1.000000 1.000000 0.200847 0.200847 0.053922 0.011792 0.000095
7076.0 1.000000 1.000000 1.000000 1.000000 1.000000 1.000000 1.000000 0.200642 0.200642 0.053821 0.011758 0.000096
7077.0 1.000000 1.000000 1.000000 1.000000 1.000000 1.000000 1.000000 0.200437 0.200437 0.053719 0.011723 0.000097
7078.0 1.000000 1.000000 1.000000 1.000000 1.000000 1.000000 1.000000 0.200233 0.200233 0.053618 0.011689 0.000097
7079.0 1.000000 1.000000 1.000000 1.000000 1.000000 1.000000 1.000000 0.200028 0.200028 0.053516 0.011655 0.000098
7080.0 1.000000 1.000000 1.000000 1.000000 1.000000 1.000000 1.000000 0.199823 0.199823 0.053415 0.011621 0.000099
7081.0 1.000000 1.000000 1.000000 1.000000 1.000000 1.000000 1.000000 0.199619 0.199619 0.053314 0.011588 0.000099
7082.0 1.000000 1.000000 1.000000 1.000000 1.000000 1.000000 1.000000 0.199415 0.199415 0.053213 0.011554 0.000100
7083.0 1.000000 1.000000 1.000000 1.000000 1.000000 1.000000 1.000000 0.199210 0.199210 0.053112 0.011520 0.000101
7084.0 1.000000 1.000000 1.000000 1.000000 1.000000 1.000000 1.000000 0.199006 0.199006 0.053012 0.011487 0.000102
7085.0 1.000000 1.000000 1.000000 1.000000 1.000000 1.000000 1.000000 0.198802 0.198802 0.052911 0.011453 0.000102
7086.0 1.000000 1.000000 1.000000 1.000000 1.000000 1.000000 1.000000 0.198598 0.198598 0.052811 0.011420 0.000103
7087.0 1.000000 1.000000 1.000000 1.000000 1.000000 1.000000 1.000000 0.198394 0.198394 0.052711 0.011386 0.000104
7088.0 1.000000 1.000000 1.000000 1.000000 1.000000 1.000000 1.000000 0.198191 0.198191 0.052611 0.011353 0.000104
7089.0 1.000000 1.000000 1.000000 1.000000 1.000000 1.000000 1.000000 0.197987 0.197987 0.052511 0.011320 0.000105
7090.0 1.000000 1.000000 1.000000 1.000000 1.000000 1.000000 1.000000 0.197784 0.197784 0.052411 0.011287 0.000106
7091.0 1.000000 1.000000 1.000000 1.000000 1.000000 1.000000 1.000000 0.197580 0.197580 0.052311 0.011254 0.000107
7092.0 1.000000 1.000000 1.000000 1.000000 1.000000 1.000000 1.000000 0.197377 0.197377 0.052212 0.011221 0.000107
7093.0 1.000000 1.000000 1.000000 1.000000 1.000000 1.000000 1.000000 0.197174 0.197174 0.052112 0.011188 0.000108
7094.0 1.000000 1.000000 1.000000 1.000000 1.000000 1.000000 1.000000 0.196971 0.196971 0.052013 0.011155 0.000109
7095.0 1.000000 1.000000 1.000000 1.000000 1.000000 1.000000 1.000000 0.196768 0.196768 0.051914 0.011123 0.000110
7096.0 1.000000 1.000000 1.000000 1.000000 1.000000 1.000000 1.000000 0.196565 0.196565 0.051815 0.011090 0.000110
7097.0 1.000000 1.000000 1.000000 1.000000 1.000000 1.000000 1.000000 0.196362 0.196362 0.051716 0.011057 0.000111
7098.0 1.000000 1.000000 1.000000 1.000000 1.000000 1.000000 1.000000 0.196160 0.196160 0.051618 0.011025 0.000112
7099.0 1.000000 1.000000 1.000000 1.000000 1.000000 1.000000 1.000000 0.195957 0.195957 0.051519 0.010993 0.000113
7100.0 1.000000 1.000000 1.000000 1.000000 1.000000 1.000000 1.000000 0.195755 0.195755 0.051421 0.010960 0.000113
7101.0 1.000000 1.000000 1.000000 1.000000 1.000000 1.000000 1.000000 0.195553 0.195553 0.051322 0.010928 0.000114
7102.0 1.000000 1.000000 1.000000 1.000000 1.000000 1.000000 1.000000 0.195350 0.195350 0.051224 0.010896 0.000115
7103.0 1.000000 1.000000 1.000000 1.000000 1.000000 1.000000 1.000000 0.195148 0.195148 0.051126 0.010864 0.000116
7104.0 1.000000 1.000000 1.000000 1.000000 1.000000 1.000000 1.000000 0.194946 0.194946 0.051028 0.010832 0.000117
7105.0 1.000000 1.000000 1.000000 1.000000 1.000000 1.000000 1.000000 0.194744 0.194744 0.050931 0.010800 0.000118
7106.0 1.000000 1.000000 1.000000 1.000000 1.000000 1.000000 1.000000 0.194543 0.194543 0.050833 0.010768 0.000118
7107.0 1.000000 1.000000 1.000000 1.000000 1.000000 1.000000 1.000000 0.194341 0.194341 0.050736 0.010736 0.000119
7108.0 1.000000 1.000000 1.000000 1.000000 1.000000 1.000000 1.000000 0.194140 0.194140 0.050638 0.010705 0.000120
7109.0 1.000000 1.000000 1.000000 1.000000 1.000000 1.000000 1.000000 0.193938 0.193938 0.050541 0.010673 0.000121
7110.0 1.000000 1.000000 1.000000 1.000000 1.000000 1.000000 1.000000 0.193737 0.193737 0.050444 0.010641 0.000122
7111.0 1.000000 1.000000 1.000000 1.000000 1.000000 1.000000 1.000000 0.193536 0.193536 0.050347 0.010610 0.000123
7112.0 1.000000 1.000000 1.000000 1.000000 1.000000 1.000000 1.000000 0.193335 0.193335 0.050251 0.010579 0.000123
7113.0 1.000000 1.000000 1.000000 1.000000 1.000000 1.000000 1.000000 0.193134 0.193134 0.050154 0.010547 0.000124
7114.0 1.000000 1.000000 1.000000 1.000000 1.000000 1.000000 1.000000 0.192933 0.192933 0.050057 0.010516 0.000125
7115.0 1.000000 1.000000 1.000000 1.000000 1.000000 1.000000 1.000000 0.192732 0.192732 0.049961 0.010485 0.000126
7116.0 1.000000 1.000000 1.000000 1.000000 1.000000 1.000000 1.000000 0.192531 0.192531 0.049865 0.010454 0.000127
7117.0 1.000000 1.000000 1.000000 1.000000 1.000000 1.000000 1.000000 0.192331 0.192331 0.049769 0.010423 0.000128
7118.0 1.000000 1.000000 1.000000 1.000000 1.000000 1.000000 1.000000 0.192130 0.192130 0.049673 0.010392 0.000129
7119.0 1.000000 1.000000 1.000000 1.000000 1.000000 1.000000 1.000000 0.191930 0.191930 0.049577 0.010361 0.000130
7120.0 1.000000 1.000000 1.000000 1.000000 1.000000 1.000000 1.000000 0.191730 0.191730 0.049481 0.010330 0.000131
7121.0 1.000000 1.000000 1.000000 1.000000 1.000000 1.000000 1.000000 0.191530 0.191530 0.049386 0.010300 0.000131
7122.0 1.000000 1.000000 1.000000 1.000000 1.000000 1.000000 1.000000 0.191330 0.191330 0.049291 0.010269 0.000132
7123.0 1.000000 1.000000 1.000000 1.000000 1.000000 1.000000 1.000000 0.191130 0.191130 0.049195 0.010239 0.000133
7124.0 1.000000 1.000000 1.000000 1.000000 1.000000 1.000000 1.000000 0.190930 0.190930 0.049100 0.020033 0.000134
7125.0 1.000000 1.000000 1.000000 1.000000 1.000000 1.000000 1.000000 0.190730 0.190730 0.049005 0.019983 0.000135
7126.0 1.000000 1.000000 1.000000 1.000000 1.000000 1.000000 1.000000 0.190531 0.190531 0.048910 0.019932 0.000136
7127.0 1.000000 1.000000 1.000000 1.000000 1.000000 1.000000 1.000000 0.190332 0.190332 0.048816 0.019882 0.000137
7128.0 1.000000 1.000000 1.000000 1.000000 1.000000 1.000000 1.000000 0.190132 0.190132 0.048721 0.019832 0.000138
7129.0 1.000000 1.000000 1.000000 1.000000 1.000000 1.000000 1.000000 0.189933 0.189933 0.048627 0.019782 0.000139
7130.0 1.000000 1.000000 1.000000 1.000000 1.000000 1.000000 1.000000 0.189734 0.189734 0.048532 0.019732 0.000140
7131.0 1.000000 1.000000 1.000000 1.000000 1.000000 1.000000 1.000000 0.189535 0.189535 0.048438 0.019682 0.000141
7132.0 1.000000 1.000000 1.000000 1.000000 1.000000 1.000000 1.000000 0.189336 0.189336 0.048344 0.019632 0.000142
7133.0 1.000000 1.000000 1.000000 1.000000 1.000000 1.000000 1.000000 0.189137 0.189137 0.048250 0.019582 0.000143
7134.0 1.000000 1.000000 1.000000 1.000000 1.000000 1.000000 1.000000 0.188939 0.188939 0.048157 0.019533 0.000144
7135.0 1.000000 1.000000 1.000000 1.000000 1.000000 1.000000 1.000000 0.188740 0.188740 0.048063 0.019483 0.000145
7136.0 1.000000 1.000000 1.000000 1.000000 1.000000 1.000000 1.000000 0.188542 0.188542 0.047970 0.019434 0.000146
7137.0 1.000000 1.000000 1.000000 1.000000 1.000000 1.000000 1.000000 0.188343 0.188343 0.047876 0.019385 0.000147
7138.0 1.000000 1.000000 1.000000 1.000000 1.000000 1.000000 1.000000 0.188145 0.188145 0.047783 0.019336 0.000148
7139.0 1.000000 1.000000 1.000000 1.000000 1.000000 1.000000 1.000000 0.187947 0.187947 0.047690 0.019287 0.000149
7140.0 1.000000 1.000000 1.000000 1.000000 1.000000 1.000000 1.000000 0.187749 0.187749 0.047597 0.019238 0.000150
7141.0 1.000000 1.000000 1.000000 1.000000 1.000000 1.000000 1.000000 0.187551 0.187551 0.047504 0.019189 0.000151
7142.0 1.000000 1.000000 1.000000 1.000000 1.000000 1.000000 1.000000 0.187353 0.187353 0.047412 0.019140 0.000152
7143.0 1.000000 1.000000 1.000000 1.000000 1.000000 1.000000 1.000000 0.187156 0.187156 0.047319 0.019091 0.000153
7144.0 1.000000 1.000000 1.000000 1.000000 1.000000 1.000000 1.000000 0.186958 0.186958 0.047227 0.019043 0.000155
7145.0 1.000000 1.000000 1.000000 1.000000 1.000000 1.000000 1.000000 0.186761 0.186761 0.047134 0.018994 0.000156
7146.0 1.000000 1.000000 1.000000 1.000000 1.000000 1.000000 1.000000 0.186564 0.186564 0.047042 0.018946 0.000157
7147.0 1.000000 1.000000 1.000000 1.000000 1.000000 1.000000 1.000000 0.186366 0.186366 0.046950 0.018897 0.000158
7148.0 1.000000 1.000000 1.000000 1.000000 1.000000 1.000000 1.000000 0.186169 0.186169 0.046858 0.018849 0.000159
7149.0 1.000000 1.000000 1.000000 1.000000 1.000000 1.000000 1.000000 0.185972 0.185972 0.046767 0.018801 0.000160
7150.0 1.000000 1.000000 1.000000 1.000000 1.000000 1.000000 1.000000 0.185776 0.185776 0.046675 0.018753 0.000161
7151.0 1.000000 1.000000 1.000000 1.000000 1.000000 1.000000 1.000000 0.185579 0.185579 0.046584 0.018705 0.000162
7152.0 1.000000 1.000000 1.000000 1.000000 1.000000 1.000000 1.000000 0.185382 0.185382 0.046492 0.018658 0.000163
7153.0 1.000000 1.000000 1.000000 1.000000 1.000000 1.000000 1.000000 0.185186 0.185186 0.046401 0.018610 0.000165
7154.0 1.000000 1.000000 1.000000 1.000000 1.000000 1.000000 1.000000 0.184989 0.184989 0.046310 0.018562 0.000166
7155.0 1.000000 1.000000 1.000000 1.000000 1.000000 1.000000 1.000000 0.184793 0.184793 0.046219 0.018515 0.000167
7156.0 1.000000 1.000000 1.000000 1.000000 1.000000 1.000000 1.000000 0.184597 0.184597 0.046128 0.018467 0.000168
7157.0 1.000000 1.000000 1.000000 1.000000 1.000000 1.000000 1.000000 0.184401 0.184401 0.046038 0.018420 0.000169
7158.0 1.000000 1.000000 1.000000 1.000000 1.000000 1.000000 1.000000 0.184205 0.184205 0.045947 0.018373 0.000171
7159.0 1.000000 1.000000 1.000000 1.000000 1.000000 1.000000 1.000000 0.184009 0.184009 0.045857 0.018326 0.000172
7160.0 1.000000 1.000000 1.000000 1.000000 1.000000 1.000000 1.000000 0.183813 0.183813 0.045767 0.018279 0.000173
7161.0 1.000000 1.000000 1.000000 1.000000 1.000000 1.000000 1.000000 0.183617 0.183617 0.045676 0.018232 0.000174
7162.0 1.000000 1.000000 1.000000 1.000000 1.000000 1.000000 1.000000 0.183422 0.183422 0.045586 0.018185 0.000176
7163.0 1.000000 1.000000 1.000000 1.000000 1.000000 1.000000 1.000000 0.183226 0.183226 0.045497 0.018138 0.000177
7164.0 1.000000 1.000000 1.000000 1.000000 1.000000 1.000000 1.000000 0.183031 0.183031 0.045407 0.018092 0.000178
7165.0 1.000000 1.000000 1.000000 1.000000 1.000000 1.000000 1.000000 0.182836 0.182836 0.045317 0.018045 0.000179
7166.0 1.000000 1.000000 1.000000 1.000000 1.000000 1.000000 1.000000 0.182641 0.182641 0.045228 0.017999 0.000181
7167.0 1.000000 1.000000 1.000000 1.000000 1.000000 1.000000 1.000000 0.182446 0.182446 0.045138 0.017952 0.000182
7168.0 1.000000 1.000000 1.000000 1.000000 1.000000 1.000000 1.000000 0.182251 0.182251 0.045049 0.017906 0.000183
7169.0 1.000000 1.000000 1.000000 1.000000 1.000000 1.000000 1.000000 0.182057 0.182057 0.044960 0.017860 0.000184
7170.0 1.000000 1.000000 1.000000 1.000000 1.000000 1.000000 1.000000 0.181862 0.181862 0.044871 0.017814 0.000186
7171.0 1.000000 1.000000 1.000000 1.000000 1.000000 1.000000 1.000000 0.181667 0.181667 0.044782 0.017768 0.000187
7172.0 1.000000 1.000000 1.000000 1.000000 1.000000 1.000000 1.000000 0.181473 0.181473 0.044694 0.017722 0.000188
7173.0 1.000000 1.000000 1.000000 1.000000 1.000000 1.000000 1.000000 0.181279 0.181279 0.044605 0.017676 0.000190
7174.0 1.000000 1.000000 1.000000 1.000000 1.000000 1.000000 1.000000 0.181085 0.181085 0.044517 0.017631 0.000191
7175.0 1.000000 1.000000 1.000000 1.000000 1.000000 1.000000 1.000000 0.180891 0.180891 0.044428 0.017585 0.000193
7176.0 1.000000 1.000000 1.000000 1.000000 1.000000 1.000000 1.000000 0.180697 0.180697 0.044340 0.017540 0.000194
7177.0 1.000000 1.000000 1.000000 1.000000 1.000000 1.000000 1.000000 0.180503 0.180503 0.044252 0.017494 0.000195
7178.0 1.000000 1.000000 1.000000 1.000000 1.000000 1.000000 1.000000 0.180309 0.180309 0.044164 0.017449 0.000197
7179.0 1.000000 1.000000 1.000000 1.000000 1.000000 1.000000 1.000000 0.180116 0.180116 0.044077 0.017404 0.000198
7180.0 1.000000 1.000000 1.000000 1.000000 1.000000 1.000000 1.000000 0.179922 0.179922 0.043989 0.017359 0.000200
7181.0 1.000000 1.000000 1.000000 1.000000 1.000000 1.000000 1.000000 0.179729 0.179729 0.179729 0.017314 0.000201
7182.0 1.000000 1.000000 1.000000 1.000000 1.000000 1.000000 1.000000 0.179535 0.179535 0.179535 0.017269 0.000202
7183.0 1.000000 1.000000 1.000000 1.000000 1.000000 1.000000 1.000000 0.179342 0.179342 0.179342 0.017224 0.000204
7184.0 1.000000 1.000000 1.000000 1.000000 1.000000 1.000000 1.000000 0.179149 0.179149 0.179149 0.017179 0.000205
7185.0 1.000000 1.000000 1.000000 1.000000 1.000000 1.000000 1.000000 0.178956 0.178956 0.178956 0.017135 0.000207
7186.0 1.000000 1.000000 1.000000 1.000000 1.000000 1.000000 1.000000 0.178764 0.178764 0.178764 0.017090 0.000208
7187.0 1.000000 1.000000 1.000000 1.000000 1.000000 1.000000 1.000000 0.178571 0.178571 0.178571 0.017046 0.000210
7188.0 1.000000 1.000000 1.000000 1.000000 1.000000 1.000000 1.000000 0.178378 0.178378 0.178378 0.017002 0.000211
7189.0 1.000000 1.000000 1.000000 1.000000 1.000000 1.000000 1.000000 0.178186 0.178186 0.178186 0.016957 0.000213
7190.0 1.000000 1.000000 1.000000 1.000000 1.000000 1.000000 1.000000 0.177994 0.177994 0.177994 0.016913 0.000214
7191.0 1.000000 1.000000 1.000000 1.000000 1.000000 1.000000 1.000000 0.177801 0.177801 0.177801 0.016869 0.000216
7192.0 1.000000 1.000000 1.000000 1.000000 1.000000 1.000000 1.000000 0.177609 0.177609 0.177609 0.016825 0.000217
7193.0 1.000000 1.000000 1.000000 1.000000 1.000000 1.000000 1.000000 0.177417 0.177417 0.177417 0.016781 0.000219
7194.0 1.000000 1.000000 1.000000 1.000000 1.000000 1.000000 1.000000 0.177225 0.177225 0.177225 0.016737 0.000221
7195.0 1.000000 1.000000 1.000000 1.000000 1.000000 1.000000 1.000000 0.177034 0.177034 0.177034 0.016694 0.000222
7196.0 1.000000 1.000000 1.000000 1.000000 1.000000 1.000000 1.000000 0.176842 0.176842 0.176842 0.016650 0.000224
7197.0 1.000000 1.000000 1.000000 1.000000 1.000000 1.000000 1.000000 0.176650 0.176650 0.176650 0.016607 0.000225
7198.0 1.000000 1.000000 1.000000 1.000000 1.000000 1.000000 1.000000 0.176459 0.176459 0.176459 0.016563 0.000227
7199.0 1.000000 1.000000 1.000000 1.000000 1.000000 1.000000 1.000000 0.176268 0.176268 0.176268 0.016520 0.000229
7200.0 1.000000 1.000000 1.000000 1.000000 1.000000 1.000000 1.000000 0.176076 0.176076 0.176076 0.016477 0.000230
7201.0 1.000000 1.000000 1.000000 1.000000 1.000000 1.000000 1.000000 0.175885 0.175885 0.175885 0.016434 0.000232
7202.0 1.000000 1.000000 1.000000 1.000000 1.000000 1.000000 1.000000 0.175694 0.175694 0.175694 0.016390 0.000234
7203.0 1.000000 1.000000 1.000000 1.000000 1.000000 1.000000 1.000000 0.175504 0.175504 0.175504 0.016348 0.000235
7204.0 1.000000 1.000000 1.000000 1.000000 1.000000 1.000000 1.000000 0.175313 0.175313 0.175313 0.016305 0.000237
7205.0 1.000000 1.000000 1.000000 1.000000 1.000000 1.000000 1.000000 0.175122 0.175122 0.175122 0.016262 0.000239
7206.0 1.000000 1.000000 1.000000 1.000000 1.000000 1.000000 1.000000 0.174932 0.174932 0.174932 0.016219 0.000240
7207.0 1.000000 1.000000 1.000000 1.000000 1.000000 1.000000 1.000000 0.174741 0.174741 0.174741 0.016177 0.000242
7208.0 1.000000 1.000000 1.000000 1.000000 1.000000 1.000000 1.000000 0.174551 0.174551 0.174551 0.016134 0.000244
7209.0 1.000000 1.000000 1.000000 1.000000 1.000000 1.000000 1.000000 0.174361 0.174361 0.174361 0.016092 0.000246
7210.0 1.000000 1.000000 1.000000 1.000000 1.000000 1.000000 1.000000 0.174171 0.174171 0.174171 0.016049 0.000247
7211.0 1.000000 1.000000 1.000000 1.000000 1.000000 1.000000 1.000000 0.173981 0.173981 0.173981 0.016007 0.000249
7212.0 1.000000 1.000000 1.000000 1.000000 1.000000 1.000000 1.000000 0.173791 0.173791 0.173791 0.015965 0.000251
7213.0 1.000000 1.000000 1.000000 1.000000 1.000000 1.000000 1.000000 0.173601 0.173601 0.173601 0.015923 0.000253
7214.0 1.000000 1.000000 1.000000 1.000000 1.000000 1.000000 1.000000 0.173412 0.173412 0.173412 0.015881 0.000255
7215.0 1.000000 1.000000 1.000000 1.000000 1.000000 1.000000 1.000000 0.173222 0.173222 0.173222 0.015839 0.000256
7216.0 1.000000 1.000000 1.000000 1.000000 1.000000 1.000000 1.000000 0.173033 0.173033 0.173033 0.015797 0.000258
7217.0 1.000000 1.000000 1.000000 1.000000 1.000000 1.000000 1.000000 0.172844 0.172844 0.172844 0.015756 0.000260
7218.0 1.000000 1.000000 1.000000 1.000000 1.000000 1.000000 1.000000 0.172655 0.172655 0.172655 0.015714 0.000262
7219.0 1.000000 1.000000 1.000000 1.000000 1.000000 1.000000 1.000000 0.172466 0.172466 0.172466 0.015673 0.000264
7220.0 1.000000 1.000000 1.000000 1.000000 1.000000 1.000000 1.000000 0.172277 0.172277 0.172277 0.015631 0.000266
7221.0 1.000000 1.000000 1.000000 1.000000 1.000000 1.000000 1.000000 0.172088 0.172088 0.172088 0.015590 0.000268
7222.0 1.000000 1.000000 1.000000 1.000000 1.000000 1.000000 1.000000 0.171899 0.171899 0.171899 0.015549 0.000270
7223.0 1.000000 1.000000 1.000000 1.000000 1.000000 1.000000 1.000000 0.171711 0.171711 0.171711 0.015507 0.000272
7224.0 1.000000 1.000000 1.000000 1.000000 1.000000 1.000000 1.000000 0.171522 0.171522 0.171522 0.015466 0.000274
7225.0 1.000000 1.000000 1.000000 1.000000 1.000000 1.000000 1.000000 0.171334 0.171334 0.171334 0.015425 0.000276
7226.0 1.000000 1.000000 1.000000 1.000000 1.000000 1.000000 1.000000 0.171146 0.171146 0.171146 0.015384 0.000278
7227.0 1.000000 1.000000 1.000000 1.000000 1.000000 1.000000 1.000000 0.170958 0.170958 0.170958 0.015344 0.000280
7228.0 1.000000 1.000000 1.000000 1.000000 1.000000 1.000000 1.000000 0.170770 0.170770 0.170770 0.015303 0.000282
7229.0 1.000000 1.000000 1.000000 1.000000 1.000000 1.000000 1.000000 0.170582 0.170582 0.170582 0.015262 0.000284
7230.0 1.000000 1.000000 1.000000 1.000000 1.000000 1.000000 1.000000 0.170394 0.170394 0.170394 0.015222 0.000286
7231.0 1.000000 1.000000 1.000000 1.000000 1.000000 1.000000 1.000000 0.170207 0.170207 0.170207 0.015181 0.000288
7232.0 1.000000 1.000000 1.000000 1.000000 1.000000 1.000000 1.000000 0.170019 0.170019 0.170019 0.015141 0.000290
7233.0 1.000000 1.000000 1.000000 1.000000 1.000000 1.000000 1.000000 0.169832 0.169832 0.169832 0.015101 0.000292
7234.0 1.000000 1.000000 1.000000 1.000000 1.000000 1.000000 1.000000 0.169644 0.169644 0.169644 0.015060 0.000294
7235.0 1.000000 1.000000 1.000000 1.000000 1.000000 1.000000 1.000000 0.169457 0.169457 0.169457 0.015020 0.000296
7236.0 1.000000 1.000000 1.000000 1.000000 1.000000 1.000000 1.000000 0.169270 0.169270 0.169270 0.014980 0.000299
7237.0 1.000000 1.000000 1.000000 1.000000 1.000000 1.000000 1.000000 0.169083 0.169083 0.169083 0.014940 0.000301
7238.0 1.000000 1.000000 1.000000 1.000000 1.000000 1.000000 1.000000 0.168896 0.168896 0.168896 0.014901 0.000303
7239.0 1.000000 1.000000 1.000000 1.000000 1.000000 1.000000 1.000000 0.168710 0.168710 0.168710 0.014861 0.000305
7240.0 1.000000 1.000000 1.000000 1.000000 1.000000 1.000000 1.000000 0.168523 0.168523 0.168523 0.014821 0.000307
7241.0 1.000000 1.000000 1.000000 1.000000 1.000000 1.000000 1.000000 0.168337 0.168337 0.168337 0.014782 0.000310
7242.0 1.000000 1.000000 1.000000 1.000000 1.000000 1.000000 1.000000 0.168150 0.168150 0.168150 0.014742 0.000312
7243.0 1.000000 1.000000 1.000000 1.000000 1.000000 1.000000 1.000000 0.167964 0.167964 0.167964 0.014703 0.000314
7244.0 1.000000 1.000000 1.000000 1.000000 1.000000 1.000000 1.000000 0.167778 0.167778 0.167778 0.014663 0.000316
7245.0 1.000000 1.000000 1.000000 1.000000 1.000000 1.000000 1.000000 0.167592 0.167592 0.167592 0.014624 0.000319
7246.0 1.000000 1.000000 1.000000 1.000000 1.000000 1.000000 1.000000 0.167406 0.167406 0.167406 0.014585 0.000321
7247.0 1.000000 1.000000 1.000000 1.000000 1.000000 1.000000 1.000000 0.167220 0.167220 0.167220 0.014546 0.000323
7248.0 1.000000 1.000000 1.000000 1.000000 1.000000 1.000000 1.000000 0.167035 0.167035 0.167035 0.014507 0.000326
7249.0 1.000000 1.000000 1.000000 1.000000 1.000000 1.000000 1.000000 0.166849 0.166849 0.166849 0.014468 0.000328
7250.0 1.000000 1.000000 1.000000 1.000000 1.000000 1.000000 1.000000 0.166664 0.166664 0.166664 0.014429 0.000331
7251.0 1.000000 1.000000 1.000000 1.000000 1.000000 1.000000 1.000000 0.166479 0.166479 0.166479 0.014390 0.000333
7252.0 1.000000 1.000000 1.000000 1.000000 1.000000 1.000000 1.000000 0.166293 0.166293 0.166293 0.014352 0.000335
7253.0 1.000000 1.000000 1.000000 1.000000 1.000000 1.000000 1.000000 0.166108 0.166108 0.166108 0.014313 0.000338
7254.0 1.000000 1.000000 1.000000 1.000000 1.000000 1.000000 1.000000 0.165923 0.165923 0.165923 0.014275 0.000340
7255.0 1.000000 1.000000 1.000000 1.000000 1.000000 1.000000 1.000000 0.165739 0.165739 0.165739 0.014236 0.000343
7256.0 1.000000 1.000000 1.000000 1.000000 1.000000 1.000000 1.000000 0.165554 0.165554 0.165554 0.014198 0.000345
7257.0 1.000000 1.000000 1.000000 1.000000 1.000000 1.000000 1.000000 0.165369 0.165369 0.165369 0.014160 0.000348
7258.0 1.000000 1.000000 1.000000 1.000000 1.000000 1.000000 1.000000 0.165185 0.165185 0.165185 0.014122 0.000350
7259.0 1.000000 1.000000 1.000000 1.000000 1.000000 1.000000 1.000000 0.165000 0.165000 0.165000 0.014084 0.000353
7260.0 1.000000 1.000000 1.000000 1.000000 1.000000 1.000000 1.000000 0.164816 0.164816 0.164816 0.014046 0.000356
7261.0 1.000000 1.000000 1.000000 1.000000 1.000000 1.000000 1.000000 0.164632 0.164632 0.164632 0.014008 0.000358
7262.0 1.000000 1.000000 1.000000 1.000000 1.000000 1.000000 1.000000 0.164448 0.164448 0.164448 0.013970 0.000361
7263.0 1.000000 1.000000 1.000000 1.000000 1.000000 1.000000 1.000000 0.164264 0.164264 0.164264 0.013932 0.000363
7264.0 1.000000 1.000000 1.000000 1.000000 1.000000 1.000000 1.000000 0.164080 0.164080 0.164080 0.013895 0.000366
7265.0 1.000000 1.000000 1.000000 1.000000 1.000000 1.000000 1.000000 0.163897 0.163897 0.163897 0.013857 0.000369
7266.0 1.000000 1.000000 1.000000 1.000000 1.000000 1.000000 1.000000 0.163713 0.163713 0.163713 0.013820 0.000372
7267.0 1.000000 1.000000 1.000000 1.000000 1.000000 1.000000 1.000000 0.163530 0.163530 0.163530 0.013782 0.000374
7268.0 1.000000 1.000000 1.000000 1.000000 1.000000 1.000000 1.000000 0.163346 0.163346 0.163346 0.013745 0.000377
7269.0 1.000000 1.000000 1.000000 1.000000 1.000000 1.000000 1.000000 0.163163 0.163163 0.163163 0.013708 0.000380
7270.0 1.000000 1.000000 1.000000 1.000000 1.000000 1.000000 1.000000 0.162980 0.162980 0.162980 0.013671 0.000383
7271.0 1.000000 1.000000 1.000000 1.000000 1.000000 1.000000 1.000000 0.162797 0.162797 0.162797 0.013633 0.000385
7272.0 1.000000 1.000000 1.000000 1.000000 1.000000 1.000000 1.000000 0.162614 0.162614 0.162614 0.013596 0.000388
7273.0 1.000000 1.000000 1.000000 1.000000 1.000000 1.000000 1.000000 0.162432 0.162432 0.162432 0.013560 0.000391
7274.0 1.000000 1.000000 1.000000 1.000000 1.000000 1.000000 1.000000 0.162249 0.162249 0.162249 0.013523 0.000394
7275.0 1.000000 1.000000 1.000000 1.000000 1.000000 1.000000 1.000000 0.162067 0.162067 0.162067 0.013486 0.000397
7276.0 1.000000 1.000000 1.000000 1.000000 1.000000 1.000000 1.000000 0.161884 0.161884 0.161884 0.013449 0.000400
7277.0 1.000000 1.000000 1.000000 1.000000 1.000000 1.000000 1.000000 0.161702 0.161702 0.161702 0.013413 0.000403
7278.0 1.000000 1.000000 1.000000 1.000000 1.000000 1.000000 1.000000 0.161520 0.161520 0.161520 0.013376 0.000406
7279.0 1.000000 1.000000 1.000000 1.000000 1.000000 1.000000 1.000000 0.161338 0.161338 0.161338 0.013340 0.000409
7280.0 1.000000 1.000000 1.000000 1.000000 1.000000 1.000000 1.000000 0.161156 0.161156 0.161156 0.013304 0.000412
7281.0 1.000000 1.000000 1.000000 1.000000 1.000000 1.000000 1.000000 0.160974 0.160974 0.160974 0.013267 0.000415
7282.0 1.000000 1.000000 1.000000 1.000000 1.000000 1.000000 1.000000 0.160792 0.160792 0.160792 0.013231 0.000418
7283.0 1.000000 1.000000 1.000000 1.000000 1.000000 1.000000 1.000000 0.160611 0.160611 0.160611 0.013195 0.000421
7284.0 1.000000 1.000000 1.000000 1.000000 1.000000 1.000000 1.000000 0.160430 0.160430 0.160430 0.013159 0.000424
7285.0 1.000000 1.000000 1.000000 1.000000 1.000000 1.000000 1.000000 0.160248 0.160248 0.160248 0.013123 0.000427
7286.0 1.000000 1.000000 1.000000 1.000000 1.000000 1.000000 1.000000 0.160067 0.160067 0.160067 0.013087 0.000430
7287.0 1.000000 1.000000 1.000000 1.000000 1.000000 1.000000 1.000000 0.159886 0.159886 0.159886 0.013052 0.000433
7288.0 1.000000 1.000000 1.000000 1.000000 1.000000 1.000000 1.000000 0.159705 0.159705 0.159705 0.013016 0.000437
7289.0 1.000000 1.000000 1.000000 1.000000 1.000000 1.000000 1.000000 0.159524 0.159524 0.159524 0.012980 0.000440
7290.0 1.000000 1.000000 1.000000 1.000000 1.000000 1.000000 1.000000 0.159343 0.159343 0.159343 0.012945 0.000443
7291.0 1.000000 1.000000 1.000000 1.000000 1.000000 1.000000 1.000000 0.159163 0.159163 0.159163 0.012909 0.000446
7292.0 1.000000 1.000000 1.000000 1.000000 1.000000 1.000000 1.000000 0.158982 0.158982 0.158982 0.012874 0.000450
7293.0 1.000000 1.000000 1.000000 1.000000 1.000000 1.000000 1.000000 0.158802 0.158802 0.158802 0.012839 0.000453
7294.0 1.000000 1.000000 1.000000 1.000000 1.000000 1.000000 1.000000 1.000000 0.158622 0.158622 0.034830 0.158622
7295.0 1.000000 1.000000 1.000000 1.000000 1.000000 1.000000 1.000000 1.000000 0.158442 0.158442 0.034757 0.000454
7296.0 1.000000 1.000000 1.000000 1.000000 1.000000 1.000000 1.000000 1.000000 0.158262 0.158262 0.034684 0.000451
7297.0 1.000000 1.000000 1.000000 1.000000 1.000000 1.000000 1.000000 1.000000 0.158082 0.158082 0.034611 0.000449
7298.0 1.000000 1.000000 1.000000 1.000000 1.000000 1.000000 1.000000 1.000000 0.157902 0.157902 0.034538 0.000447
7299.0 1.000000 1.000000 1.000000 1.000000 1.000000 1.000000 1.000000 1.000000 0.157722 0.157722 0.034465 0.000444
7300.0 1.000000 1.000000 1.000000 1.000000 1.000000 1.000000 1.000000 1.000000 0.157543 0.157543 0.034392 0.000442
7301.0 1.000000 1.000000 1.000000 1.000000 1.000000 1.000000 1.000000 1.000000 0.157363 0.157363 0.034320 0.000437
7302.0 1.000000 1.000000 1.000000 1.000000 1.000000 1.000000 1.000000 1.000000 0.157184 0.157184 0.034247 0.000440
7303.0 1.000000 1.000000 1.000000 1.000000 1.000000 1.000000 1.000000 1.000000 0.157005 0.157005 0.034175 0.000443
7304.0 1.000000 1.000000 1.000000 1.000000 1.000000 1.000000 1.000000 1.000000 0.156826 0.156826 0.034103 0.000444
7305.0 1.000000 1.000000 1.000000 1.000000 1.000000 1.000000 1.000000 1.000000 0.156647 0.156647 0.034031 0.000450
7306.0 1.000000 1.000000 1.000000 1.000000 1.000000 1.000000 1.000000 1.000000 0.156468 0.156468 0.033959 0.000453
7307.0 1.000000 1.000000 1.000000 1.000000 1.000000 1.000000 1.000000 1.000000 0.156289 0.156289 0.033887 0.000456
7308.0 1.000000 1.000000 1.000000 1.000000 1.000000 1.000000 1.000000 1.000000 0.156111 0.156111 0.033815 0.000460
7309.0 1.000000 1.000000 1.000000 1.000000 1.000000 1.000000 1.000000 1.000000 0.155932 0.155932 0.033743 0.000458
7310.0 1.000000 1.000000 1.000000 1.000000 1.000000 1.000000 1.000000 1.000000 0.155754 0.155754 0.033672 0.000463
7311.0 1.000000 1.000000 1.000000 1.000000 1.000000 1.000000 1.000000 1.000000 0.155576 0.155576 0.033600 0.000469
7312.0 1.000000 1.000000 1.000000 1.000000 1.000000 1.000000 1.000000 1.000000 0.155398 0.155398 0.033529 0.000466
7313.0 1.000000 1.000000 1.000000 1.000000 1.000000 1.000000 1.000000 1.000000 0.155220 0.155220 0.033458 0.000474
7314.0 1.000000 1.000000 1.000000 1.000000 1.000000 1.000000 1.000000 1.000000 0.155042 0.155042 0.033387 0.000472
7315.0 1.000000 1.000000 1.000000 1.000000 1.000000 1.000000 1.000000 1.000000 0.154864 0.154864 0.033316 0.000481
7316.0 1.000000 1.000000 1.000000 1.000000 1.000000 1.000000 1.000000 1.000000 0.154686 0.154686 0.033245 0.000478
7317.0 1.000000 1.000000 1.000000 1.000000 1.000000 1.000000 1.000000 1.000000 0.154509 0.154509 0.033174 0.000490
7318.0 1.000000 1.000000 1.000000 1.000000 1.000000 1.000000 1.000000 1.000000 0.154331 0.154331 0.033104 0.000488
7319.0 1.000000 1.000000 1.000000 1.000000 1.000000 1.000000 1.000000 1.000000 0.154154 0.154154 0.033033 0.000485
7320.0 1.000000 1.000000 1.000000 1.000000 1.000000 1.000000 1.000000 1.000000 0.153977 0.153977 0.032963 0.000500
7321.0 1.000000 1.000000 1.000000 1.000000 1.000000 1.000000 1.000000 1.000000 0.153800 0.153800 0.032893 0.000497
7322.0 1.000000 1.000000 1.000000 1.000000 1.000000 1.000000 1.000000 1.000000 0.153623 0.153623 0.032823 0.000495
7323.0 1.000000 1.000000 1.000000 1.000000 1.000000 1.000000 1.000000 1.000000 0.153446 0.153446 0.032753 0.000513
7324.0 1.000000 1.000000 1.000000 1.000000 1.000000 1.000000 1.000000 1.000000 0.153270 0.153270 0.032683 0.000511
7325.0 1.000000 1.000000 1.000000 1.000000 1.000000 1.000000 1.000000 1.000000 0.153093 0.153093 0.032613 0.000508
7326.0 1.000000 1.000000 1.000000 1.000000 1.000000 1.000000 1.000000 1.000000 0.152917 0.152917 0.032543 0.000505
7327.0 1.000000 1.000000 1.000000 1.000000 1.000000 1.000000 1.000000 1.000000 0.152740 0.152740 0.032474 0.000529
7328.0 1.000000 1.000000 1.000000 1.000000 1.000000 1.000000 1.000000 1.000000 0.152564 0.152564 0.032404 0.000526
7329.0 1.000000 1.000000 1.000000 1.000000 1.000000 1.000000 1.000000 1.000000 0.152388 0.152388 0.032335 0.000523
7330.0 1.000000 1.000000 1.000000 1.000000 1.000000 1.000000 1.000000 1.000000 0.152212 0.152212 0.032266 0.000521
7331.0 1.000000 1.000000 1.000000 1.000000 1.000000 1.000000 1.000000 1.000000 0.152036 0.152036 0.032197 0.000518
7332.0 1.000000 1.000000 1.000000 1.000000 1.000000 1.000000 1.000000 1.000000 0.151860 0.151860 0.032128 0.000549
7333.0 1.000000 1.000000 1.000000 1.000000 1.000000 1.000000 1.000000 1.000000 0.151685 0.151685 0.032059 0.000546
7334.0 1.000000 1.000000 1.000000 1.000000 1.000000 1.000000 1.000000 1.000000 0.151509 0.151509 0.031990 0.000543
7335.0 1.000000 1.000000 1.000000 1.000000 1.000000 1.000000 1.000000 1.000000 0.151334 0.151334 0.031921 0.000540
7336.0 1.000000 1.000000 1.000000 1.000000 1.000000 1.000000 1.000000 1.000000 0.151159 0.151159 0.031853 0.000537
7337.0 1.000000 1.000000 1.000000 1.000000 1.000000 1.000000 1.000000 1.000000 0.150984 0.150984 0.031784 0.000535
7338.0 1.000000 1.000000 1.000000 1.000000 1.000000 1.000000 1.000000 1.000000 0.150809 0.150809 0.031716 0.000576
7339.0 1.000000 1.000000 1.000000 1.000000 1.000000 1.000000 1.000000 1.000000 0.150634 0.150634 0.031648 0.000573
7340.0 1.000000 1.000000 1.000000 1.000000 1.000000 1.000000 1.000000 1.000000 0.150459 0.150459 0.031580 0.000570
7341.0 1.000000 1.000000 1.000000 1.000000 1.000000 1.000000 1.000000 1.000000 0.150284 0.150284 0.031512 0.000567
7342.0 1.000000 1.000000 1.000000 1.000000 1.000000 1.000000 1.000000 1.000000 0.150110 0.150110 0.031444 0.000564
7343.0 1.000000 1.000000 1.000000 1.000000 1.000000 1.000000 1.000000 1.000000 0.149935 0.149935 0.031376 0.000561
7344.0 1.000000 1.000000 1.000000 1.000000 1.000000 1.000000 1.000000 1.000000 0.149761 0.149761 0.031309 0.000558
7345.0 1.000000 1.000000 1.000000 1.000000 1.000000 1.000000 1.000000 1.000000 0.149587 0.149587 0.031241 0.000555
7346.0 1.000000 1.000000 1.000000 1.000000 1.000000 1.000000 1.000000 1.000000 0.149413 0.149413 0.031174 0.000610
7347.0 1.000000 1.000000 1.000000 1.000000 1.000000 1.000000 1.000000 1.000000 0.149239 0.149239 0.031107 0.000607
7348.0 1.000000 1.000000 1.000000 1.000000 1.000000 1.000000 1.000000 1.000000 0.149065 0.149065 0.031039 0.000604
7349.0 1.000000 1.000000 1.000000 1.000000 1.000000 1.000000 1.000000 1.000000 0.148891 0.148891 0.030972 0.000601
7350.0 1.000000 1.000000 1.000000 1.000000 1.000000 1.000000 1.000000 1.000000 0.148718 0.148718 0.030905 0.000598
7351.0 1.000000 1.000000 1.000000 1.000000 1.000000 1.000000 1.000000 1.000000 0.148544 0.148544 0.030839 0.000595
7352.0 1.000000 1.000000 1.000000 1.000000 1.000000 1.000000 1.000000 1.000000 0.148371 0.148371 0.030772 0.000592
7353.0 1.000000 1.000000 1.000000 1.000000 1.000000 1.000000 1.000000 1.000000 0.148198 0.148198 0.030705 0.000589
7354.0 1.000000 1.000000 1.000000 1.000000 1.000000 1.000000 1.000000 1.000000 0.148025 0.148025 0.030639 0.000586
7355.0 1.000000 1.000000 1.000000 1.000000 1.000000 1.000000 1.000000 1.000000 0.147852 0.147852 0.030572 0.000664
7356.0 1.000000 1.000000 1.000000 1.000000 1.000000 1.000000 1.000000 1.000000 0.147679 0.147679 0.030506 0.000661
7357.0 1.000000 1.000000 1.000000 1.000000 1.000000 1.000000 1.000000 1.000000 0.147506 0.147506 0.030440 0.000657
7358.0 1.000000 1.000000 1.000000 1.000000 1.000000 1.000000 1.000000 1.000000 0.147333 0.147333 0.030374 0.000654
7359.0 1.000000 1.000000 1.000000 1.000000 1.000000 1.000000 1.000000 1.000000 0.147161 0.147161 0.030308 0.000651
7360.0 1.000000 1.000000 1.000000 1.000000 1.000000 1.000000 1.000000 1.000000 0.146989 0.146989 0.030242 0.000647
7361.0 1.000000 1.000000 1.000000 1.000000 1.000000 1.000000 1.000000 1.000000 0.146816 0.146816 0.030176 0.000644
7362.0 1.000000 1.000000 1.000000 1.000000 1.000000 1.000000 1.000000 1.000000 0.146644 0.146644 0.030111 0.000641
7363.0 1.000000 1.000000 1.000000 1.000000 1.000000 1.000000 1.000000 1.000000 0.146472 0.146472 0.030045 0.000637
7364.0 1.000000 1.000000 1.000000 1.000000 1.000000 1.000000 1.000000 1.000000 0.146300 0.146300 0.029980 0.000634
7365.0 1.000000 1.000000 1.000000 1.000000 1.000000 1.000000 1.000000 1.000000 0.146128 0.146128 0.029915 0.000631
7366.0 1.000000 1.000000 1.000000 1.000000 1.000000 1.000000 1.000000 1.000000 0.145957 0.145957 0.029849 0.000628
7367.0 1.000000 1.000000 1.000000 1.000000 1.000000 1.000000 1.000000 1.000000 0.145785 0.145785 0.029784 0.000624
7368.0 1.000000 1.000000 1.000000 1.000000 1.000000 1.000000 1.000000 1.000000 0.145614 0.145614 0.029719 0.000739
7369.0 1.000000 1.000000 1.000000 1.000000 1.000000 1.000000 1.000000 1.000000 0.145443 0.145443 0.029655 0.000736
7370.0 1.000000 1.000000 1.000000 1.000000 1.000000 1.000000 1.000000 1.000000 0.145271 0.145271 0.029590 0.000732
7371.0 1.000000 1.000000 1.000000 1.000000 1.000000 1.000000 1.000000 1.000000 0.145100 0.145100 0.029525 0.000728
7372.0 1.000000 1.000000 1.000000 1.000000 1.000000 1.000000 1.000000 1.000000 0.144929 0.144929 0.029461 0.000725
7373.0 1.000000 1.000000 1.000000 1.000000 1.000000 1.000000 1.000000 1.000000 0.144758 0.144758 0.029396 0.000721
7374.0 1.000000 1.000000 1.000000 1.000000 1.000000 1.000000 1.000000 1.000000 0.144588 0.144588 0.029332 0.000717
7375.0 1.000000 1.000000 1.000000 1.000000 1.000000 1.000000 1.000000 1.000000 0.144417 0.144417 0.029268 0.000714
7376.0 1.000000 1.000000 1.000000 1.000000 1.000000 1.000000 1.000000 1.000000 0.144247 0.144247 0.029204 0.000710
7377.0 1.000000 1.000000 1.000000 1.000000 1.000000 1.000000 1.000000 1.000000 0.144076 0.144076 0.029140 0.000707
7378.0 1.000000 1.000000 1.000000 1.000000 1.000000 1.000000 1.000000 1.000000 0.143906 0.143906 0.029076 0.000703
7379.0 1.000000 1.000000 1.000000 1.000000 1.000000 1.000000 1.000000 1.000000 0.143736 0.143736 0.029012 0.000699
7380.0 1.000000 1.000000 1.000000 1.000000 1.000000 1.000000 1.000000 1.000000 0.143566 0.143566 0.028949 0.000696
7381.0 1.000000 1.000000 1.000000 1.000000 1.000000 1.000000 1.000000 1.000000 0.143396 0.143396 0.028885 0.000692
7382.0 1.000000 1.000000 1.000000 1.000000 1.000000 1.000000 1.000000 1.000000 0.143227 0.143227 0.028822 0.000689
7383.0 1.000000 1.000000 1.000000 1.000000 1.000000 1.000000 1.000000 1.000000 0.143057 0.143057 0.028758 0.000685
7384.0 1.000000 1.000000 1.000000 1.000000 1.000000 1.000000 1.000000 1.000000 0.142887 0.142887 0.028695 0.000682
7385.0 1.000000 1.000000 1.000000 1.000000 1.000000 1.000000 1.000000 1.000000 0.142718 0.142718 0.028632 0.000678
7386.0 1.000000 1.000000 1.000000 1.000000 1.000000 1.000000 1.000000 1.000000 0.142549 0.142549 0.028569 0.000858
7387.0 1.000000 1.000000 1.000000 1.000000 1.000000 1.000000 1.000000 1.000000 0.142380 0.142380 0.028506 0.000853
7388.0 1.000000 1.000000 1.000000 1.000000 1.000000 1.000000 1.000000 1.000000 0.142211 0.142211 0.028444 0.000849
7389.0 1.000000 1.000000 1.000000 1.000000 1.000000 1.000000 1.000000 1.000000 0.142042 0.142042 0.028381 0.000845
7390.0 1.000000 1.000000 1.000000 1.000000 1.000000 1.000000 1.000000 1.000000 0.141873 0.141873 0.028318 0.000841
7391.0 1.000000 1.000000 1.000000 1.000000 1.000000 1.000000 1.000000 1.000000 0.141704 0.141704 0.028256 0.000837
7392.0 1.000000 1.000000 1.000000 1.000000 1.000000 1.000000 1.000000 1.000000 0.141536 0.141536 0.028194 0.000833
7393.0 1.000000 1.000000 1.000000 1.000000 1.000000 1.000000 1.000000 1.000000 0.141367 0.141367 0.028131 0.000828
7394.0 1.000000 1.000000 1.000000 1.000000 1.000000 1.000000 1.000000 1.000000 0.141199 0.141199 0.028069 0.000824
7395.0 1.000000 1.000000 1.000000 1.000000 1.000000 1.000000 1.000000 1.000000 0.141031 0.141031 0.028007 0.000820
7396.0 1.000000 1.000000 1.000000 1.000000 1.000000 1.000000 1.000000 1.000000 0.140863 0.140863 0.027945 0.000816
7397.0 1.000000 1.000000 1.000000 1.000000 1.000000 1.000000 1.000000 1.000000 0.140695 0.140695 0.027884 0.000812
7398.0 1.000000 1.000000 1.000000 1.000000 1.000000 1.000000 1.000000 1.000000 0.140527 0.140527 0.027822 0.000808
7399.0 1.000000 1.000000 1.000000 1.000000 1.000000 1.000000 1.000000 1.000000 0.140360 0.140360 0.027760 0.000804
7400.0 1.000000 1.000000 1.000000 1.000000 1.000000 1.000000 1.000000 1.000000 0.140192 0.140192 0.027699 0.000800
7401.0 1.000000 1.000000 1.000000 1.000000 1.000000 1.000000 1.000000 1.000000 0.140025 0.140025 0.027637 0.000796
7402.0 1.000000 1.000000 1.000000 1.000000 1.000000 1.000000 1.000000 1.000000 0.139857 0.139857 0.027576 0.000792
7403.0 1.000000 1.000000 1.000000 1.000000 1.000000 1.000000 1.000000 1.000000 0.139690 0.139690 0.027515 0.000788
7404.0 1.000000 1.000000 1.000000 1.000000 1.000000 1.000000 1.000000 1.000000 0.139523 0.139523 0.027454 0.000784
7405.0 1.000000 1.000000 1.000000 1.000000 1.000000 1.000000 1.000000 1.000000 0.139356 0.139356 0.027393 0.000780
7406.0 1.000000 1.000000 1.000000 1.000000 1.000000 1.000000 1.000000 1.000000 0.139189 0.139189 0.027332 0.000777
7407.0 1.000000 1.000000 1.000000 1.000000 1.000000 1.000000 1.000000 1.000000 0.139023 0.139023 0.027271 0.000773
7408.0 1.000000 1.000000 1.000000 1.000000 1.000000 1.000000 1.000000 1.000000 0.138856 0.138856 0.027211 0.000769
7409.0 1.000000 1.000000 1.000000 1.000000 1.000000 1.000000 1.000000 1.000000 0.138690 0.138690 0.027150 0.000765
7410.0 1.000000 1.000000 1.000000 1.000000 1.000000 1.000000 1.000000 1.000000 0.138523 0.138523 0.027090 0.001044
7411.0 1.000000 1.000000 1.000000 1.000000 1.000000 1.000000 1.000000 1.000000 0.138357 0.138357 0.027030 0.001039
7412.0 1.000000 1.000000 1.000000 1.000000 1.000000 1.000000 1.000000 1.000000 0.138191 0.138191 0.026969 0.001034
7413.0 1.000000 1.000000 1.000000 1.000000 1.000000 1.000000 1.000000 1.000000 0.138025 0.138025 0.026909 0.001029
7414.0 1.000000 1.000000 1.000000 1.000000 1.000000 1.000000 1.000000 1.000000 0.137859 0.137859 0.026849 0.001024
7415.0 1.000000 1.000000 1.000000 1.000000 1.000000 1.000000 1.000000 1.000000 0.137693 0.137693 0.026789 0.001019
7416.0 1.000000 1.000000 1.000000 1.000000 1.000000 1.000000 1.000000 1.000000 0.137528 0.137528 0.026730 0.001015
7417.0 1.000000 1.000000 1.000000 1.000000 1.000000 1.000000 1.000000 1.000000 0.137362 0.137362 0.026670 0.001010
7418.0 1.000000 1.000000 1.000000 1.000000 1.000000 1.000000 1.000000 1.000000 0.137197 0.137197 0.026610 0.001005
7419.0 1.000000 1.000000 1.000000 1.000000 1.000000 1.000000 1.000000 1.000000 0.137031 0.137031 0.026551 0.001000
7420.0 1.000000 1.000000 1.000000 1.000000 1.000000 1.000000 1.000000 1.000000 0.136866 0.136866 0.026492 0.000995
7421.0 1.000000 1.000000 1.000000 1.000000 1.000000 1.000000 1.000000 1.000000 0.136701 0.136701 0.026432 0.000990
7422.0 1.000000 1.000000 1.000000 1.000000 1.000000 1.000000 1.000000 1.000000 0.136536 0.136536 0.026373 0.000986
7423.0 1.000000 1.000000 1.000000 1.000000 1.000000 1.000000 1.000000 1.000000 0.136372 0.136372 0.026314 0.000981
7424.0 1.000000 1.000000 1.000000 1.000000 1.000000 1.000000 1.000000 1.000000 0.136207 0.136207 0.026255 0.000976
7425.0 1.000000 1.000000 1.000000 1.000000 1.000000 1.000000 1.000000 1.000000 0.136042 0.136042 0.026196 0.000971
7426.0 1.000000 1.000000 1.000000 1.000000 1.000000 1.000000 1.000000 1.000000 0.135878 0.135878 0.026138 0.000967
7427.0 1.000000 1.000000 1.000000 1.000000 1.000000 1.000000 1.000000 1.000000 0.135714 0.135714 0.026079 0.000962
7428.0 1.000000 1.000000 1.000000 1.000000 1.000000 1.000000 1.000000 1.000000 0.135550 0.135550 0.026020 0.000957
7429.0 1.000000 1.000000 1.000000 1.000000 1.000000 1.000000 1.000000 1.000000 0.135385 0.135385 0.025962 0.000953
7430.0 1.000000 1.000000 1.000000 1.000000 1.000000 1.000000 1.000000 1.000000 0.135222 0.135222 0.025904 0.000948
7431.0 1.000000 1.000000 1.000000 1.000000 1.000000 1.000000 1.000000 1.000000 0.135058 0.135058 0.025845 0.000943
7432.0 1.000000 1.000000 1.000000 1.000000 1.000000 1.000000 1.000000 1.000000 0.134894 0.134894 0.025787 0.000939
7433.0 1.000000 1.000000 1.000000 1.000000 1.000000 1.000000 1.000000 1.000000 0.134731 0.134731 0.025729 0.000934
7434.0 1.000000 1.000000 1.000000 1.000000 1.000000 1.000000 1.000000 1.000000 0.134567 0.134567 0.025671 0.000930
7435.0 1.000000 1.000000 1.000000 1.000000 1.000000 1.000000 1.000000 1.000000 0.134404 0.134404 0.025614 0.000925
7436.0 1.000000 1.000000 1.000000 1.000000 1.000000 1.000000 1.000000 1.000000 0.134241 0.134241 0.025556 0.000921
7437.0 1.000000 1.000000 1.000000 1.000000 1.000000 1.000000 1.000000 1.000000 0.134078 0.134078 0.025498 0.000916
7438.0 1.000000 1.000000 1.000000 1.000000 1.000000 1.000000 1.000000 1.000000 0.133915 0.133915 0.025441 0.000912
7439.0 1.000000 1.000000 1.000000 1.000000 1.000000 1.000000 1.000000 1.000000 0.133752 0.133752 0.025383 0.000907
7440.0 1.000000 1.000000 1.000000 1.000000 1.000000 1.000000 1.000000 1.000000 0.133589 0.133589 0.025326 0.000903
7441.0 1.000000 1.000000 1.000000 1.000000 1.000000 1.000000 1.000000 1.000000 0.133426 0.133426 0.025269 0.000898
7442.0 1.000000 1.000000 1.000000 1.000000 1.000000 1.000000 1.000000 1.000000 0.133264 0.133264 0.025212 0.000894
7443.0 1.000000 1.000000 1.000000 1.000000 1.000000 1.000000 1.000000 1.000000 0.133102 0.133102 0.025155 0.000890
7444.0 1.000000 1.000000 1.000000 1.000000 1.000000 1.000000 1.000000 1.000000 0.132939 0.132939 0.025098 0.000885
7445.0 1.000000 1.000000 1.000000 1.000000 1.000000 1.000000 1.000000 1.000000 0.132777 0.132777 0.025041 0.000881
7446.0 1.000000 1.000000 1.000000 1.000000 1.000000 1.000000 1.000000 1.000000 0.132615 0.132615 0.024984 0.001348
7447.0 1.000000 1.000000 1.000000 1.000000 1.000000 1.000000 1.000000 1.000000 0.132454 0.132454 0.024928 0.001342
7448.0 1.000000 1.000000 1.000000 1.000000 1.000000 1.000000 1.000000 1.000000 0.132292 0.132292 0.024871 0.001336
7449.0 1.000000 1.000000 1.000000 1.000000 1.000000 1.000000 1.000000 1.000000 0.132130 0.132130 0.024815 0.001329
7450.0 1.000000 1.000000 1.000000 1.000000 1.000000 1.000000 1.000000 1.000000 0.131969 0.131969 0.024759 0.001323
7451.0 1.000000 1.000000 1.000000 1.000000 1.000000 1.000000 1.000000 1.000000 0.131807 0.131807 0.024702 0.001317
7452.0 1.000000 1.000000 1.000000 1.000000 1.000000 1.000000 1.000000 1.000000 0.131646 0.131646 0.024646 0.001311
7453.0 1.000000 1.000000 1.000000 1.000000 1.000000 1.000000 1.000000 1.000000 0.131485 0.131485 0.024590 0.001305
7454.0 1.000000 1.000000 1.000000 1.000000 1.000000 1.000000 1.000000 1.000000 0.131324 0.131324 0.024534 0.001299
7455.0 1.000000 1.000000 1.000000 1.000000 1.000000 1.000000 1.000000 1.000000 0.131163 0.131163 0.024479 0.001293
7456.0 1.000000 1.000000 1.000000 1.000000 1.000000 1.000000 1.000000 1.000000 0.131002 0.131002 0.024423 0.001287
7457.0 1.000000 1.000000 1.000000 1.000000 1.000000 1.000000 1.000000 1.000000 0.130842 0.130842 0.024367 0.001281
7458.0 1.000000 1.000000 1.000000 1.000000 1.000000 1.000000 1.000000 1.000000 0.130681 0.130681 0.024312 0.001275
7459.0 1.000000 1.000000 1.000000 1.000000 1.000000 1.000000 1.000000 1.000000 0.130521 0.130521 0.024256 0.001269
7460.0 1.000000 1.000000 1.000000 1.000000 1.000000 1.000000 1.000000 1.000000 0.130360 0.130360 0.024201 0.001263
7461.0 1.000000 1.000000 1.000000 1.000000 1.000000 1.000000 1.000000 1.000000 0.130200 0.130200 0.024146 0.001257
7462.0 1.000000 1.000000 1.000000 1.000000 1.000000 1.000000 1.000000 1.000000 0.130040 0.130040 0.024091 0.001251
7463.0 1.000000 1.000000 1.000000 1.000000 1.000000 1.000000 1.000000 1.000000 0.129880 0.129880 0.024036 0.001245
7464.0 1.000000 1.000000 1.000000 1.000000 1.000000 1.000000 1.000000 1.000000 0.129720 0.129720 0.023981 0.001239
7465.0 1.000000 1.000000 1.000000 1.000000 1.000000 1.000000 1.000000 1.000000 0.129561 0.129561 0.023926 0.001234
7466.0 1.000000 1.000000 1.000000 1.000000 1.000000 1.000000 1.000000 1.000000 0.129401 0.129401 0.023872 0.001228
7467.0 1.000000 1.000000 1.000000 1.000000 1.000000 1.000000 1.000000 1.000000 0.129242 0.129242 0.023817 0.001222
7468.0 1.000000 1.000000 1.000000 1.000000 1.000000 1.000000 1.000000 1.000000 0.129083 0.129083 0.023762 0.001216
7469.0 1.000000 1.000000 1.000000 1.000000 1.000000 1.000000 1.000000 1.000000 0.128923 0.128923 0.023708 0.001211
7470.0 1.000000 1.000000 1.000000 1.000000 1.000000 1.000000 1.000000 1.000000 0.128764 0.128764 0.023654 0.001205
7471.0 1.000000 1.000000 1.000000 1.000000 1.000000 1.000000 1.000000 1.000000 0.128605 0.128605 0.023600 0.001199
7472.0 1.000000 1.000000 1.000000 1.000000 1.000000 1.000000 1.000000 1.000000 0.128447 0.128447 0.023545 0.001194
7473.0 1.000000 1.000000 1.000000 1.000000 1.000000 1.000000 1.000000 1.000000 0.128288 0.128288 0.023491 0.001188
7474.0 1.000000 1.000000 1.000000 1.000000 1.000000 1.000000 1.000000 1.000000 0.128129 0.128129 0.023438 0.001182
7475.0 1.000000 1.000000 1.000000 1.000000 1.000000 1.000000 1.000000 1.000000 0.127971 0.127971 0.023384 0.001177
7476.0 1.000000 1.000000 1.000000 1.000000 1.000000 1.000000 1.000000 1.000000 0.127813 0.127813 0.023330 0.001171
7477.0 1.000000 1.000000 1.000000 1.000000 1.000000 1.000000 1.000000 1.000000 0.127654 0.127654 0.023276 0.001166
7478.0 1.000000 1.000000 1.000000 1.000000 1.000000 1.000000 1.000000 1.000000 0.127496 0.127496 0.023223 0.001160
7479.0 1.000000 1.000000 1.000000 1.000000 1.000000 1.000000 1.000000 1.000000 0.127338 0.127338 0.023170 0.001155
7480.0 1.000000 1.000000 1.000000 1.000000 1.000000 1.000000 1.000000 1.000000 0.127180 0.127180 0.023116 0.001149
7481.0 1.000000 1.000000 1.000000 1.000000 1.000000 1.000000 1.000000 1.000000 0.127023 0.127023 0.023063 0.001144
7482.0 1.000000 1.000000 1.000000 1.000000 1.000000 1.000000 1.000000 1.000000 0.126865 0.126865 0.023010 0.001138
7483.0 1.000000 1.000000 1.000000 1.000000 1.000000 1.000000 1.000000 1.000000 0.126708 0.126708 0.022957 0.001133
7484.0 1.000000 1.000000 1.000000 1.000000 1.000000 1.000000 1.000000 1.000000 0.126550 0.126550 0.022904 0.001127
7485.0 1.000000 1.000000 1.000000 1.000000 1.000000 1.000000 1.000000 1.000000 0.126393 0.126393 0.022851 0.001122
7486.0 1.000000 1.000000 1.000000 1.000000 1.000000 1.000000 1.000000 1.000000 0.126236 0.126236 0.022798 0.001117
7487.0 1.000000 1.000000 1.000000 1.000000 1.000000 1.000000 1.000000 1.000000 0.126079 0.126079 0.022746 0.001111
7488.0 1.000000 1.000000 1.000000 1.000000 1.000000 1.000000 1.000000 1.000000 0.125922 0.125922 0.022693 0.001106
7489.0 1.000000 1.000000 1.000000 1.000000 1.000000 1.000000 1.000000 1.000000 0.125765 0.125765 0.022641 0.001101
7490.0 1.000000 1.000000 1.000000 1.000000 1.000000 1.000000 1.000000 1.000000 0.125609 0.125609 0.022588 0.001096
7491.0 1.000000 1.000000 1.000000 1.000000 1.000000 1.000000 1.000000 1.000000 0.125452 0.125452 0.022536 0.001090
7492.0 1.000000 1.000000 1.000000 1.000000 1.000000 1.000000 1.000000 1.000000 0.125296 0.125296 0.022484 0.001085
7493.0 1.000000 1.000000 1.000000 1.000000 1.000000 1.000000 1.000000 1.000000 0.125140 0.125140 0.022432 0.001080
7494.0 1.000000 1.000000 1.000000 1.000000 1.000000 1.000000 1.000000 1.000000 0.124983 0.124983 0.022380 0.001075
7495.0 1.000000 1.000000 1.000000 1.000000 1.000000 1.000000 1.000000 1.000000 0.124827 0.124827 0.022328 0.001070
7496.0 1.000000 1.000000 1.000000 1.000000 1.000000 1.000000 1.000000 1.000000 0.124672 0.124672 0.022276 0.001064
7497.0 1.000000 1.000000 1.000000 1.000000 1.000000 1.000000 1.000000 1.000000 0.124516 0.124516 0.022225 0.001059
7498.0 1.000000 1.000000 1.000000 1.000000 1.000000 1.000000 1.000000 1.000000 0.124360 0.124360 0.022173 0.001054
7499.0 1.000000 1.000000 1.000000 1.000000 1.000000 1.000000 1.000000 1.000000 0.124205 0.124205 0.022122 0.001049
7500.0 1.000000 1.000000 1.000000 1.000000 1.000000 1.000000 1.000000 1.000000 0.124049 0.124049 0.022070 0.001044
7501.0 1.000000 1.000000 1.000000 1.000000 1.000000 1.000000 1.000000 1.000000 0.123894 0.123894 0.022019 0.001039
7502.0 1.000000 1.000000 1.000000 1.000000 1.000000 1.000000 1.000000 1.000000 0.123739 0.123739 0.021968 0.001034
7503.0 1.000000 1.000000 1.000000 1.000000 1.000000 1.000000 1.000000 1.000000 0.123584 0.123584 0.021917 0.002943
7504.0 1.000000 1.000000 1.000000 1.000000 1.000000 1.000000 1.000000 1.000000 0.123429 0.123429 0.021866 0.002932
7505.0 1.000000 1.000000 1.000000 1.000000 1.000000 1.000000 1.000000 1.000000 0.123274 0.123274 0.021815 0.002921
7506.0 1.000000 1.000000 1.000000 1.000000 1.000000 1.000000 1.000000 1.000000 0.123119 0.123119 0.021764 0.002911
7507.0 1.000000 1.000000 1.000000 1.000000 1.000000 1.000000 1.000000 1.000000 0.122965 0.122965 0.021713 0.002900
7508.0 1.000000 1.000000 1.000000 1.000000 1.000000 1.000000 1.000000 1.000000 0.122810 0.122810 0.021662 0.002890
7509.0 1.000000 1.000000 1.000000 1.000000 1.000000 1.000000 1.000000 1.000000 0.122656 0.122656 0.021612 0.002880
7510.0 1.000000 1.000000 1.000000 1.000000 1.000000 1.000000 1.000000 1.000000 0.122502 0.122502 0.021561 0.002869
7511.0 1.000000 1.000000 1.000000 1.000000 1.000000 1.000000 1.000000 1.000000 0.122348 0.122348 0.021511 0.002859
7512.0 1.000000 1.000000 1.000000 1.000000 1.000000 1.000000 1.000000 1.000000 0.122194 0.122194 0.021461 0.002849
7513.0 1.000000 1.000000 1.000000 1.000000 1.000000 1.000000 1.000000 1.000000 0.122040 0.122040 0.021411 0.002838
7514.0 1.000000 1.000000 1.000000 1.000000 1.000000 1.000000 1.000000 1.000000 0.121886 0.121886 0.021361 0.002828
7515.0 1.000000 1.000000 1.000000 1.000000 1.000000 1.000000 1.000000 1.000000 0.121733 0.121733 0.021311 0.002818
7516.0 1.000000 1.000000 1.000000 1.000000 1.000000 1.000000 1.000000 1.000000 0.121579 0.121579 0.021261 0.002808
7517.0 1.000000 1.000000 1.000000 1.000000 1.000000 1.000000 1.000000 1.000000 0.121426 0.121426 0.021211 0.002798
7518.0 1.000000 1.000000 1.000000 1.000000 1.000000 1.000000 1.000000 1.000000 0.121273 0.121273 0.021161 0.002787
7519.0 1.000000 1.000000 1.000000 1.000000 1.000000 1.000000 1.000000 1.000000 0.121120 0.121120 0.021112 0.002777
7520.0 1.000000 1.000000 1.000000 1.000000 1.000000 1.000000 1.000000 1.000000 0.120967 0.120967 0.021062 0.002767
7521.0 1.000000 1.000000 1.000000 1.000000 1.000000 1.000000 1.000000 1.000000 0.120814 0.120814 0.021013 0.002757
7522.0 1.000000 1.000000 1.000000 1.000000 1.000000 1.000000 1.000000 1.000000 0.120661 0.120661 0.020963 0.002747
7523.0 1.000000 1.000000 1.000000 1.000000 1.000000 1.000000 1.000000 1.000000 0.120509 0.120509 0.020914 0.002737
7524.0 1.000000 1.000000 1.000000 1.000000 1.000000 1.000000 1.000000 1.000000 0.120356 0.120356 0.020865 0.002727
7525.0 1.000000 1.000000 1.000000 1.000000 1.000000 1.000000 1.000000 1.000000 0.120204 0.120204 0.020816 0.002717
7526.0 1.000000 1.000000 1.000000 1.000000 1.000000 1.000000 1.000000 1.000000 0.120052 0.120052 0.020767 0.002708
7527.0 1.000000 1.000000 1.000000 1.000000 1.000000 1.000000 1.000000 1.000000 0.119900 0.119900 0.020718 0.002698
7528.0 1.000000 1.000000 1.000000 1.000000 1.000000 1.000000 1.000000 1.000000 0.119748 0.119748 0.020669 0.002688
7529.0 1.000000 1.000000 1.000000 1.000000 1.000000 1.000000 1.000000 1.000000 0.119596 0.119596 0.020621 0.002678
7530.0 1.000000 1.000000 1.000000 1.000000 1.000000 1.000000 1.000000 1.000000 0.119444 0.119444 0.020572 0.002668
7531.0 1.000000 1.000000 1.000000 1.000000 1.000000 1.000000 1.000000 1.000000 0.119292 0.119292 0.020523 0.002659
7532.0 1.000000 1.000000 1.000000 1.000000 1.000000 1.000000 1.000000 1.000000 0.119141 0.119141 0.020475 0.002649
7533.0 1.000000 1.000000 1.000000 1.000000 1.000000 1.000000 1.000000 1.000000 0.118989 0.118989 0.020427 0.002639
7534.0 1.000000 1.000000 1.000000 1.000000 1.000000 1.000000 1.000000 1.000000 0.118838 0.118838 0.020379 0.002630
7535.0 1.000000 1.000000 1.000000 1.000000 1.000000 1.000000 1.000000 1.000000 0.118687 0.118687 0.020330 0.002620
7536.0 1.000000 1.000000 1.000000 1.000000 1.000000 1.000000 1.000000 1.000000 0.118536 0.118536 0.020282 0.002611
7537.0 1.000000 1.000000 1.000000 1.000000 1.000000 1.000000 1.000000 1.000000 0.118385 0.118385 0.020234 0.002601
7538.0 1.000000 1.000000 1.000000 1.000000 1.000000 1.000000 1.000000 1.000000 0.118234 0.118234 0.020187 0.002592
7539.0 1.000000 1.000000 1.000000 1.000000 1.000000 1.000000 1.000000 1.000000 0.118084 0.118084 0.020139 0.002582
7540.0 1.000000 1.000000 1.000000 1.000000 1.000000 1.000000 1.000000 1.000000 0.117933 0.117933 0.020091 0.002573
7541.0 1.000000 1.000000 1.000000 1.000000 1.000000 1.000000 1.000000 1.000000 0.117783 0.117783 0.020043 0.002563
7542.0 1.000000 1.000000 1.000000 1.000000 1.000000 1.000000 1.000000 1.000000 0.117633 0.117633 0.019996 0.002554
7543.0 1.000000 1.000000 1.000000 1.000000 1.000000 1.000000 1.000000 1.000000 0.117482 0.117482 0.019949 0.002545
7544.0 1.000000 1.000000 1.000000 1.000000 1.000000 1.000000 1.000000 1.000000 0.117332 0.117332 0.019901 0.002535
7545.0 1.000000 1.000000 1.000000 1.000000 1.000000 1.000000 1.000000 1.000000 0.117182 0.117182 0.019854 0.002526
7546.0 1.000000 1.000000 1.000000 1.000000 1.000000 1.000000 1.000000 1.000000 0.117033 0.117033 0.019807 0.002517
7547.0 1.000000 1.000000 1.000000 1.000000 1.000000 1.000000 1.000000 1.000000 0.116883 0.116883 0.019760 0.002507
7548.0 1.000000 1.000000 1.000000 1.000000 1.000000 1.000000 1.000000 1.000000 0.116734 0.116734 0.019713 0.002498
7549.0 1.000000 1.000000 1.000000 1.000000 1.000000 1.000000 1.000000 1.000000 0.116584 0.116584 0.019666 0.002489
7550.0 1.000000 1.000000 1.000000 1.000000 1.000000 1.000000 1.000000 1.000000 0.116435 0.116435 0.019619 0.002480
7551.0 1.000000 1.000000 1.000000 1.000000 1.000000 1.000000 1.000000 1.000000 0.116286 0.116286 0.019572 0.002471
7552.0 1.000000 1.000000 1.000000 1.000000 1.000000 1.000000 1.000000 1.000000 0.116137 0.116137 0.019526 0.002462
7553.0 1.000000 1.000000 1.000000 1.000000 1.000000 1.000000 1.000000 1.000000 0.115988 0.115988 0.019479 0.002453
7554.0 1.000000 1.000000 1.000000 1.000000 1.000000 1.000000 1.000000 1.000000 0.115839 0.115839 0.019433 0.002444
7555.0 1.000000 1.000000 1.000000 1.000000 1.000000 1.000000 1.000000 1.000000 0.115690 0.115690 0.019387 0.002435
7556.0 1.000000 1.000000 1.000000 1.000000 1.000000 1.000000 1.000000 1.000000 0.115542 0.115542 0.019340 0.002426
7557.0 1.000000 1.000000 1.000000 1.000000 1.000000 1.000000 1.000000 1.000000 0.115393 0.115393 0.019294 0.002417
7558.0 1.000000 1.000000 1.000000 1.000000 1.000000 1.000000 1.000000 1.000000 0.115245 0.115245 0.019248 0.002408
7559.0 1.000000 1.000000 1.000000 1.000000 1.000000 1.000000 1.000000 1.000000 0.115097 0.115097 0.019202 0.002399
7560.0 1.000000 1.000000 1.000000 1.000000 1.000000 1.000000 1.000000 1.000000 0.114949 0.114949 0.019156 0.002390
7561.0 1.000000 1.000000 1.000000 1.000000 1.000000 1.000000 1.000000 1.000000 0.114801 0.114801 0.019110 0.002381
7562.0 1.000000 1.000000 1.000000 1.000000 1.000000 1.000000 1.000000 1.000000 0.114653 0.114653 0.019065 0.002373
7563.0 1.000000 1.000000 1.000000 1.000000 1.000000 1.000000 1.000000 1.000000 0.114505 0.114505 0.019019 0.002364
7564.0 1.000000 1.000000 1.000000 1.000000 1.000000 1.000000 1.000000 1.000000 0.114357 0.114357 0.018973 0.002355
7565.0 1.000000 1.000000 1.000000 1.000000 1.000000 1.000000 1.000000 1.000000 0.114210 0.114210 0.018928 0.002346
7566.0 1.000000 1.000000 1.000000 1.000000 1.000000 1.000000 1.000000 1.000000 0.114063 0.114063 0.018883 0.002338
7567.0 1.000000 1.000000 1.000000 1.000000 1.000000 1.000000 1.000000 1.000000 0.113915 0.113915 0.018837 0.002329
7568.0 1.000000 1.000000 1.000000 1.000000 1.000000 1.000000 1.000000 1.000000 0.113768 0.113768 0.018792 0.002320
7569.0 1.000000 1.000000 1.000000 1.000000 1.000000 1.000000 1.000000 1.000000 0.113621 0.113621 0.018747 0.002312
7570.0 1.000000 1.000000 1.000000 1.000000 1.000000 1.000000 1.000000 1.000000 0.113475 0.113475 0.018702 0.002303
7571.0 1.000000 1.000000 1.000000 1.000000 1.000000 1.000000 1.000000 1.000000 0.113328 0.113328 0.018657 0.002295
7572.0 1.000000 1.000000 1.000000 1.000000 1.000000 1.000000 1.000000 1.000000 0.113181 0.113181 0.018612 0.002286
7573.0 1.000000 1.000000 1.000000 1.000000 1.000000 1.000000 1.000000 1.000000 0.113035 0.113035 0.018567 0.002278
7574.0 1.000000 1.000000 1.000000 1.000000 1.000000 1.000000 1.000000 1.000000 0.112888 0.112888 0.018523 0.002269
7575.0 1.000000 1.000000 1.000000 1.000000 1.000000 1.000000 1.000000 1.000000 0.112742 0.112742 0.018478 0.002261
7576.0 1.000000 1.000000 1.000000 1.000000 1.000000 1.000000 1.000000 1.000000 0.112596 0.112596 0.018434 0.002252
7577.0 1.000000 1.000000 1.000000 1.000000 1.000000 1.000000 1.000000 1.000000 0.112450 0.112450 0.018389 0.002244
7578.0 1.000000 1.000000 1.000000 1.000000 1.000000 1.000000 1.000000 1.000000 0.112304 0.112304 0.018345 0.002236
7579.0 1.000000 1.000000 1.000000 1.000000 1.000000 1.000000 1.000000 1.000000 0.112158 0.112158 0.018301 0.002227
7580.0 1.000000 1.000000 1.000000 1.000000 1.000000 1.000000 1.000000 1.000000 0.112013 0.112013 0.018257 0.002219
7581.0 1.000000 1.000000 1.000000 1.000000 1.000000 1.000000 1.000000 1.000000 0.111867 0.111867 0.018212 0.002211
7582.0 1.000000 1.000000 1.000000 1.000000 1.000000 1.000000 1.000000 1.000000 0.111722 0.111722 0.018168 0.002202
7583.0 1.000000 1.000000 1.000000 1.000000 1.000000 1.000000 1.000000 1.000000 0.111576 0.111576 0.018125 0.002194
7584.0 1.000000 1.000000 1.000000 1.000000 1.000000 1.000000 1.000000 1.000000 0.111431 0.111431 0.018081 0.002186
7585.0 1.000000 1.000000 1.000000 1.000000 1.000000 1.000000 1.000000 1.000000 0.111286 0.111286 0.018037 0.002178
7586.0 1.000000 1.000000 1.000000 1.000000 1.000000 1.000000 1.000000 1.000000 0.111141 0.111141 0.017993 0.002170
7587.0 1.000000 1.000000 1.000000 1.000000 1.000000 1.000000 1.000000 1.000000 0.110997 0.110997 0.017950 0.002162
7588.0 1.000000 1.000000 1.000000 1.000000 1.000000 1.000000 1.000000 1.000000 0.110852 0.110852 0.017906 0.002154
7589.0 1.000000 1.000000 1.000000 1.000000 1.000000 1.000000 1.000000 1.000000 0.110707 0.110707 0.017863 0.002145
7590.0 1.000000 1.000000 1.000000 1.000000 1.000000 1.000000 1.000000 1.000000 0.110563 0.110563 0.017820 0.002137
7591.0 1.000000 1.000000 1.000000 1.000000 1.000000 1.000000 1.000000 1.000000 0.110419 0.110419 0.017776 0.002129
7592.0 1.000000 1.000000 1.000000 1.000000 1.000000 1.000000 1.000000 1.000000 0.110275 0.110275 0.017733 0.002121
7593.0 1.000000 1.000000 1.000000 1.000000 1.000000 1.000000 1.000000 1.000000 0.110130 0.110130 0.017690 0.002113
7594.0 1.000000 1.000000 1.000000 1.000000 1.000000 1.000000 1.000000 1.000000 0.109987 0.109987 0.017647 0.002106
7595.0 1.000000 1.000000 1.000000 1.000000 1.000000 1.000000 1.000000 1.000000 0.109843 0.109843 0.017604 0.002098
7596.0 1.000000 1.000000 1.000000 1.000000 1.000000 1.000000 1.000000 1.000000 0.109699 0.109699 0.017562 0.002090
7597.0 1.000000 1.000000 1.000000 1.000000 1.000000 1.000000 1.000000 1.000000 0.109556 0.109556 0.017519 0.002082
7598.0 1.000000 1.000000 1.000000 1.000000 1.000000 1.000000 1.000000 1.000000 0.109412 0.109412 0.017476 0.005207
7599.0 1.000000 1.000000 1.000000 1.000000 1.000000 1.000000 1.000000 1.000000 0.109269 0.109269 0.017434 0.005190
7600.0 1.000000 1.000000 1.000000 1.000000 1.000000 1.000000 1.000000 1.000000 0.109126 0.109126 0.017391 0.005174
7601.0 1.000000 1.000000 1.000000 1.000000 1.000000 1.000000 1.000000 1.000000 0.108982 0.108982 0.017349 0.005157
7602.0 1.000000 1.000000 1.000000 1.000000 1.000000 1.000000 1.000000 1.000000 0.108839 0.108839 0.017307 0.005141
7603.0 1.000000 1.000000 1.000000 1.000000 1.000000 1.000000 1.000000 1.000000 0.108697 0.108697 0.017264 0.005125
7604.0 1.000000 1.000000 1.000000 1.000000 1.000000 1.000000 1.000000 1.000000 0.108554 0.108554 0.017222 0.005108
7605.0 1.000000 1.000000 1.000000 1.000000 1.000000 1.000000 1.000000 1.000000 0.108411 0.108411 0.017180 0.005092
7606.0 1.000000 1.000000 1.000000 1.000000 1.000000 1.000000 1.000000 1.000000 0.108269 0.108269 0.017138 0.005076
7607.0 1.000000 1.000000 1.000000 1.000000 1.000000 1.000000 1.000000 1.000000 0.108127 0.108127 0.017096 0.005060
7608.0 1.000000 1.000000 1.000000 1.000000 1.000000 1.000000 1.000000 1.000000 0.107984 0.107984 0.017055 0.005044
7609.0 1.000000 1.000000 1.000000 1.000000 1.000000 1.000000 1.000000 1.000000 0.107842 0.107842 0.017013 0.005027
7610.0 1.000000 1.000000 1.000000 1.000000 1.000000 1.000000 1.000000 1.000000 0.107700 0.107700 0.016971 0.005011
7611.0 1.000000 1.000000 1.000000 1.000000 1.000000 1.000000 1.000000 1.000000 0.107558 0.107558 0.016930 0.004995
7612.0 1.000000 1.000000 1.000000 1.000000 1.000000 1.000000 1.000000 1.000000 0.107417 0.107417 0.016888 0.004979
7613.0 1.000000 1.000000 1.000000 1.000000 1.000000 1.000000 1.000000 1.000000 0.107275 0.107275 0.016847 0.004964
7614.0 1.000000 1.000000 1.000000 1.000000 1.000000 1.000000 1.000000 1.000000 0.107134 0.107134 0.016805 0.004948
7615.0 1.000000 1.000000 1.000000 1.000000 1.000000 1.000000 1.000000 1.000000 0.106992 0.106992 0.016764 0.004932
7616.0 1.000000 1.000000 1.000000 1.000000 1.000000 1.000000 1.000000 1.000000 0.106851 0.106851 0.016723 0.004916
7617.0 1.000000 1.000000 1.000000 1.000000 1.000000 1.000000 1.000000 1.000000 0.106710 0.106710 0.016682 0.004900
7618.0 1.000000 1.000000 1.000000 1.000000 1.000000 1.000000 1.000000 1.000000 0.106569 0.106569 0.016641 0.004885
7619.0 1.000000 1.000000 1.000000 1.000000 1.000000 1.000000 1.000000 1.000000 0.106428 0.106428 0.016600 0.004869
7620.0 1.000000 1.000000 1.000000 1.000000 1.000000 1.000000 1.000000 1.000000 0.106287 0.106287 0.016559 0.004853
7621.0 1.000000 1.000000 1.000000 1.000000 1.000000 1.000000 1.000000 1.000000 0.106147 0.106147 0.016519 0.004838
7622.0 1.000000 1.000000 1.000000 1.000000 1.000000 1.000000 1.000000 1.000000 0.106006 0.106006 0.016478 0.004822
7623.0 1.000000 1.000000 1.000000 1.000000 1.000000 1.000000 1.000000 1.000000 0.105866 0.105866 0.016437 0.004807
7624.0 1.000000 1.000000 1.000000 1.000000 1.000000 1.000000 1.000000 1.000000 0.105725 0.105725 0.016397 0.004791
7625.0 1.000000 1.000000 1.000000 1.000000 1.000000 1.000000 1.000000 1.000000 0.105585 0.105585 0.016356 0.004776
7626.0 1.000000 1.000000 1.000000 1.000000 1.000000 1.000000 1.000000 1.000000 0.105445 0.105445 0.016316 0.004760
7627.0 1.000000 1.000000 1.000000 1.000000 1.000000 1.000000 1.000000 1.000000 0.105305 0.105305 0.016276 0.004745
7628.0 1.000000 1.000000 1.000000 1.000000 1.000000 1.000000 1.000000 1.000000 0.105166 0.105166 0.016236 0.004730
7629.0 1.000000 1.000000 1.000000 1.000000 1.000000 1.000000 1.000000 1.000000 0.105026 0.105026 0.016196 0.004715
7630.0 1.000000 1.000000 1.000000 1.000000 1.000000 1.000000 1.000000 1.000000 0.104886 0.104886 0.016156 0.004699
7631.0 1.000000 1.000000 1.000000 1.000000 1.000000 1.000000 1.000000 1.000000 0.104747 0.104747 0.016116 0.004684
7632.0 1.000000 1.000000 1.000000 1.000000 1.000000 1.000000 1.000000 1.000000 0.104608 0.104608 0.016076 0.004669
7633.0 1.000000 1.000000 1.000000 1.000000 1.000000 1.000000 1.000000 1.000000 0.104468 0.104468 0.016036 0.004654
7634.0 1.000000 1.000000 1.000000 1.000000 1.000000 1.000000 1.000000 1.000000 0.104329 0.104329 0.015996 0.004639
7635.0 1.000000 1.000000 1.000000 1.000000 1.000000 1.000000 1.000000 1.000000 0.104190 0.104190 0.015957 0.004624
7636.0 1.000000 1.000000 1.000000 1.000000 1.000000 1.000000 1.000000 1.000000 0.104052 0.104052 0.015917 0.004609
7637.0 1.000000 1.000000 1.000000 1.000000 1.000000 1.000000 1.000000 1.000000 0.103913 0.103913 0.015878 0.004594
7638.0 1.000000 1.000000 1.000000 1.000000 1.000000 1.000000 1.000000 1.000000 0.103774 0.103774 0.015838 0.004579
7639.0 1.000000 1.000000 1.000000 1.000000 1.000000 1.000000 1.000000 1.000000 0.103636 0.103636 0.015799 0.004565
7640.0 1.000000 1.000000 1.000000 1.000000 1.000000 1.000000 1.000000 1.000000 0.103497 0.103497 0.015760 0.004550
7641.0 1.000000 1.000000 1.000000 1.000000 1.000000 1.000000 1.000000 1.000000 0.103359 0.103359 0.015721 0.004535
7642.0 1.000000 1.000000 1.000000 1.000000 1.000000 1.000000 1.000000 1.000000 0.103221 0.103221 0.015682 0.004520
7643.0 1.000000 1.000000 1.000000 1.000000 1.000000 1.000000 1.000000 1.000000 0.103083 0.103083 0.015643 0.004506
7644.0 1.000000 1.000000 1.000000 1.000000 1.000000 1.000000 1.000000 1.000000 0.102945 0.102945 0.015604 0.004491
7645.0 1.000000 1.000000 1.000000 1.000000 1.000000 1.000000 1.000000 1.000000 0.102808 0.102808 0.015565 0.004476
7646.0 1.000000 1.000000 1.000000 1.000000 1.000000 1.000000 1.000000 1.000000 0.102670 0.102670 0.015526 0.004462
7647.0 1.000000 1.000000 1.000000 1.000000 1.000000 1.000000 1.000000 1.000000 0.102533 0.102533 0.015488 0.004447
7648.0 1.000000 1.000000 1.000000 1.000000 1.000000 1.000000 1.000000 1.000000 0.102395 0.102395 0.015449 0.004433
7649.0 1.000000 1.000000 1.000000 1.000000 1.000000 1.000000 1.000000 1.000000 0.102258 0.102258 0.015411 0.004419
7650.0 1.000000 1.000000 1.000000 1.000000 1.000000 1.000000 1.000000 1.000000 0.102121 0.102121 0.015372 0.004404
7651.0 1.000000 1.000000 1.000000 1.000000 1.000000 1.000000 1.000000 1.000000 0.101984 0.101984 0.015334 0.004390
7652.0 1.000000 1.000000 1.000000 1.000000 1.000000 1.000000 1.000000 1.000000 0.101847 0.101847 0.015295 0.004376
7653.0 1.000000 1.000000 1.000000 1.000000 1.000000 1.000000 1.000000 1.000000 0.101710 0.101710 0.015257 0.004361
7654.0 1.000000 1.000000 1.000000 1.000000 1.000000 1.000000 1.000000 1.000000 0.101574 0.101574 0.015219 0.004347
7655.0 1.000000 1.000000 1.000000 1.000000 1.000000 1.000000 1.000000 1.000000 0.101437 0.101437 0.015181 0.004333
7656.0 1.000000 1.000000 1.000000 1.000000 1.000000 1.000000 1.000000 1.000000 0.101301 0.101301 0.015143 0.004319
7657.0 1.000000 1.000000 1.000000 1.000000 1.000000 1.000000 1.000000 1.000000 0.101164 0.101164 0.015105 0.004305
7658.0 1.000000 1.000000 1.000000 1.000000 1.000000 1.000000 1.000000 1.000000 0.101028 0.101028 0.015067 0.004291
7659.0 1.000000 1.000000 1.000000 1.000000 1.000000 1.000000 1.000000 1.000000 0.100892 0.100892 0.015030 0.004277
7660.0 1.000000 1.000000 1.000000 1.000000 1.000000 1.000000 1.000000 1.000000 0.100756 0.100756 0.014992 0.004263
7661.0 1.000000 1.000000 1.000000 1.000000 1.000000 1.000000 1.000000 1.000000 0.100621 0.100621 0.014955 0.004249
7662.0 1.000000 1.000000 1.000000 1.000000 1.000000 1.000000 1.000000 1.000000 0.100485 0.100485 0.014917 0.004235
7663.0 1.000000 1.000000 1.000000 1.000000 1.000000 1.000000 1.000000 1.000000 0.100349 0.100349 0.014880 0.004221
7664.0 1.000000 1.000000 1.000000 1.000000 1.000000 1.000000 1.000000 1.000000 0.100214 0.100214 0.014842 0.004207
7665.0 1.000000 1.000000 1.000000 1.000000 1.000000 1.000000 1.000000 1.000000 0.100079 0.100079 0.014805 0.004193
7666.0 1.000000 1.000000 1.000000 1.000000 1.000000 1.000000 1.000000 1.000000 0.099943 0.099943 0.014768 0.004180
7667.0 1.000000 1.000000 1.000000 1.000000 1.000000 1.000000 1.000000 1.000000 0.099808 0.099808 0.014731 0.004166
7668.0 1.000000 1.000000 1.000000 1.000000 1.000000 1.000000 1.000000 1.000000 0.099673 0.099673 0.014694 0.004152
7669.0 1.000000 1.000000 1.000000 1.000000 1.000000 1.000000 1.000000 1.000000 0.099539 0.099539 0.014657 0.004139
7670.0 1.000000 1.000000 1.000000 1.000000 1.000000 1.000000 1.000000 1.000000 0.099404 0.099404 0.014620 0.004125
7671.0 1.000000 1.000000 1.000000 1.000000 1.000000 1.000000 1.000000 1.000000 0.099269 0.099269 0.014583 0.004111
7672.0 1.000000 1.000000 1.000000 1.000000 1.000000 1.000000 1.000000 1.000000 0.099135 0.099135 0.014546 0.004098
7673.0 1.000000 1.000000 1.000000 1.000000 1.000000 1.000000 1.000000 1.000000 0.099001 0.099001 0.014510 0.004084
7674.0 1.000000 1.000000 1.000000 1.000000 1.000000 1.000000 1.000000 1.000000 0.098866 0.098866 0.014473 0.004071
7675.0 1.000000 1.000000 1.000000 1.000000 1.000000 1.000000 1.000000 1.000000 0.098732 0.098732 0.014436 0.004058
7676.0 1.000000 1.000000 1.000000 1.000000 1.000000 1.000000 1.000000 1.000000 0.098598 0.098598 0.014400 0.004044
7677.0 1.000000 1.000000 1.000000 1.000000 1.000000 1.000000 1.000000 1.000000 0.098464 0.098464 0.014364 0.004031
7678.0 1.000000 1.000000 1.000000 1.000000 1.000000 1.000000 1.000000 1.000000 0.098331 0.098331 0.014327 0.004018
7679.0 1.000000 1.000000 1.000000 1.000000 1.000000 1.000000 1.000000 1.000000 0.098197 0.098197 0.014291 0.004004
7680.0 1.000000 1.000000 1.000000 1.000000 1.000000 1.000000 1.000000 1.000000 0.098064 0.098064 0.014255 0.003991
7681.0 1.000000 1.000000 1.000000 1.000000 1.000000 1.000000 1.000000 1.000000 0.097930 0.097930 0.014219 0.003978
7682.0 1.000000 1.000000 1.000000 1.000000 1.000000 1.000000 1.000000 1.000000 0.097797 0.097797 0.014183 0.003965
7683.0 1.000000 1.000000 1.000000 1.000000 1.000000 1.000000 1.000000 1.000000 0.097664 0.097664 0.014147 0.003952
7684.0 1.000000 1.000000 1.000000 1.000000 1.000000 1.000000 1.000000 1.000000 0.097531 0.097531 0.014111 0.003939
7685.0 1.000000 1.000000 1.000000 1.000000 1.000000 1.000000 1.000000 1.000000 0.097398 0.097398 0.014075 0.003926
7686.0 1.000000 1.000000 1.000000 1.000000 1.000000 1.000000 1.000000 1.000000 0.097265 0.097265 0.014040 0.003913
7687.0 1.000000 1.000000 1.000000 1.000000 1.000000 1.000000 1.000000 1.000000 0.097132 0.097132 0.014004 0.003900
7688.0 1.000000 1.000000 1.000000 1.000000 1.000000 1.000000 1.000000 1.000000 0.097000 0.097000 0.013969 0.003887
7689.0 1.000000 1.000000 1.000000 1.000000 1.000000 1.000000 1.000000 1.000000 0.096868 0.096868 0.013933 0.003874
7690.0 1.000000 1.000000 1.000000 1.000000 1.000000 1.000000 1.000000 1.000000 0.096735 0.096735 0.013898 0.003861
7691.0 1.000000 1.000000 1.000000 1.000000 1.000000 1.000000 1.000000 1.000000 0.096603 0.096603 0.013862 0.003848
7692.0 1.000000 1.000000 1.000000 1.000000 1.000000 1.000000 1.000000 1.000000 0.096471 0.096471 0.013827 0.003835
7693.0 1.000000 1.000000 1.000000 1.000000 1.000000 1.000000 1.000000 1.000000 0.096339 0.096339 0.096339 0.003823
7694.0 1.000000 1.000000 1.000000 1.000000 1.000000 1.000000 1.000000 1.000000 0.096207 0.096207 0.096207 0.003810
7695.0 1.000000 1.000000 1.000000 1.000000 1.000000 1.000000 1.000000 1.000000 0.096076 0.096076 0.096076 0.003797
7696.0 1.000000 1.000000 1.000000 1.000000 1.000000 1.000000 1.000000 1.000000 0.095944 0.095944 0.095944 0.003785
7697.0 1.000000 1.000000 1.000000 1.000000 1.000000 1.000000 1.000000 1.000000 0.095813 0.095813 0.095813 0.003772
7698.0 1.000000 1.000000 1.000000 1.000000 1.000000 1.000000 1.000000 1.000000 0.095681 0.095681 0.095681 0.003760
7699.0 1.000000 1.000000 1.000000 1.000000 1.000000 1.000000 1.000000 1.000000 0.095550 0.095550 0.095550 0.003747
7700.0 1.000000 1.000000 1.000000 1.000000 1.000000 1.000000 1.000000 1.000000 0.095419 0.095419 0.095419 0.003735
7701.0 1.000000 1.000000 1.000000 1.000000 1.000000 1.000000 1.000000 1.000000 0.095288 0.095288 0.095288 0.003722
7702.0 1.000000 1.000000 1.000000 1.000000 1.000000 1.000000 1.000000 1.000000 0.095157 0.095157 0.095157 0.003710
7703.0 1.000000 1.000000 1.000000 1.000000 1.000000 1.000000 1.000000 1.000000 0.095027 0.095027 0.095027 0.003697
7704.0 1.000000 1.000000 1.000000 1.000000 1.000000 1.000000 1.000000 1.000000 0.094896 0.094896 0.094896 0.003685
7705.0 1.000000 1.000000 1.000000 1.000000 1.000000 1.000000 1.000000 1.000000 0.094766 0.094766 0.094766 0.003673
7706.0 1.000000 1.000000 1.000000 1.000000 1.000000 1.000000 1.000000 1.000000 0.094635 0.094635 0.094635 0.003660
7707.0 1.000000 1.000000 1.000000 1.000000 1.000000 1.000000 1.000000 1.000000 0.094505 0.094505 0.094505 0.003648
7708.0 1.000000 1.000000 1.000000 1.000000 1.000000 1.000000 1.000000 1.000000 0.094375 0.094375 0.094375 0.003636
7709.0 1.000000 1.000000 1.000000 1.000000 1.000000 1.000000 1.000000 1.000000 0.094245 0.094245 0.094245 0.003624
7710.0 1.000000 1.000000 1.000000 1.000000 1.000000 1.000000 1.000000 1.000000 0.094115 0.094115 0.094115 0.003612
7711.0 1.000000 1.000000 1.000000 1.000000 1.000000 1.000000 1.000000 1.000000 0.093985 0.093985 0.093985 0.003600
7712.0 1.000000 1.000000 1.000000 1.000000 1.000000 1.000000 1.000000 1.000000 0.093856 0.093856 0.093856 0.003588
7713.0 1.000000 1.000000 1.000000 1.000000 1.000000 1.000000 1.000000 1.000000 0.093726 0.093726 0.093726 0.003576
7714.0 1.000000 1.000000 1.000000 1.000000 1.000000 1.000000 1.000000 1.000000 0.093597 0.093597 0.093597 0.003564
7715.0 1.000000 1.000000 1.000000 1.000000 1.000000 1.000000 1.000000 1.000000 0.093467 0.093467 0.093467 0.003552
7716.0 1.000000 1.000000 1.000000 1.000000 1.000000 1.000000 1.000000 1.000000 0.093338 0.093338 0.093338 0.003540
7717.0 1.000000 1.000000 1.000000 1.000000 1.000000 1.000000 1.000000 1.000000 0.093209 0.093209 0.093209 0.003528
7718.0 1.000000 1.000000 1.000000 1.000000 1.000000 1.000000 1.000000 1.000000 0.093080 0.093080 0.093080 0.003516
7719.0 1.000000 1.000000 1.000000 1.000000 1.000000 1.000000 1.000000 1.000000 0.092952 0.092952 0.092952 0.003504
7720.0 1.000000 1.000000 1.000000 1.000000 1.000000 1.000000 1.000000 1.000000 0.092823 0.092823 0.092823 0.003492
7721.0 1.000000 1.000000 1.000000 1.000000 1.000000 1.000000 1.000000 1.000000 0.092694 0.092694 0.092694 0.003481
7722.0 1.000000 1.000000 1.000000 1.000000 1.000000 1.000000 1.000000 1.000000 0.092566 0.092566 0.092566 0.003469
7723.0 1.000000 1.000000 1.000000 1.000000 1.000000 1.000000 1.000000 1.000000 0.092438 0.092438 0.092438 0.003457
7724.0 1.000000 1.000000 1.000000 1.000000 1.000000 1.000000 1.000000 1.000000 0.092309 0.092309 0.092309 0.003446
7725.0 1.000000 1.000000 1.000000 1.000000 1.000000 1.000000 1.000000 1.000000 0.092181 0.092181 0.092181 0.003434
7726.0 1.000000 1.000000 1.000000 1.000000 1.000000 1.000000 1.000000 1.000000 0.092053 0.092053 0.092053 0.003422
7727.0 1.000000 1.000000 1.000000 1.000000 1.000000 1.000000 1.000000 1.000000 0.091925 0.091925 0.091925 0.003411
7728.0 1.000000 1.000000 1.000000 1.000000 1.000000 1.000000 1.000000 1.000000 0.091798 0.091798 0.091798 0.003399
7729.0 1.000000 1.000000 1.000000 1.000000 1.000000 1.000000 1.000000 1.000000 0.091670 0.091670 0.091670 0.003388
7730.0 1.000000 1.000000 1.000000 1.000000 1.000000 1.000000 1.000000 1.000000 0.091543 0.091543 0.091543 0.003376
7731.0 1.000000 1.000000 1.000000 1.000000 1.000000 1.000000 1.000000 1.000000 0.091415 0.091415 0.091415 0.003365
7732.0 1.000000 1.000000 1.000000 1.000000 1.000000 1.000000 1.000000 1.000000 0.091288 0.091288 0.091288 0.003354
7733.0 1.000000 1.000000 1.000000 1.000000 1.000000 1.000000 1.000000 1.000000 0.091161 0.091161 0.091161 0.003342
7734.0 1.000000 1.000000 1.000000 1.000000 1.000000 1.000000 1.000000 1.000000 0.091034 0.091034 0.091034 0.003331
7735.0 1.000000 1.000000 1.000000 1.000000 1.000000 1.000000 1.000000 1.000000 0.090907 0.090907 0.090907 0.003320
7736.0 1.000000 1.000000 1.000000 1.000000 1.000000 1.000000 1.000000 1.000000 0.090780 0.090780 0.090780 0.003308
7737.0 1.000000 1.000000 1.000000 1.000000 1.000000 1.000000 1.000000 1.000000 0.090654 0.090654 0.090654 0.003297
7738.0 1.000000 1.000000 1.000000 1.000000 1.000000 1.000000 1.000000 1.000000 0.090527 0.090527 0.090527 0.003286
7739.0 1.000000 1.000000 1.000000 1.000000 1.000000 1.000000 1.000000 1.000000 0.090401 0.090401 0.090401 0.003275
7740.0 1.000000 1.000000 1.000000 1.000000 1.000000 1.000000 1.000000 1.000000 0.090274 0.090274 0.090274 0.003264
7741.0 1.000000 1.000000 1.000000 1.000000 1.000000 1.000000 1.000000 1.000000 0.090148 0.090148 0.090148 0.003253
7742.0 1.000000 1.000000 1.000000 1.000000 1.000000 1.000000 1.000000 1.000000 0.090022 0.090022 0.090022 0.003242
7743.0 1.000000 1.000000 1.000000 1.000000 1.000000 1.000000 1.000000 1.000000 0.089896 0.089896 0.089896 0.003231
7744.0 1.000000 1.000000 1.000000 1.000000 1.000000 1.000000 1.000000 1.000000 0.089771 0.089771 0.089771 0.003220
7745.0 1.000000 1.000000 1.000000 1.000000 1.000000 1.000000 1.000000 1.000000 0.089645 0.089645 0.089645 0.003209
7746.0 1.000000 1.000000 1.000000 1.000000 1.000000 1.000000 1.000000 1.000000 0.089519 0.089519 0.089519 0.003198
7747.0 1.000000 1.000000 1.000000 1.000000 1.000000 1.000000 1.000000 1.000000 0.089394 0.089394 0.089394 0.003187
7748.0 1.000000 1.000000 1.000000 1.000000 1.000000 1.000000 1.000000 1.000000 0.089269 0.089269 0.089269 0.003176
7749.0 1.000000 1.000000 1.000000 1.000000 1.000000 1.000000 1.000000 1.000000 0.089143 0.089143 0.089143 0.003165
7750.0 1.000000 1.000000 1.000000 1.000000 1.000000 1.000000 1.000000 1.000000 0.089018 0.089018 0.089018 0.003154
7751.0 1.000000 1.000000 1.000000 1.000000 1.000000 1.000000 1.000000 1.000000 0.088893 0.088893 0.088893 0.003144
7752.0 1.000000 1.000000 1.000000 1.000000 1.000000 1.000000 1.000000 1.000000 0.088768 0.088768 0.088768 0.003133
7753.0 1.000000 1.000000 1.000000 1.000000 1.000000 1.000000 1.000000 1.000000 0.088644 0.088644 0.088644 0.003122
7754.0 1.000000 1.000000 1.000000 1.000000 1.000000 1.000000 1.000000 1.000000 0.088519 0.088519 0.088519 0.003112
7755.0 1.000000 1.000000 1.000000 1.000000 1.000000 1.000000 1.000000 1.000000 0.088395 0.088395 0.088395 0.003101
7756.0 1.000000 1.000000 1.000000 1.000000 1.000000 1.000000 1.000000 1.000000 0.088270 0.088270 0.088270 0.003090
7757.0 1.000000 1.000000 1.000000 1.000000 1.000000 1.000000 1.000000 1.000000 0.088146 0.088146 0.088146 0.003080
7758.0 1.000000 1.000000 1.000000 1.000000 1.000000 1.000000 1.000000 1.000000 0.088022 0.088022 0.088022 0.003069
7759.0 1.000000 1.000000 1.000000 1.000000 1.000000 1.000000 1.000000 1.000000 0.087898 0.087898 0.087898 0.003059
7760.0 1.000000 1.000000 1.000000 1.000000 1.000000 1.000000 1.000000 1.000000 0.087774 0.087774 0.087774 0.003048
7761.0 1.000000 1.000000 1.000000 1.000000 1.000000 1.000000 1.000000 1.000000 0.087650 0.087650 0.087650 0.003038
7762.0 1.000000 1.000000 1.000000 1.000000 1.000000 1.000000 1.000000 1.000000 0.087526 0.087526 0.087526 0.003027
7763.0 1.000000 1.000000 1.000000 1.000000 1.000000 1.000000 1.000000 1.000000 0.087403 0.087403 0.087403 0.003017
7764.0 1.000000 1.000000 1.000000 1.000000 1.000000 1.000000 1.000000 1.000000 0.087279 0.087279 0.087279 0.003007
7765.0 1.000000 1.000000 1.000000 1.000000 1.000000 1.000000 1.000000 1.000000 0.087156 0.087156 0.087156 0.002996
7766.0 1.000000 1.000000 1.000000 1.000000 1.000000 1.000000 1.000000 1.000000 0.087033 0.087033 0.087033 0.002986
7767.0 1.000000 1.000000 1.000000 1.000000 1.000000 1.000000 1.000000 1.000000 0.086910 0.086910 0.086910 0.002976
7768.0 1.000000 1.000000 1.000000 1.000000 1.000000 1.000000 1.000000 1.000000 0.086787 0.086787 0.086787 0.002966
7769.0 1.000000 1.000000 1.000000 1.000000 1.000000 1.000000 1.000000 1.000000 0.086664 0.086664 0.086664 0.002955
7770.0 1.000000 1.000000 1.000000 1.000000 1.000000 1.000000 1.000000 1.000000 0.086541 0.086541 0.086541 0.002945
7771.0 1.000000 1.000000 1.000000 1.000000 1.000000 1.000000 1.000000 1.000000 0.086419 0.086419 0.086419 0.002935
7772.0 1.000000 1.000000 1.000000 1.000000 1.000000 1.000000 1.000000 1.000000 0.086296 0.086296 0.086296 0.002925
7773.0 1.000000 1.000000 1.000000 1.000000 1.000000 1.000000 1.000000 1.000000 0.086174 0.086174 0.086174 0.002915
7774.0 1.000000 1.000000 1.000000 1.000000 1.000000 1.000000 1.000000 1.000000 0.086052 0.086052 0.086052 0.002905
7775.0 1.000000 1.000000 1.000000 1.000000 1.000000 1.000000 1.000000 1.000000 0.085930 0.085930 0.085930 0.002895
7776.0 1.000000 1.000000 1.000000 1.000000 1.000000 1.000000 1.000000 1.000000 0.085808 0.085808 0.085808 0.002885
7777.0 1.000000 1.000000 1.000000 1.000000 1.000000 1.000000 1.000000 1.000000 0.085686 0.085686 0.085686 0.002875
7778.0 1.000000 1.000000 1.000000 1.000000 1.000000 1.000000 1.000000 1.000000 0.085564 0.085564 0.085564 0.002865
7779.0 1.000000 1.000000 1.000000 1.000000 1.000000 1.000000 1.000000 1.000000 0.085442 0.085442 0.085442 0.002855
7780.0 1.000000 1.000000 1.000000 1.000000 1.000000 1.000000 1.000000 1.000000 0.085321 0.085321 0.085321 0.002845
7781.0 1.000000 1.000000 1.000000 1.000000 1.000000 1.000000 1.000000 1.000000 0.085199 0.085199 0.085199 0.010971
7782.0 1.000000 1.000000 1.000000 1.000000 1.000000 1.000000 1.000000 1.000000 0.085078 0.085078 0.085078 0.010942
7783.0 1.000000 1.000000 1.000000 1.000000 1.000000 1.000000 1.000000 1.000000 0.084957 0.084957 0.084957 0.010913
7784.0 1.000000 1.000000 1.000000 1.000000 1.000000 1.000000 1.000000 1.000000 0.084836 0.084836 0.084836 0.010884
7785.0 1.000000 1.000000 1.000000 1.000000 1.000000 1.000000 1.000000 1.000000 0.084715 0.084715 0.084715 0.010855
7786.0 1.000000 1.000000 1.000000 1.000000 1.000000 1.000000 1.000000 1.000000 0.084594 0.084594 0.084594 0.010826
7787.0 1.000000 1.000000 1.000000 1.000000 1.000000 1.000000 1.000000 1.000000 0.084473 0.084473 0.084473 0.010797
7788.0 1.000000 1.000000 1.000000 1.000000 1.000000 1.000000 1.000000 1.000000 0.084353 0.084353 0.084353 0.010769
7789.0 1.000000 1.000000 1.000000 1.000000 1.000000 1.000000 1.000000 1.000000 0.084232 0.084232 0.084232 0.010740
7790.0 1.000000 1.000000 1.000000 1.000000 1.000000 1.000000 1.000000 1.000000 0.084112 0.084112 0.084112 0.010711
7791.0 1.000000 1.000000 1.000000 1.000000 1.000000 1.000000 1.000000 1.000000 0.083992 0.083992 0.083992 0.010683
7792.0 1.000000 1.000000 1.000000 1.000000 1.000000 1.000000 1.000000 1.000000 0.083872 0.083872 0.083872 0.010655
7793.0 1.000000 1.000000 1.000000 1.000000 1.000000 1.000000 1.000000 1.000000 0.083752 0.083752 0.083752 0.010626
7794.0 1.000000 1.000000 1.000000 1.000000 1.000000 1.000000 1.000000 1.000000 0.083632 0.083632 0.083632 0.010598
7795.0 1.000000 1.000000 1.000000 1.000000 1.000000 1.000000 1.000000 1.000000 0.083512 0.083512 0.083512 0.010570
7796.0 1.000000 1.000000 1.000000 1.000000 1.000000 1.000000 1.000000 1.000000 0.083393 0.083393 0.083393 0.010541
7797.0 1.000000 1.000000 1.000000 1.000000 1.000000 1.000000 1.000000 1.000000 0.083273 0.083273 0.083273 0.010513
7798.0 1.000000 1.000000 1.000000 1.000000 1.000000 1.000000 1.000000 1.000000 0.083154 0.083154 0.083154 0.010485
7799.0 1.000000 1.000000 1.000000 1.000000 1.000000 1.000000 1.000000 1.000000 0.083034 0.083034 0.083034 0.010457
7800.0 1.000000 1.000000 1.000000 1.000000 1.000000 1.000000 1.000000 1.000000 0.082915 0.082915 0.082915 0.010429
7801.0 1.000000 1.000000 1.000000 1.000000 1.000000 1.000000 1.000000 1.000000 0.082796 0.082796 0.082796 0.010401
7802.0 1.000000 1.000000 1.000000 1.000000 1.000000 1.000000 1.000000 1.000000 0.082677 0.082677 0.082677 0.010373
7803.0 1.000000 1.000000 1.000000 1.000000 1.000000 1.000000 1.000000 1.000000 0.082558 0.082558 0.082558 0.010346
7804.0 1.000000 1.000000 1.000000 1.000000 1.000000 1.000000 1.000000 1.000000 0.082440 0.082440 0.082440 0.010318
7805.0 1.000000 1.000000 1.000000 1.000000 1.000000 1.000000 1.000000 1.000000 0.082321 0.082321 0.082321 0.010290
7806.0 1.000000 1.000000 1.000000 1.000000 1.000000 1.000000 1.000000 1.000000 0.082203 0.082203 0.082203 0.010263
7807.0 1.000000 1.000000 1.000000 1.000000 1.000000 1.000000 1.000000 1.000000 0.082084 0.082084 0.082084 0.010235
7808.0 1.000000 1.000000 1.000000 1.000000 1.000000 1.000000 1.000000 1.000000 0.081966 0.081966 0.081966 0.010208
7809.0 1.000000 1.000000 1.000000 1.000000 1.000000 1.000000 1.000000 1.000000 0.081848 0.081848 0.081848 0.010180
7810.0 1.000000 1.000000 1.000000 1.000000 1.000000 1.000000 1.000000 1.000000 0.081730 0.081730 0.081730 0.010153
7811.0 1.000000 1.000000 1.000000 1.000000 1.000000 1.000000 1.000000 1.000000 0.081612 0.081612 0.081612 0.010126
7812.0 1.000000 1.000000 1.000000 1.000000 1.000000 1.000000 1.000000 1.000000 0.081494 0.081494 0.081494 0.010099
7813.0 1.000000 1.000000 1.000000 1.000000 1.000000 1.000000 1.000000 1.000000 0.081377 0.081377 0.081377 0.010071
7814.0 1.000000 1.000000 1.000000 1.000000 1.000000 1.000000 1.000000 1.000000 0.081259 0.081259 0.081259 0.010044
7815.0 1.000000 1.000000 1.000000 1.000000 1.000000 1.000000 1.000000 1.000000 0.081142 0.081142 0.081142 0.010017
7816.0 1.000000 1.000000 1.000000 1.000000 1.000000 1.000000 1.000000 1.000000 0.081024 0.081024 0.081024 0.009990
7817.0 1.000000 1.000000 1.000000 1.000000 1.000000 1.000000 1.000000 1.000000 0.080907 0.080907 0.080907 0.009963
7818.0 1.000000 1.000000 1.000000 1.000000 1.000000 1.000000 1.000000 1.000000 0.080790 0.080790 0.080790 0.009937
7819.0 1.000000 1.000000 1.000000 1.000000 1.000000 1.000000 1.000000 1.000000 0.080673 0.080673 0.080673 0.009910
7820.0 1.000000 1.000000 1.000000 1.000000 1.000000 1.000000 1.000000 1.000000 0.080556 0.080556 0.080556 0.009883
7821.0 1.000000 1.000000 1.000000 1.000000 1.000000 1.000000 1.000000 1.000000 0.080440 0.080440 0.080440 0.009856
7822.0 1.000000 1.000000 1.000000 1.000000 1.000000 1.000000 1.000000 1.000000 0.080323 0.080323 0.080323 0.009830
7823.0 1.000000 1.000000 1.000000 1.000000 1.000000 1.000000 1.000000 1.000000 0.080207 0.080207 0.080207 0.009803
7824.0 1.000000 1.000000 1.000000 1.000000 1.000000 1.000000 1.000000 1.000000 0.080090 0.080090 0.080090 0.009777
7825.0 1.000000 1.000000 1.000000 1.000000 1.000000 1.000000 1.000000 1.000000 0.079974 0.079974 0.079974 0.009750
7826.0 1.000000 1.000000 1.000000 1.000000 1.000000 1.000000 1.000000 1.000000 0.079858 0.079858 0.079858 0.009724
7827.0 1.000000 1.000000 1.000000 1.000000 1.000000 1.000000 1.000000 1.000000 0.079742 0.079742 0.079742 0.009698
7828.0 1.000000 1.000000 1.000000 1.000000 1.000000 1.000000 1.000000 1.000000 0.079626 0.079626 0.079626 0.009671
7829.0 1.000000 1.000000 1.000000 1.000000 1.000000 1.000000 1.000000 1.000000 0.079510 0.079510 0.079510 0.009645
7830.0 1.000000 1.000000 1.000000 1.000000 1.000000 1.000000 1.000000 1.000000 0.079395 0.079395 0.079395 0.009619
7831.0 1.000000 1.000000 1.000000 1.000000 1.000000 1.000000 1.000000 1.000000 0.079279 0.079279 0.079279 0.009593
7832.0 1.000000 1.000000 1.000000 1.000000 1.000000 1.000000 1.000000 1.000000 0.079164 0.079164 0.079164 0.009567
7833.0 1.000000 1.000000 1.000000 1.000000 1.000000 1.000000 1.000000 1.000000 0.079048 0.079048 0.079048 0.009541
7834.0 1.000000 1.000000 1.000000 1.000000 1.000000 1.000000 1.000000 1.000000 0.078933 0.078933 0.078933 0.009515
7835.0 1.000000 1.000000 1.000000 1.000000 1.000000 1.000000 1.000000 1.000000 0.078818 0.078818 0.078818 0.009489
7836.0 1.000000 1.000000 1.000000 1.000000 1.000000 1.000000 1.000000 1.000000 0.078703 0.078703 0.078703 0.009463
7837.0 1.000000 1.000000 1.000000 1.000000 1.000000 1.000000 1.000000 1.000000 0.078588 0.078588 0.078588 0.009438
7838.0 1.000000 1.000000 1.000000 1.000000 1.000000 1.000000 1.000000 1.000000 0.078474 0.078474 0.078474 0.009412
7839.0 1.000000 1.000000 1.000000 1.000000 1.000000 1.000000 1.000000 1.000000 0.078359 0.078359 0.078359 0.009386
7840.0 1.000000 1.000000 1.000000 1.000000 1.000000 1.000000 1.000000 1.000000 0.078245 0.078245 0.078245 0.009361
7841.0 1.000000 1.000000 1.000000 1.000000 1.000000 1.000000 1.000000 1.000000 0.078130 0.078130 0.078130 0.009335
7842.0 1.000000 1.000000 1.000000 1.000000 1.000000 1.000000 1.000000 1.000000 0.078016 0.078016 0.078016 0.009310
7843.0 1.000000 1.000000 1.000000 1.000000 1.000000 1.000000 1.000000 1.000000 0.077902 0.077902 0.077902 0.009285
7844.0 1.000000 1.000000 1.000000 1.000000 1.000000 1.000000 1.000000 1.000000 0.077788 0.077788 0.077788 0.009259
7845.0 1.000000 1.000000 1.000000 1.000000 1.000000 1.000000 1.000000 1.000000 0.077674 0.077674 0.077674 0.009234
7846.0 1.000000 1.000000 1.000000 1.000000 1.000000 1.000000 1.000000 1.000000 0.077560 0.077560 0.077560 0.009209
7847.0 1.000000 1.000000 1.000000 1.000000 1.000000 1.000000 1.000000 1.000000 0.077446 0.077446 0.077446 0.009184
7848.0 1.000000 1.000000 1.000000 1.000000 1.000000 1.000000 1.000000 1.000000 0.077333 0.077333 0.077333 0.009159
7849.0 1.000000 1.000000 1.000000 1.000000 1.000000 1.000000 1.000000 1.000000 0.077219 0.077219 0.077219 0.009134
7850.0 1.000000 1.000000 1.000000 1.000000 1.000000 1.000000 1.000000 1.000000 0.077106 0.077106 0.077106 0.009109
7851.0 1.000000 1.000000 1.000000 1.000000 1.000000 1.000000 1.000000 1.000000 0.076993 0.076993 0.076993 0.009084
7852.0 1.000000 1.000000 1.000000 1.000000 1.000000 1.000000 1.000000 1.000000 0.076880 0.076880 0.076880 0.009059
7853.0 1.000000 1.000000 1.000000 1.000000 1.000000 1.000000 1.000000 1.000000 0.076767 0.076767 0.076767 0.009034
7854.0 1.000000 1.000000 1.000000 1.000000 1.000000 1.000000 1.000000 1.000000 0.076654 0.076654 0.076654 0.009009
7855.0 1.000000 1.000000 1.000000 1.000000 1.000000 1.000000 1.000000 1.000000 0.076541 0.076541 0.076541 0.008985
7856.0 1.000000 1.000000 1.000000 1.000000 1.000000 1.000000 1.000000 1.000000 0.076429 0.076429 0.076429 0.008960
7857.0 1.000000 1.000000 1.000000 1.000000 1.000000 1.000000 1.000000 1.000000 0.076316 0.076316 0.076316 0.008935
7858.0 1.000000 1.000000 1.000000 1.000000 1.000000 1.000000 1.000000 1.000000 0.076204 0.076204 0.076204 0.008911
7859.0 1.000000 1.000000 1.000000 1.000000 1.000000 1.000000 1.000000 1.000000 0.076091 0.076091 0.076091 0.008886
7860.0 1.000000 1.000000 1.000000 1.000000 1.000000 1.000000 1.000000 1.000000 0.075979 0.075979 0.075979 0.008862
7861.0 1.000000 1.000000 1.000000 1.000000 1.000000 1.000000 1.000000 1.000000 0.075867 0.075867 0.075867 0.008838
7862.0 1.000000 1.000000 1.000000 1.000000 1.000000 1.000000 1.000000 1.000000 0.075755 0.075755 0.075755 0.008813
7863.0 1.000000 1.000000 1.000000 1.000000 1.000000 1.000000 1.000000 1.000000 0.075643 0.075643 0.075643 0.008789
7864.0 1.000000 1.000000 1.000000 1.000000 1.000000 1.000000 1.000000 1.000000 0.075532 0.075532 0.075532 0.008765
7865.0 1.000000 1.000000 1.000000 1.000000 1.000000 1.000000 1.000000 1.000000 0.075420 0.075420 0.075420 0.008741
7866.0 1.000000 1.000000 1.000000 1.000000 1.000000 1.000000 1.000000 1.000000 0.075309 0.075309 0.075309 0.008717
7867.0 1.000000 1.000000 1.000000 1.000000 1.000000 1.000000 1.000000 1.000000 0.075197 0.075197 0.075197 0.008693
7868.0 1.000000 1.000000 1.000000 1.000000 1.000000 1.000000 1.000000 1.000000 0.075086 0.075086 0.075086 0.008669
7869.0 1.000000 1.000000 1.000000 1.000000 1.000000 1.000000 1.000000 1.000000 0.074975 0.074975 0.074975 0.008645
7870.0 1.000000 1.000000 1.000000 1.000000 1.000000 1.000000 1.000000 1.000000 0.074864 0.074864 0.074864 0.008621
7871.0 1.000000 1.000000 1.000000 1.000000 1.000000 1.000000 1.000000 1.000000 0.074753 0.074753 0.074753 0.008597
7872.0 1.000000 1.000000 1.000000 1.000000 1.000000 1.000000 1.000000 1.000000 0.074642 0.074642 0.074642 0.008573
7873.0 1.000000 1.000000 1.000000 1.000000 1.000000 1.000000 1.000000 1.000000 0.074532 0.074532 0.074532 0.008550
7874.0 1.000000 1.000000 1.000000 1.000000 1.000000 1.000000 1.000000 1.000000 0.074421 0.074421 0.074421 0.008526
7875.0 1.000000 1.000000 1.000000 1.000000 1.000000 1.000000 1.000000 1.000000 0.074311 0.074311 0.074311 0.008502
7876.0 1.000000 1.000000 1.000000 1.000000 1.000000 1.000000 1.000000 1.000000 0.074200 0.074200 0.074200 0.008479
7877.0 1.000000 1.000000 1.000000 1.000000 1.000000 1.000000 1.000000 1.000000 0.074090 0.074090 0.074090 0.008455
7878.0 1.000000 1.000000 1.000000 1.000000 1.000000 1.000000 1.000000 1.000000 0.073980 0.073980 0.073980 0.008432
7879.0 1.000000 1.000000 1.000000 1.000000 1.000000 1.000000 1.000000 1.000000 0.073870 0.073870 0.073870 0.008409
7880.0 1.000000 1.000000 1.000000 1.000000 1.000000 1.000000 1.000000 1.000000 0.073760 0.073760 0.073760 0.008385
7881.0 1.000000 1.000000 1.000000 1.000000 1.000000 1.000000 1.000000 1.000000 0.073650 0.073650 0.073650 0.008362
7882.0 1.000000 1.000000 1.000000 1.000000 1.000000 1.000000 1.000000 1.000000 0.073541 0.073541 0.073541 0.008339
7883.0 1.000000 1.000000 1.000000 1.000000 1.000000 1.000000 1.000000 1.000000 0.073431 0.073431 0.073431 0.008316
7884.0 1.000000 1.000000 1.000000 1.000000 1.000000 1.000000 1.000000 1.000000 0.073322 0.073322 0.073322 0.008293
7885.0 1.000000 1.000000 1.000000 1.000000 1.000000 1.000000 1.000000 1.000000 0.073212 0.073212 0.073212 0.008270
7886.0 1.000000 1.000000 1.000000 1.000000 1.000000 1.000000 1.000000 1.000000 0.073103 0.073103 0.073103 0.008247
7887.0 1.000000 1.000000 1.000000 1.000000 1.000000 1.000000 1.000000 1.000000 0.072994 0.072994 0.072994 0.008224
7888.0 1.000000 1.000000 1.000000 1.000000 1.000000 1.000000 1.000000 1.000000 0.072885 0.072885 0.072885 0.008201
7889.0 1.000000 1.000000 1.000000 1.000000 1.000000 1.000000 1.000000 1.000000 0.072776 0.072776 0.072776 0.008178
7890.0 1.000000 1.000000 1.000000 1.000000 1.000000 1.000000 1.000000 1.000000 0.072668 0.072668 0.072668 0.008155
7891.0 1.000000 1.000000 1.000000 1.000000 1.000000 1.000000 1.000000 1.000000 0.072559 0.072559 0.072559 0.008133
7892.0 1.000000 1.000000 1.000000 1.000000 1.000000 1.000000 1.000000 1.000000 0.072451 0.072451 0.072451 0.008110
7893.0 1.000000 1.000000 1.000000 1.000000 1.000000 1.000000 1.000000 1.000000 0.072342 0.072342 0.072342 0.008087
7894.0 1.000000 1.000000 1.000000 1.000000 1.000000 1.000000 1.000000 1.000000 0.072234 0.072234 0.072234 0.008065
7895.0 1.000000 1.000000 1.000000 1.000000 1.000000 1.000000 1.000000 1.000000 0.072126 0.072126 0.072126 0.008042
7896.0 1.000000 1.000000 1.000000 1.000000 1.000000 1.000000 1.000000 1.000000 0.072018 0.072018 0.072018 0.008020
7897.0 1.000000 1.000000 1.000000 1.000000 1.000000 1.000000 1.000000 1.000000 0.071910 0.071910 0.071910 0.007997
7898.0 1.000000 1.000000 1.000000 1.000000 1.000000 1.000000 1.000000 1.000000 0.071802 0.071802 0.071802 0.007975
7899.0 1.000000 1.000000 1.000000 1.000000 1.000000 1.000000 1.000000 1.000000 0.071694 0.071694 0.071694 0.007953
7900.0 1.000000 1.000000 1.000000 1.000000 1.000000 1.000000 1.000000 1.000000 0.071587 0.071587 0.071587 0.007930
7901.0 1.000000 1.000000 1.000000 1.000000 1.000000 1.000000 1.000000 1.000000 0.071479 0.071479 0.071479 0.007908
7902.0 1.000000 1.000000 1.000000 1.000000 1.000000 1.000000 1.000000 1.000000 1.000000 0.071372 0.071372 0.007886
7903.0 1.000000 1.000000 1.000000 1.000000 1.000000 1.000000 1.000000 1.000000 1.000000 0.071265 0.071265 0.007864
7904.0 1.000000 1.000000 1.000000 1.000000 1.000000 1.000000 1.000000 1.000000 1.000000 0.071158 0.071158 0.007842
7905.0 1.000000 1.000000 1.000000 1.000000 1.000000 1.000000 1.000000 1.000000 1.000000 0.071051 0.071051 0.007820
7906.0 1.000000 1.000000 1.000000 1.000000 1.000000 1.000000 1.000000 1.000000 1.000000 0.070944 0.070944 0.007798
7907.0 1.000000 1.000000 1.000000 1.000000 1.000000 1.000000 1.000000 1.000000 1.000000 0.070837 0.070837 0.007776
7908.0 1.000000 1.000000 1.000000 1.000000 1.000000 1.000000 1.000000 1.000000 1.000000 0.070730 0.070730 0.007754
7909.0 1.000000 1.000000 1.000000 1.000000 1.000000 1.000000 1.000000 1.000000 1.000000 0.070624 0.070624 0.007733
7910.0 1.000000 1.000000 1.000000 1.000000 1.000000 1.000000 1.000000 1.000000 1.000000 0.070517 0.070517 0.007711
7911.0 1.000000 1.000000 1.000000 1.000000 1.000000 1.000000 1.000000 1.000000 1.000000 0.070411 0.070411 0.007689
7912.0 1.000000 1.000000 1.000000 1.000000 1.000000 1.000000 1.000000 1.000000 1.000000 0.070305 0.070305 0.007668
7913.0 1.000000 1.000000 1.000000 1.000000 1.000000 1.000000 1.000000 1.000000 1.000000 0.070199 0.070199 0.007646
7914.0 1.000000 1.000000 1.000000 1.000000 1.000000 1.000000 1.000000 1.000000 1.000000 0.070093 0.070093 0.007624
7915.0 1.000000 1.000000 1.000000 1.000000 1.000000 1.000000 1.000000 1.000000 1.000000 0.069987 0.069987 0.007603
7916.0 1.000000 1.000000 1.000000 1.000000 1.000000 1.000000 1.000000 1.000000 1.000000 0.069881 0.069881 0.007582
7917.0 1.000000 1.000000 1.000000 1.000000 1.000000 1.000000 1.000000 1.000000 1.000000 0.069775 0.069775 0.007560
7918.0 1.000000 1.000000 1.000000 1.000000 1.000000 1.000000 1.000000 1.000000 1.000000 0.069670 0.069670 0.007539
7919.0 1.000000 1.000000 1.000000 1.000000 1.000000 1.000000 1.000000 1.000000 1.000000 0.069564 0.069564 0.007518
7920.0 1.000000 1.000000 1.000000 1.000000 1.000000 1.000000 1.000000 1.000000 1.000000 0.069459 0.069459 0.007496
7921.0 1.000000 1.000000 1.000000 1.000000 1.000000 1.000000 1.000000 1.000000 1.000000 0.069354 0.069354 0.007475
7922.0 1.000000 1.000000 1.000000 1.000000 1.000000 1.000000 1.000000 1.000000 1.000000 0.069249 0.069249 0.007454
7923.0 1.000000 1.000000 1.000000 1.000000 1.000000 1.000000 1.000000 1.000000 1.000000 0.069144 0.069144 0.007433
7924.0 1.000000 1.000000 1.000000 1.000000 1.000000 1.000000 1.000000 1.000000 1.000000 0.069039 0.069039 0.007412
7925.0 1.000000 1.000000 1.000000 1.000000 1.000000 1.000000 1.000000 1.000000 1.000000 0.068934 0.068934 0.007391
7926.0 1.000000 1.000000 1.000000 1.000000 1.000000 1.000000 1.000000 1.000000 1.000000 0.068830 0.068830 0.007370
7927.0 1.000000 1.000000 1.000000 1.000000 1.000000 1.000000 1.000000 1.000000 1.000000 0.068725 0.068725 0.007349
7928.0 1.000000 1.000000 1.000000 1.000000 1.000000 1.000000 1.000000 1.000000 1.000000 0.068621 0.068621 0.007328
7929.0 1.000000 1.000000 1.000000 1.000000 1.000000 1.000000 1.000000 1.000000 1.000000 0.068516 0.068516 0.007308
7930.0 1.000000 1.000000 1.000000 1.000000 1.000000 1.000000 1.000000 1.000000 1.000000 0.068412 0.068412 0.007287
7931.0 1.000000 1.000000 1.000000 1.000000 1.000000 1.000000 1.000000 1.000000 1.000000 0.068308 0.068308 0.007266
7932.0 1.000000 1.000000 1.000000 1.000000 1.000000 1.000000 1.000000 1.000000 1.000000 0.068204 0.068204 0.007246
7933.0 1.000000 1.000000 1.000000 1.000000 1.000000 1.000000 1.000000 1.000000 1.000000 0.068100 0.068100 0.007225
7934.0 1.000000 1.000000 1.000000 1.000000 1.000000 1.000000 1.000000 1.000000 1.000000 0.067996 0.067996 0.007205
7935.0 1.000000 1.000000 1.000000 1.000000 1.000000 1.000000 1.000000 1.000000 1.000000 0.067893 0.067893 0.007184
7936.0 1.000000 1.000000 1.000000 1.000000 1.000000 1.000000 1.000000 1.000000 1.000000 0.067789 0.067789 0.007164
7937.0 1.000000 1.000000 1.000000 1.000000 1.000000 1.000000 1.000000 1.000000 1.000000 0.067686 0.067686 0.007143
7938.0 1.000000 1.000000 1.000000 1.000000 1.000000 1.000000 1.000000 1.000000 1.000000 0.067583 0.067583 0.007123
7939.0 1.000000 1.000000 1.000000 1.000000 1.000000 1.000000 1.000000 1.000000 1.000000 0.067479 0.067479 0.007103
7940.0 1.000000 1.000000 1.000000 1.000000 1.000000 1.000000 1.000000 1.000000 1.000000 0.067376 0.067376 0.007082
7941.0 1.000000 1.000000 1.000000 1.000000 1.000000 1.000000 1.000000 1.000000 1.000000 0.067273 0.067273 0.007062
7942.0 1.000000 1.000000 1.000000 1.000000 1.000000 1.000000 1.000000 1.000000 1.000000 0.067171 0.067171 0.007042
7943.0 1.000000 1.000000 1.000000 1.000000 1.000000 1.000000 1.000000 1.000000 1.000000 0.067068 0.067068 0.007022
7944.0 1.000000 1.000000 1.000000 1.000000 1.000000 1.000000 1.000000 1.000000 1.000000 0.066965 0.066965 0.007002
7945.0 1.000000 1.000000 1.000000 1.000000 1.000000 1.000000 1.000000 1.000000 1.000000 0.066863 0.066863 0.006982
7946.0 1.000000 1.000000 1.000000 1.000000 1.000000 1.000000 1.000000 1.000000 1.000000 0.066760 0.066760 0.006962
7947.0 1.000000 1.000000 1.000000 1.000000 1.000000 1.000000 1.000000 1.000000 1.000000 0.066658 0.066658 0.006942
7948.0 1.000000 1.000000 1.000000 1.000000 1.000000 1.000000 1.000000 1.000000 1.000000 0.066556 0.066556 0.006922
7949.0 1.000000 1.000000 1.000000 1.000000 1.000000 1.000000 1.000000 1.000000 1.000000 0.066454 0.066454 0.006903
7950.0 1.000000 1.000000 1.000000 1.000000 1.000000 1.000000 1.000000 1.000000 1.000000 0.066352 0.066352 0.006883
7951.0 1.000000 1.000000 1.000000 1.000000 1.000000 1.000000 1.000000 1.000000 1.000000 0.066250 0.066250 0.006863
7952.0 1.000000 1.000000 1.000000 1.000000 1.000000 1.000000 1.000000 1.000000 1.000000 0.066148 0.066148 0.006843
7953.0 1.000000 1.000000 1.000000 1.000000 1.000000 1.000000 1.000000 1.000000 1.000000 0.066047 0.066047 0.006824
7954.0 1.000000 1.000000 1.000000 1.000000 1.000000 1.000000 1.000000 1.000000 1.000000 0.065945 0.065945 0.006804
7955.0 1.000000 1.000000 1.000000 1.000000 1.000000 1.000000 1.000000 1.000000 1.000000 0.065844 0.065844 0.006785
7956.0 1.000000 1.000000 1.000000 1.000000 1.000000 1.000000 1.000000 1.000000 1.000000 0.065743 0.065743 0.006765
7957.0 1.000000 1.000000 1.000000 1.000000 1.000000 1.000000 1.000000 1.000000 1.000000 0.065641 0.065641 0.006746
7958.0 1.000000 1.000000 1.000000 1.000000 1.000000 1.000000 1.000000 1.000000 1.000000 0.065540 0.065540 0.006727
7959.0 1.000000 1.000000 1.000000 1.000000 1.000000 1.000000 1.000000 1.000000 1.000000 0.065440 0.065440 0.006707
7960.0 1.000000 1.000000 1.000000 1.000000 1.000000 1.000000 1.000000 1.000000 1.000000 0.065339 0.065339 0.006688
7961.0 1.000000 1.000000 1.000000 1.000000 1.000000 1.000000 1.000000 1.000000 1.000000 0.065238 0.065238 0.006669
7962.0 1.000000 1.000000 1.000000 1.000000 1.000000 1.000000 1.000000 1.000000 1.000000 0.065137 0.065137 0.006650
7963.0 1.000000 1.000000 1.000000 1.000000 1.000000 1.000000 1.000000 1.000000 1.000000 0.065037 0.065037 0.006630
7964.0 1.000000 1.000000 1.000000 1.000000 1.000000 1.000000 1.000000 1.000000 1.000000 0.064937 0.064937 0.006611
7965.0 1.000000 1.000000 1.000000 1.000000 1.000000 1.000000 1.000000 1.000000 1.000000 0.064836 0.064836 0.006592
7966.0 1.000000 1.000000 1.000000 1.000000 1.000000 1.000000 1.000000 1.000000 1.000000 0.064736 0.064736 0.006573
7967.0 1.000000 1.000000 1.000000 1.000000 1.000000 1.000000 1.000000 1.000000 1.000000 0.064636 0.064636 0.006554
7968.0 1.000000 1.000000 1.000000 1.000000 1.000000 1.000000 1.000000 1.000000 1.000000 0.064536 0.064536 0.006535
7969.0 1.000000 1.000000 1.000000 1.000000 1.000000 1.000000 1.000000 1.000000 1.000000 0.064436 0.064436 0.006517
7970.0 1.000000 1.000000 1.000000 1.000000 1.000000 1.000000 1.000000 1.000000 1.000000 0.064337 0.064337 0.006498
7971.0 1.000000 1.000000 1.000000 1.000000 1.000000 1.000000 1.000000 1.000000 1.000000 0.064237 0.064237 0.006479
7972.0 1.000000 1.000000 1.000000 1.000000 1.000000 1.000000 1.000000 1.000000 1.000000 0.064137 0.064137 0.006460
7973.0 1.000000 1.000000 1.000000 1.000000 1.000000 1.000000 1.000000 1.000000 1.000000 0.064038 0.064038 0.006442
7974.0 1.000000 1.000000 1.000000 1.000000 1.000000 1.000000 1.000000 1.000000 1.000000 0.063939 0.063939 0.006423
7975.0 1.000000 1.000000 1.000000 1.000000 1.000000 1.000000 1.000000 1.000000 1.000000 0.063840 0.063840 0.006404
7976.0 1.000000 1.000000 1.000000 1.000000 1.000000 1.000000 1.000000 1.000000 1.000000 0.063740 0.063740 0.006386
7977.0 1.000000 1.000000 1.000000 1.000000 1.000000 1.000000 1.000000 1.000000 1.000000 0.063642 0.063642 0.006367
7978.0 1.000000 1.000000 1.000000 1.000000 1.000000 1.000000 1.000000 1.000000 1.000000 0.063543 0.063543 0.006349
7979.0 1.000000 1.000000 1.000000 1.000000 1.000000 1.000000 1.000000 1.000000 1.000000 0.063444 0.063444 0.006331
7980.0 1.000000 1.000000 1.000000 1.000000 1.000000 1.000000 1.000000 1.000000 1.000000 0.063345 0.063345 0.006312
7981.0 1.000000 1.000000 1.000000 1.000000 1.000000 1.000000 1.000000 1.000000 1.000000 0.063247 0.063247 0.006294
7982.0 1.000000 1.000000 1.000000 1.000000 1.000000 1.000000 1.000000 1.000000 1.000000 0.063149 0.063149 0.006276
7983.0 1.000000 1.000000 1.000000 1.000000 1.000000 1.000000 1.000000 1.000000 1.000000 0.063050 0.063050 0.006257
7984.0 1.000000 1.000000 1.000000 1.000000 1.000000 1.000000 1.000000 1.000000 1.000000 0.062952 0.062952 0.006239
7985.0 1.000000 1.000000 1.000000 1.000000 1.000000 1.000000 1.000000 1.000000 1.000000 0.062854 0.062854 0.006221
7986.0 1.000000 1.000000 1.000000 1.000000 1.000000 1.000000 1.000000 1.000000 1.000000 0.062756 0.062756 0.006203
7987.0 1.000000 1.000000 1.000000 1.000000 1.000000 1.000000 1.000000 1.000000 1.000000 0.062658 0.062658 0.006185
7988.0 1.000000 1.000000 1.000000 1.000000 1.000000 1.000000 1.000000 1.000000 1.000000 0.062560 0.062560 0.006167
7989.0 1.000000 1.000000 1.000000 1.000000 1.000000 1.000000 1.000000 1.000000 1.000000 0.062463 0.062463 0.006149
7990.0 1.000000 1.000000 1.000000 1.000000 1.000000 1.000000 1.000000 1.000000 1.000000 0.062365 0.062365 0.006131
7991.0 1.000000 1.000000 1.000000 1.000000 1.000000 1.000000 1.000000 1.000000 1.000000 0.062268 0.062268 0.006113
7992.0 1.000000 1.000000 1.000000 1.000000 1.000000 1.000000 1.000000 1.000000 1.000000 0.062171 0.062171 0.006095
7993.0 1.000000 1.000000 1.000000 1.000000 1.000000 1.000000 1.000000 1.000000 1.000000 0.062073 0.062073 0.006078
7994.0 1.000000 1.000000 1.000000 1.000000 1.000000 1.000000 1.000000 1.000000 1.000000 0.061976 0.061976 0.006060
7995.0 1.000000 1.000000 1.000000 1.000000 1.000000 1.000000 1.000000 1.000000 1.000000 0.061879 0.061879 0.006042
7996.0 1.000000 1.000000 1.000000 1.000000 1.000000 1.000000 1.000000 1.000000 1.000000 0.061782 0.061782 0.006025
7997.0 1.000000 1.000000 1.000000 1.000000 1.000000 1.000000 1.000000 1.000000 1.000000 0.061686 0.061686 0.006007
7998.0 1.000000 1.000000 1.000000 1.000000 1.000000 1.000000 1.000000 1.000000 1.000000 0.061589 0.061589 0.005989
7999.0 1.000000 1.000000 1.000000 1.000000 1.000000 1.000000 1.000000 1.000000 1.000000 0.061493 0.061493 0.005972
8000.0 1.000000 1.000000 1.000000 1.000000 1.000000 1.000000 1.000000 1.000000 1.000000 0.061396 0.061396 0.005954
8001.0 1.000000 1.000000 1.000000 1.000000 1.000000 1.000000 1.000000 1.000000 1.000000 0.061300 0.061300 0.005937
8002.0 1.000000 1.000000 1.000000 1.000000 1.000000 1.000000 1.000000 1.000000 1.000000 0.061204 0.061204 0.005920
8003.0 1.000000 1.000000 1.000000 1.000000 1.000000 1.000000 1.000000 1.000000 1.000000 0.061108 0.061108 0.005902
8004.0 1.000000 1.000000 1.000000 1.000000 1.000000 1.000000 1.000000 1.000000 1.000000 0.061012 0.061012 0.005885
8005.0 1.000000 1.000000 1.000000 1.000000 1.000000 1.000000 1.000000 1.000000 1.000000 0.060916 0.060916 0.005868
8006.0 1.000000 1.000000 1.000000 1.000000 1.000000 1.000000 1.000000 1.000000 1.000000 0.060820 0.060820 0.005850
8007.0 1.000000 1.000000 1.000000 1.000000 1.000000 1.000000 1.000000 1.000000 1.000000 0.060724 0.060724 0.005833
8008.0 1.000000 1.000000 1.000000 1.000000 1.000000 1.000000 1.000000 1.000000 1.000000 0.060629 0.060629 0.005816
8009.0 1.000000 1.000000 1.000000 1.000000 1.000000 1.000000 1.000000 1.000000 1.000000 0.060533 0.060533 0.005799
8010.0 1.000000 1.000000 1.000000 1.000000 1.000000 1.000000 1.000000 1.000000 1.000000 0.060438 0.060438 0.005782
8011.0 1.000000 1.000000 1.000000 1.000000 1.000000 1.000000 1.000000 1.000000 1.000000 0.060343 0.060343 0.005765
8012.0 1.000000 1.000000 1.000000 1.000000 1.000000 1.000000 1.000000 1.000000 1.000000 0.060248 0.060248 0.005748
8013.0 1.000000 1.000000 1.000000 1.000000 1.000000 1.000000 1.000000 1.000000 1.000000 0.060153 0.060153 0.005731
8014.0 1.000000 1.000000 1.000000 1.000000 1.000000 1.000000 1.000000 1.000000 1.000000 0.060058 0.060058 0.005714
8015.0 1.000000 1.000000 1.000000 1.000000 1.000000 1.000000 1.000000 1.000000 1.000000 0.059963 0.059963 0.005697
8016.0 1.000000 1.000000 1.000000 1.000000 1.000000 1.000000 1.000000 1.000000 1.000000 0.059868 0.059868 0.005681
8017.0 1.000000 1.000000 1.000000 1.000000 1.000000 1.000000 1.000000 1.000000 1.000000 0.059774 0.059774 0.005664
8018.0 1.000000 1.000000 1.000000 1.000000 1.000000 1.000000 1.000000 1.000000 1.000000 0.059679 0.059679 0.005647
8019.0 1.000000 1.000000 1.000000 1.000000 1.000000 1.000000 1.000000 1.000000 1.000000 0.059585 0.059585 0.005631
8020.0 1.000000 1.000000 1.000000 1.000000 1.000000 1.000000 1.000000 1.000000 1.000000 0.059491 0.059491 0.005614
8021.0 1.000000 1.000000 1.000000 1.000000 1.000000 1.000000 1.000000 1.000000 1.000000 0.059396 0.059396 0.005597
8022.0 1.000000 1.000000 1.000000 1.000000 1.000000 1.000000 1.000000 1.000000 1.000000 0.059302 0.059302 0.005581
8023.0 1.000000 1.000000 1.000000 1.000000 1.000000 1.000000 1.000000 1.000000 1.000000 0.059208 0.059208 0.005564
8024.0 1.000000 1.000000 1.000000 1.000000 1.000000 1.000000 1.000000 1.000000 1.000000 0.059115 0.059115 0.005548
8025.0 1.000000 1.000000 1.000000 1.000000 1.000000 1.000000 1.000000 1.000000 1.000000 0.059021 0.059021 0.005531
8026.0 1.000000 1.000000 1.000000 1.000000 1.000000 1.000000 1.000000 1.000000 1.000000 0.058927 0.058927 0.005515
8027.0 1.000000 1.000000 1.000000 1.000000 1.000000 1.000000 1.000000 1.000000 1.000000 0.058834 0.058834 0.005499
8028.0 1.000000 1.000000 1.000000 1.000000 1.000000 1.000000 1.000000 1.000000 1.000000 0.058740 0.058740 0.005482
8029.0 1.000000 1.000000 1.000000 1.000000 1.000000 1.000000 1.000000 1.000000 1.000000 0.058647 0.058647 0.005466
8030.0 1.000000 1.000000 1.000000 1.000000 1.000000 1.000000 1.000000 1.000000 1.000000 0.058554 0.058554 0.005450
8031.0 1.000000 1.000000 1.000000 1.000000 1.000000 1.000000 1.000000 1.000000 1.000000 0.058461 0.058461 0.005434
8032.0 1.000000 1.000000 1.000000 1.000000 1.000000 1.000000 1.000000 1.000000 1.000000 0.058368 0.058368 0.005418
8033.0 1.000000 1.000000 1.000000 1.000000 1.000000 1.000000 1.000000 1.000000 1.000000 0.058275 0.058275 0.005402
8034.0 1.000000 1.000000 1.000000 1.000000 1.000000 1.000000 1.000000 1.000000 1.000000 0.058182 0.058182 0.005386
8035.0 1.000000 1.000000 1.000000 1.000000 1.000000 1.000000 1.000000 1.000000 1.000000 0.058090 0.058090 0.005370
8036.0 1.000000 1.000000 1.000000 1.000000 1.000000 1.000000 1.000000 1.000000 1.000000 0.057997 0.057997 0.005354
8037.0 1.000000 1.000000 1.000000 1.000000 1.000000 1.000000 1.000000 1.000000 1.000000 0.057905 0.057905 0.005338
8038.0 1.000000 1.000000 1.000000 1.000000 1.000000 1.000000 1.000000 1.000000 1.000000 0.057812 0.057812 0.005322
8039.0 1.000000 1.000000 1.000000 1.000000 1.000000 1.000000 1.000000 1.000000 1.000000 0.057720 0.057720 0.005306
8040.0 1.000000 1.000000 1.000000 1.000000 1.000000 1.000000 1.000000 1.000000 1.000000 0.057628 0.057628 0.005290
8041.0 1.000000 1.000000 1.000000 1.000000 1.000000 1.000000 1.000000 1.000000 1.000000 0.057536 0.057536 0.005274
8042.0 1.000000 1.000000 1.000000 1.000000 1.000000 1.000000 1.000000 1.000000 1.000000 0.057444 0.057444 0.005259
8043.0 1.000000 1.000000 1.000000 1.000000 1.000000 1.000000 1.000000 1.000000 1.000000 0.057352 0.057352 0.005243
8044.0 1.000000 1.000000 1.000000 1.000000 1.000000 1.000000 1.000000 1.000000 1.000000 0.057261 0.057261 0.005227
8045.0 1.000000 1.000000 1.000000 1.000000 1.000000 1.000000 1.000000 1.000000 1.000000 0.057169 0.057169 0.005212
8046.0 1.000000 1.000000 1.000000 1.000000 1.000000 1.000000 1.000000 1.000000 1.000000 0.057078 0.057078 0.005196
8047.0 1.000000 1.000000 1.000000 1.000000 1.000000 1.000000 1.000000 1.000000 1.000000 0.056986 0.056986 0.005181
8048.0 1.000000 1.000000 1.000000 1.000000 1.000000 1.000000 1.000000 1.000000 1.000000 0.056895 0.056895 0.005165
8049.0 1.000000 1.000000 1.000000 1.000000 1.000000 1.000000 1.000000 1.000000 1.000000 0.056804 0.056804 0.005150
8050.0 1.000000 1.000000 1.000000 1.000000 1.000000 1.000000 1.000000 1.000000 1.000000 0.056713 0.056713 0.005134
8051.0 1.000000 1.000000 1.000000 1.000000 1.000000 1.000000 1.000000 1.000000 1.000000 0.056622 0.056622 0.005119
8052.0 1.000000 1.000000 1.000000 1.000000 1.000000 1.000000 1.000000 1.000000 1.000000 0.056531 0.056531 0.005104
8053.0 1.000000 1.000000 1.000000 1.000000 1.000000 1.000000 1.000000 1.000000 1.000000 0.056441 0.056441 0.005088
8054.0 1.000000 1.000000 1.000000 1.000000 1.000000 1.000000 1.000000 1.000000 1.000000 0.056350 0.056350 0.005073
8055.0 1.000000 1.000000 1.000000 1.000000 1.000000 1.000000 1.000000 1.000000 1.000000 0.056259 0.056259 0.005058
8056.0 1.000000 1.000000 1.000000 1.000000 1.000000 1.000000 1.000000 1.000000 1.000000 0.056169 0.056169 0.005043
8057.0 1.000000 1.000000 1.000000 1.000000 1.000000 1.000000 1.000000 1.000000 1.000000 0.056079 0.056079 0.005028
8058.0 1.000000 1.000000 1.000000 1.000000 1.000000 1.000000 1.000000 1.000000 1.000000 0.055989 0.055989 0.005012
8059.0 1.000000 1.000000 1.000000 1.000000 1.000000 1.000000 1.000000 1.000000 1.000000 0.055899 0.055899 0.004997
8060.0 1.000000 1.000000 1.000000 1.000000 1.000000 1.000000 1.000000 1.000000 1.000000 0.055809 0.055809 0.004982
8061.0 1.000000 1.000000 1.000000 1.000000 1.000000 1.000000 1.000000 1.000000 1.000000 0.055719 0.055719 0.004967
8062.0 1.000000 1.000000 1.000000 1.000000 1.000000 1.000000 1.000000 1.000000 1.000000 0.055629 0.055629 0.004953
8063.0 1.000000 1.000000 1.000000 1.000000 1.000000 1.000000 1.000000 1.000000 1.000000 0.055539 0.055539 0.004938
8064.0 1.000000 1.000000 1.000000 1.000000 1.000000 1.000000 1.000000 1.000000 1.000000 0.055450 0.055450 0.004923
8065.0 1.000000 1.000000 1.000000 1.000000 1.000000 1.000000 1.000000 1.000000 1.000000 0.055360 0.055360 0.004908
8066.0 1.000000 1.000000 1.000000 1.000000 1.000000 1.000000 1.000000 1.000000 1.000000 0.055271 0.055271 0.004893
8067.0 1.000000 1.000000 1.000000 1.000000 1.000000 1.000000 1.000000 1.000000 1.000000 0.055182 0.055182 0.004878
8068.0 1.000000 1.000000 1.000000 1.000000 1.000000 1.000000 1.000000 1.000000 1.000000 0.055093 0.055093 0.004864
8069.0 1.000000 1.000000 1.000000 1.000000 1.000000 1.000000 1.000000 1.000000 1.000000 0.055004 0.055004 0.004849
8070.0 1.000000 1.000000 1.000000 1.000000 1.000000 1.000000 1.000000 1.000000 1.000000 0.054915 0.054915 0.004834
8071.0 1.000000 1.000000 1.000000 1.000000 1.000000 1.000000 1.000000 1.000000 1.000000 0.054826 0.054826 0.004820
8072.0 1.000000 1.000000 1.000000 1.000000 1.000000 1.000000 1.000000 1.000000 1.000000 0.054737 0.054737 0.004805
8073.0 1.000000 1.000000 1.000000 1.000000 1.000000 1.000000 1.000000 1.000000 1.000000 0.054649 0.054649 0.004791
8074.0 1.000000 1.000000 1.000000 1.000000 1.000000 1.000000 1.000000 1.000000 1.000000 0.054560 0.054560 0.004776
8075.0 1.000000 1.000000 1.000000 1.000000 1.000000 1.000000 1.000000 1.000000 1.000000 0.054472 0.054472 0.004762
8076.0 1.000000 1.000000 1.000000 1.000000 1.000000 1.000000 1.000000 1.000000 1.000000 0.054383 0.054383 0.004747
8077.0 1.000000 1.000000 1.000000 1.000000 1.000000 1.000000 1.000000 1.000000 1.000000 0.054295 0.054295 0.004733
8078.0 1.000000 1.000000 1.000000 1.000000 1.000000 1.000000 1.000000 1.000000 1.000000 0.054207 0.054207 0.004719
8079.0 1.000000 1.000000 1.000000 1.000000 1.000000 1.000000 1.000000 1.000000 1.000000 0.054119 0.054119 0.004704
8080.0 1.000000 1.000000 1.000000 1.000000 1.000000 1.000000 1.000000 1.000000 1.000000 0.054031 0.054031 0.004690
8081.0 1.000000 1.000000 1.000000 1.000000 1.000000 1.000000 1.000000 1.000000 1.000000 0.053943 0.053943 0.004676
8082.0 1.000000 1.000000 1.000000 1.000000 1.000000 1.000000 1.000000 1.000000 1.000000 0.053856 0.053856 0.004662
8083.0 1.000000 1.000000 1.000000 1.000000 1.000000 1.000000 1.000000 1.000000 1.000000 0.053768 0.053768 0.004648
8084.0 1.000000 1.000000 1.000000 1.000000 1.000000 1.000000 1.000000 1.000000 1.000000 0.053681 0.053681 0.004633
8085.0 1.000000 1.000000 1.000000 1.000000 1.000000 1.000000 1.000000 1.000000 1.000000 0.053594 0.053594 0.004619
8086.0 1.000000 1.000000 1.000000 1.000000 1.000000 1.000000 1.000000 1.000000 1.000000 0.053506 0.053506 0.004605
8087.0 1.000000 1.000000 1.000000 1.000000 1.000000 1.000000 1.000000 1.000000 1.000000 0.053419 0.053419 0.004591
8088.0 1.000000 1.000000 1.000000 1.000000 1.000000 1.000000 1.000000 1.000000 1.000000 0.053332 0.053332 0.004577
8089.0 1.000000 1.000000 1.000000 1.000000 1.000000 1.000000 1.000000 1.000000 1.000000 0.053245 0.053245 0.004563
8090.0 1.000000 1.000000 1.000000 1.000000 1.000000 1.000000 1.000000 1.000000 1.000000 0.053158 0.053158 0.004549
8091.0 1.000000 1.000000 1.000000 1.000000 1.000000 1.000000 1.000000 1.000000 1.000000 0.053072 0.053072 0.004536
8092.0 1.000000 1.000000 1.000000 1.000000 1.000000 1.000000 1.000000 1.000000 1.000000 0.052985 0.052985 0.004522
8093.0 1.000000 1.000000 1.000000 1.000000 1.000000 1.000000 1.000000 1.000000 1.000000 0.052899 0.052899 0.004508
8094.0 1.000000 1.000000 1.000000 1.000000 1.000000 1.000000 1.000000 1.000000 1.000000 0.052812 0.052812 0.004494
8095.0 1.000000 1.000000 1.000000 1.000000 1.000000 1.000000 1.000000 1.000000 1.000000 0.052726 0.052726 0.004481
8096.0 1.000000 1.000000 1.000000 1.000000 1.000000 1.000000 1.000000 1.000000 1.000000 0.052640 0.052640 0.004467
8097.0 1.000000 1.000000 1.000000 1.000000 1.000000 1.000000 1.000000 1.000000 1.000000 0.052554 0.052554 0.004453
8098.0 1.000000 1.000000 1.000000 1.000000 1.000000 1.000000 1.000000 1.000000 1.000000 0.052468 0.052468 0.004440
8099.0 1.000000 1.000000 1.000000 1.000000 1.000000 1.000000 1.000000 1.000000 1.000000 0.052382 0.052382 0.004426
8100.0 1.000000 1.000000 1.000000 1.000000 1.000000 1.000000 1.000000 1.000000 1.000000 0.052296 0.052296 0.004412
8101.0 1.000000 1.000000 1.000000 1.000000 1.000000 1.000000 1.000000 1.000000 1.000000 0.052210 0.052210 0.004399
8102.0 1.000000 1.000000 1.000000 1.000000 1.000000 1.000000 1.000000 1.000000 1.000000 0.052125 0.052125 0.004386
8103.0 1.000000 1.000000 1.000000 1.000000 1.000000 1.000000 1.000000 1.000000 1.000000 0.052039 0.052039 0.004372
8104.0 1.000000 1.000000 1.000000 1.000000 1.000000 1.000000 1.000000 1.000000 1.000000 0.051954 0.051954 0.004359
8105.0 1.000000 1.000000 1.000000 1.000000 1.000000 1.000000 1.000000 1.000000 1.000000 0.051869 0.051869 0.004345
8106.0 1.000000 1.000000 1.000000 1.000000 1.000000 1.000000 1.000000 1.000000 1.000000 0.051783 0.051783 0.004332
8107.0 1.000000 1.000000 1.000000 1.000000 1.000000 1.000000 1.000000 1.000000 1.000000 0.051698 0.051698 0.004319
8108.0 1.000000 1.000000 1.000000 1.000000 1.000000 1.000000 1.000000 1.000000 1.000000 0.051613 0.051613 0.004305
8109.0 1.000000 1.000000 1.000000 1.000000 1.000000 1.000000 1.000000 1.000000 1.000000 0.051528 0.051528 0.004292
8110.0 1.000000 1.000000 1.000000 1.000000 1.000000 1.000000 1.000000 1.000000 1.000000 0.051444 0.051444 0.004279
8111.0 1.000000 1.000000 1.000000 1.000000 1.000000 1.000000 1.000000 1.000000 1.000000 0.051359 0.051359 0.004266
8112.0 1.000000 1.000000 1.000000 1.000000 1.000000 1.000000 1.000000 1.000000 1.000000 0.051275 0.051275 0.004253
8113.0 1.000000 1.000000 1.000000 1.000000 1.000000 1.000000 1.000000 1.000000 1.000000 0.051190 0.051190 0.004240
8114.0 1.000000 1.000000 1.000000 1.000000 1.000000 1.000000 1.000000 1.000000 1.000000 0.051106 0.051106 0.004227
8115.0 1.000000 1.000000 1.000000 1.000000 1.000000 1.000000 1.000000 1.000000 1.000000 0.051022 0.051022 0.004214
8116.0 1.000000 1.000000 1.000000 1.000000 1.000000 1.000000 1.000000 1.000000 1.000000 0.050937 0.050937 0.004201
8117.0 1.000000 1.000000 1.000000 1.000000 1.000000 1.000000 1.000000 1.000000 1.000000 0.050853 0.050853 0.004188
8118.0 1.000000 1.000000 1.000000 1.000000 1.000000 1.000000 1.000000 1.000000 1.000000 0.050769 0.050769 0.004175
8119.0 1.000000 1.000000 1.000000 1.000000 1.000000 1.000000 1.000000 1.000000 1.000000 0.050686 0.050686 0.004162
8120.0 1.000000 1.000000 1.000000 1.000000 1.000000 1.000000 1.000000 1.000000 1.000000 0.050602 0.050602 0.004149
8121.0 1.000000 1.000000 1.000000 1.000000 1.000000 1.000000 1.000000 1.000000 1.000000 0.050518 0.050518 0.004136
8122.0 1.000000 1.000000 1.000000 1.000000 1.000000 1.000000 1.000000 1.000000 1.000000 0.050435 0.050435 0.004124
8123.0 1.000000 1.000000 1.000000 1.000000 1.000000 1.000000 1.000000 1.000000 1.000000 0.050351 0.050351 0.004111
8124.0 1.000000 1.000000 1.000000 1.000000 1.000000 1.000000 1.000000 1.000000 1.000000 0.050268 0.050268 0.004098
8125.0 1.000000 1.000000 1.000000 1.000000 1.000000 1.000000 1.000000 1.000000 1.000000 0.050185 0.050185 0.004085
8126.0 1.000000 1.000000 1.000000 1.000000 1.000000 1.000000 1.000000 1.000000 1.000000 0.050102 0.050102 0.004073
8127.0 1.000000 1.000000 1.000000 1.000000 1.000000 1.000000 1.000000 1.000000 1.000000 0.050019 0.050019 0.004060
8128.0 1.000000 1.000000 1.000000 1.000000 1.000000 1.000000 1.000000 1.000000 1.000000 0.049936 0.049936 0.004048
8129.0 1.000000 1.000000 1.000000 1.000000 1.000000 1.000000 1.000000 1.000000 1.000000 0.049853 0.049853 0.004035
8130.0 1.000000 1.000000 1.000000 1.000000 1.000000 1.000000 1.000000 1.000000 1.000000 0.049770 0.049770 0.004023
8131.0 1.000000 1.000000 1.000000 1.000000 1.000000 1.000000 1.000000 1.000000 1.000000 0.049688 0.049688 0.004010
8132.0 1.000000 1.000000 1.000000 1.000000 1.000000 1.000000 1.000000 1.000000 1.000000 0.049605 0.049605 0.003998
8133.0 1.000000 1.000000 1.000000 1.000000 1.000000 1.000000 1.000000 1.000000 1.000000 0.049523 0.049523 0.003985
8134.0 1.000000 1.000000 1.000000 1.000000 1.000000 1.000000 1.000000 1.000000 1.000000 0.049440 0.049440 0.003973
8135.0 1.000000 1.000000 1.000000 1.000000 1.000000 1.000000 1.000000 1.000000 1.000000 0.049358 0.049358 0.003961
8136.0 1.000000 1.000000 1.000000 1.000000 1.000000 1.000000 1.000000 1.000000 1.000000 0.049276 0.049276 0.003948
8137.0 1.000000 1.000000 1.000000 1.000000 1.000000 1.000000 1.000000 1.000000 1.000000 0.049194 0.049194 0.003936
8138.0 1.000000 1.000000 1.000000 1.000000 1.000000 1.000000 1.000000 1.000000 1.000000 0.049112 0.049112 0.003924
8139.0 1.000000 1.000000 1.000000 1.000000 1.000000 1.000000 1.000000 1.000000 1.000000 0.049030 0.049030 0.003911
8140.0 1.000000 1.000000 1.000000 1.000000 1.000000 1.000000 1.000000 1.000000 1.000000 0.048949 0.048949 0.003899
8141.0 1.000000 1.000000 1.000000 1.000000 1.000000 1.000000 1.000000 1.000000 1.000000 0.048867 0.048867 0.003887
8142.0 1.000000 1.000000 1.000000 1.000000 1.000000 1.000000 1.000000 1.000000 1.000000 0.048786 0.048786 0.003875
8143.0 1.000000 1.000000 1.000000 1.000000 1.000000 1.000000 1.000000 1.000000 1.000000 0.048704 0.048704 0.003863
8144.0 1.000000 1.000000 1.000000 1.000000 1.000000 1.000000 1.000000 1.000000 1.000000 0.048623 0.048623 0.003851
8145.0 1.000000 1.000000 1.000000 1.000000 1.000000 1.000000 1.000000 1.000000 1.000000 0.048542 0.048542 0.003839
8146.0 1.000000 1.000000 1.000000 1.000000 1.000000 1.000000 1.000000 1.000000 1.000000 0.048461 0.048461 0.003827
8147.0 1.000000 1.000000 1.000000 1.000000 1.000000 1.000000 1.000000 1.000000 1.000000 0.048380 0.048380 0.003815
8148.0 1.000000 1.000000 1.000000 1.000000 1.000000 1.000000 1.000000 1.000000 1.000000 0.048299 0.048299 0.003803
8149.0 1.000000 1.000000 1.000000 1.000000 1.000000 1.000000 1.000000 1.000000 1.000000 0.048218 0.048218 0.003791
8150.0 1.000000 1.000000 1.000000 1.000000 1.000000 1.000000 1.000000 1.000000 1.000000 0.048137 0.048137 0.003779
8151.0 1.000000 1.000000 1.000000 1.000000 1.000000 1.000000 1.000000 1.000000 1.000000 0.048057 0.048057 0.003768
8152.0 1.000000 1.000000 1.000000 1.000000 1.000000 1.000000 1.000000 1.000000 1.000000 0.047976 0.047976 0.003756
8153.0 1.000000 1.000000 1.000000 1.000000 1.000000 1.000000 1.000000 1.000000 1.000000 0.047896 0.047896 0.003744
8154.0 1.000000 1.000000 1.000000 1.000000 1.000000 1.000000 1.000000 1.000000 1.000000 0.047816 0.047816 0.003732
8155.0 1.000000 1.000000 1.000000 1.000000 1.000000 1.000000 1.000000 1.000000 1.000000 0.047736 0.047736 0.003721
8156.0 1.000000 1.000000 1.000000 1.000000 1.000000 1.000000 1.000000 1.000000 1.000000 0.047655 0.047655 0.003709
8157.0 1.000000 1.000000 1.000000 1.000000 1.000000 1.000000 1.000000 1.000000 1.000000 0.047575 0.047575 0.003697
8158.0 1.000000 1.000000 1.000000 1.000000 1.000000 1.000000 1.000000 1.000000 1.000000 0.047496 0.047496 0.003686
8159.0 1.000000 1.000000 1.000000 1.000000 1.000000 1.000000 1.000000 1.000000 1.000000 0.047416 0.047416 0.003674
8160.0 1.000000 1.000000 1.000000 1.000000 1.000000 1.000000 1.000000 1.000000 1.000000 0.047336 0.047336 0.003663
8161.0 1.000000 1.000000 1.000000 1.000000 1.000000 1.000000 1.000000 1.000000 1.000000 0.047257 0.047257 0.003651
8162.0 1.000000 1.000000 1.000000 1.000000 1.000000 1.000000 1.000000 1.000000 1.000000 0.047177 0.047177 0.003640
8163.0 1.000000 1.000000 1.000000 1.000000 1.000000 1.000000 1.000000 1.000000 1.000000 0.047098 0.047098 0.003628
8164.0 1.000000 1.000000 1.000000 1.000000 1.000000 1.000000 1.000000 1.000000 1.000000 0.047018 0.047018 0.003617
8165.0 1.000000 1.000000 1.000000 1.000000 1.000000 1.000000 1.000000 1.000000 1.000000 0.046939 0.046939 0.003605
8166.0 1.000000 1.000000 1.000000 1.000000 1.000000 1.000000 1.000000 1.000000 1.000000 0.046860 0.046860 0.003594
8167.0 1.000000 1.000000 1.000000 1.000000 1.000000 1.000000 1.000000 1.000000 1.000000 0.046781 0.046781 0.003583
8168.0 1.000000 1.000000 1.000000 1.000000 1.000000 1.000000 1.000000 1.000000 1.000000 0.046702 0.046702 0.003571
8169.0 1.000000 1.000000 1.000000 1.000000 1.000000 1.000000 1.000000 1.000000 1.000000 0.046623 0.046623 0.003560
8170.0 1.000000 1.000000 1.000000 1.000000 1.000000 1.000000 1.000000 1.000000 1.000000 0.046545 0.046545 0.003549
8171.0 1.000000 1.000000 1.000000 1.000000 1.000000 1.000000 1.000000 1.000000 1.000000 0.046466 0.046466 0.003538
8172.0 1.000000 1.000000 1.000000 1.000000 1.000000 1.000000 1.000000 1.000000 1.000000 0.046388 0.046388 0.003527
8173.0 1.000000 1.000000 1.000000 1.000000 1.000000 1.000000 1.000000 1.000000 1.000000 0.046309 0.046309 0.003515
8174.0 1.000000 1.000000 1.000000 1.000000 1.000000 1.000000 1.000000 1.000000 1.000000 0.046231 0.046231 0.003504
8175.0 1.000000 1.000000 1.000000 1.000000 1.000000 1.000000 1.000000 1.000000 1.000000 0.046153 0.046153 0.003493
8176.0 1.000000 1.000000 1.000000 1.000000 1.000000 1.000000 1.000000 1.000000 1.000000 0.046075 0.046075 0.003482
8177.0 1.000000 1.000000 1.000000 1.000000 1.000000 1.000000 1.000000 1.000000 1.000000 0.045997 0.045997 0.003471
8178.0 1.000000 1.000000 1.000000 1.000000 1.000000 1.000000 1.000000 1.000000 1.000000 0.045919 0.045919 0.003460
8179.0 1.000000 1.000000 1.000000 1.000000 1.000000 1.000000 1.000000 1.000000 1.000000 0.045841 0.045841 0.003449
8180.0 1.000000 1.000000 1.000000 1.000000 1.000000 1.000000 1.000000 1.000000 1.000000 0.045763 0.045763 0.003438
8181.0 1.000000 1.000000 1.000000 1.000000 1.000000 1.000000 1.000000 1.000000 1.000000 0.045686 0.045686 0.003427
8182.0 1.000000 1.000000 1.000000 1.000000 1.000000 1.000000 1.000000 1.000000 1.000000 0.045608 0.045608 0.003417
8183.0 1.000000 1.000000 1.000000 1.000000 1.000000 1.000000 1.000000 1.000000 1.000000 0.045531 0.045531 0.003406
8184.0 1.000000 1.000000 1.000000 1.000000 1.000000 1.000000 1.000000 1.000000 1.000000 0.045454 0.045454 0.003395
8185.0 1.000000 1.000000 1.000000 1.000000 1.000000 1.000000 1.000000 1.000000 1.000000 0.045376 0.045376 0.003384
8186.0 1.000000 1.000000 1.000000 1.000000 1.000000 1.000000 1.000000 1.000000 1.000000 0.045299 0.045299 0.003373
8187.0 1.000000 1.000000 1.000000 1.000000 1.000000 1.000000 1.000000 1.000000 1.000000 0.045222 0.045222 0.003363
8188.0 1.000000 1.000000 1.000000 1.000000 1.000000 1.000000 1.000000 1.000000 1.000000 0.045145 0.045145 0.003352
8189.0 1.000000 1.000000 1.000000 1.000000 1.000000 1.000000 1.000000 1.000000 1.000000 0.045069 0.045069 0.003341
8190.0 1.000000 1.000000 1.000000 1.000000 1.000000 1.000000 1.000000 1.000000 1.000000 0.044992 0.044992 0.003331
8191.0 1.000000 1.000000 1.000000 1.000000 1.000000 1.000000 1.000000 1.000000 1.000000 0.044915 0.044915 0.003320
8192.0 1.000000 1.000000 1.000000 1.000000 1.000000 1.000000 1.000000 1.000000 1.000000 0.044839 0.044839 0.003309
8193.0 1.000000 1.000000 1.000000 1.000000 1.000000 1.000000 1.000000 1.000000 1.000000 0.044762 0.044762 0.003299
8194.0 1.000000 1.000000 1.000000 1.000000 1.000000 1.000000 1.000000 1.000000 1.000000 0.044686 0.044686 0.003288
8195.0 1.000000 1.000000 1.000000 1.000000 1.000000 1.000000 1.000000 1.000000 1.000000 0.044610 0.044610 0.003278
8196.0 1.000000 1.000000 1.000000 1.000000 1.000000 1.000000 1.000000 1.000000 1.000000 0.044534 0.044534 0.003267
8197.0 1.000000 1.000000 1.000000 1.000000 1.000000 1.000000 1.000000 1.000000 1.000000 0.044458 0.044458 0.003257
8198.0 1.000000 1.000000 1.000000 1.000000 1.000000 1.000000 1.000000 1.000000 1.000000 0.044382 0.044382 0.003247
8199.0 1.000000 1.000000 1.000000 1.000000 1.000000 1.000000 1.000000 1.000000 1.000000 0.044306 0.044306 0.003236
8200.0 1.000000 1.000000 1.000000 1.000000 1.000000 1.000000 1.000000 1.000000 1.000000 0.044230 0.044230 0.003226
8201.0 1.000000 1.000000 1.000000 1.000000 1.000000 1.000000 1.000000 1.000000 1.000000 0.044154 0.044154 0.003216
8202.0 1.000000 1.000000 1.000000 1.000000 1.000000 1.000000 1.000000 1.000000 1.000000 0.044079 0.044079 0.003205
8203.0 1.000000 1.000000 1.000000 1.000000 1.000000 1.000000 1.000000 1.000000 1.000000 0.044003 0.044003 0.003195
8204.0 1.000000 1.000000 1.000000 1.000000 1.000000 1.000000 1.000000 1.000000 1.000000 0.043928 0.043928 0.003185
8205.0 1.000000 1.000000 1.000000 1.000000 1.000000 1.000000 1.000000 1.000000 1.000000 0.043853 0.043853 0.003175
8206.0 1.000000 1.000000 1.000000 1.000000 1.000000 1.000000 1.000000 1.000000 1.000000 0.043778 0.043778 0.043778
8207.0 1.000000 1.000000 1.000000 1.000000 1.000000 1.000000 1.000000 1.000000 1.000000 0.043703 0.043703 0.043703
8208.0 1.000000 1.000000 1.000000 1.000000 1.000000 1.000000 1.000000 1.000000 1.000000 0.043628 0.043628 0.043628
8209.0 1.000000 1.000000 1.000000 1.000000 1.000000 1.000000 1.000000 1.000000 1.000000 0.043553 0.043553 0.043553
8210.0 1.000000 1.000000 1.000000 1.000000 1.000000 1.000000 1.000000 1.000000 1.000000 0.043478 0.043478 0.043478
8211.0 1.000000 1.000000 1.000000 1.000000 1.000000 1.000000 1.000000 1.000000 1.000000 0.043403 0.043403 0.043403
8212.0 1.000000 1.000000 1.000000 1.000000 1.000000 1.000000 1.000000 1.000000 1.000000 0.043329 0.043329 0.043329
8213.0 1.000000 1.000000 1.000000 1.000000 1.000000 1.000000 1.000000 1.000000 1.000000 0.043254 0.043254 0.043254
8214.0 1.000000 1.000000 1.000000 1.000000 1.000000 1.000000 1.000000 1.000000 1.000000 0.043180 0.043180 0.043180
8215.0 1.000000 1.000000 1.000000 1.000000 1.000000 1.000000 1.000000 1.000000 1.000000 0.043106 0.043106 0.043106
8216.0 1.000000 1.000000 1.000000 1.000000 1.000000 1.000000 1.000000 1.000000 1.000000 0.043031 0.043031 0.043031
8217.0 1.000000 1.000000 1.000000 1.000000 1.000000 1.000000 1.000000 1.000000 1.000000 0.042957 0.042957 0.042957
8218.0 1.000000 1.000000 1.000000 1.000000 1.000000 1.000000 1.000000 1.000000 1.000000 0.042883 0.042883 0.042883
8219.0 1.000000 1.000000 1.000000 1.000000 1.000000 1.000000 1.000000 1.000000 1.000000 0.042809 0.042809 0.042809
8220.0 1.000000 1.000000 1.000000 1.000000 1.000000 1.000000 1.000000 1.000000 1.000000 0.042736 0.042736 0.042736
8221.0 1.000000 1.000000 1.000000 1.000000 1.000000 1.000000 1.000000 1.000000 1.000000 0.042662 0.042662 0.042662
8222.0 1.000000 1.000000 1.000000 1.000000 1.000000 1.000000 1.000000 1.000000 1.000000 0.042588 0.042588 0.042588
8223.0 1.000000 1.000000 1.000000 1.000000 1.000000 1.000000 1.000000 1.000000 1.000000 0.042515 0.042515 0.042515
8224.0 1.000000 1.000000 1.000000 1.000000 1.000000 1.000000 1.000000 1.000000 1.000000 0.042441 0.042441 0.042441
8225.0 1.000000 1.000000 1.000000 1.000000 1.000000 1.000000 1.000000 1.000000 1.000000 0.042368 0.042368 0.042368
8226.0 1.000000 1.000000 1.000000 1.000000 1.000000 1.000000 1.000000 1.000000 1.000000 0.042295 0.042295 0.042295
8227.0 1.000000 1.000000 1.000000 1.000000 1.000000 1.000000 1.000000 1.000000 1.000000 0.042222 0.042222 0.042222
8228.0 1.000000 1.000000 1.000000 1.000000 1.000000 1.000000 1.000000 1.000000 1.000000 0.042149 0.042149 0.042149
8229.0 1.000000 1.000000 1.000000 1.000000 1.000000 1.000000 1.000000 1.000000 1.000000 0.042076 0.042076 0.042076
8230.0 1.000000 1.000000 1.000000 1.000000 1.000000 1.000000 1.000000 1.000000 1.000000 0.042003 0.042003 0.042003
8231.0 1.000000 1.000000 1.000000 1.000000 1.000000 1.000000 1.000000 1.000000 1.000000 0.041930 0.041930 0.041930
8232.0 1.000000 1.000000 1.000000 1.000000 1.000000 1.000000 1.000000 1.000000 1.000000 0.041857 0.041857 0.041857
8233.0 1.000000 1.000000 1.000000 1.000000 1.000000 1.000000 1.000000 1.000000 1.000000 0.041785 0.041785 0.041785
8234.0 1.000000 1.000000 1.000000 1.000000 1.000000 1.000000 1.000000 1.000000 1.000000 0.041712 0.041712 0.041712
8235.0 1.000000 1.000000 1.000000 1.000000 1.000000 1.000000 1.000000 1.000000 1.000000 0.041640 0.041640 0.041640
8236.0 1.000000 1.000000 1.000000 1.000000 1.000000 1.000000 1.000000 1.000000 1.000000 0.041568 0.041568 0.041568
8237.0 1.000000 1.000000 1.000000 1.000000 1.000000 1.000000 1.000000 1.000000 1.000000 0.041495 0.041495 0.041495
8238.0 1.000000 1.000000 1.000000 1.000000 1.000000 1.000000 1.000000 1.000000 1.000000 0.041423 0.041423 0.041423
8239.0 1.000000 1.000000 1.000000 1.000000 1.000000 1.000000 1.000000 1.000000 1.000000 0.041351 0.041351 0.041351
8240.0 1.000000 1.000000 1.000000 1.000000 1.000000 1.000000 1.000000 1.000000 1.000000 0.041279 0.041279 0.041279
8241.0 1.000000 1.000000 1.000000 1.000000 1.000000 1.000000 1.000000 1.000000 1.000000 0.041208 0.041208 0.041208
8242.0 1.000000 1.000000 1.000000 1.000000 1.000000 1.000000 1.000000 1.000000 1.000000 0.041136 0.041136 0.041136
8243.0 1.000000 1.000000 1.000000 1.000000 1.000000 1.000000 1.000000 1.000000 1.000000 0.041064 0.041064 0.041064
8244.0 1.000000 1.000000 1.000000 1.000000 1.000000 1.000000 1.000000 1.000000 1.000000 0.040993 0.040993 0.040993
8245.0 1.000000 1.000000 1.000000 1.000000 1.000000 1.000000 1.000000 1.000000 1.000000 0.040921 0.040921 0.040921
8246.0 1.000000 1.000000 1.000000 1.000000 1.000000 1.000000 1.000000 1.000000 1.000000 0.040850 0.040850 0.040850
8247.0 1.000000 1.000000 1.000000 1.000000 1.000000 1.000000 1.000000 1.000000 1.000000 0.040779 0.040779 0.040779
8248.0 1.000000 1.000000 1.000000 1.000000 1.000000 1.000000 1.000000 1.000000 1.000000 0.040708 0.040708 0.040708
8249.0 1.000000 1.000000 1.000000 1.000000 1.000000 1.000000 1.000000 1.000000 1.000000 0.040637 0.040637 0.040637
8250.0 1.000000 1.000000 1.000000 1.000000 1.000000 1.000000 1.000000 1.000000 1.000000 0.040566 0.040566 0.040566
8251.0 1.000000 1.000000 1.000000 1.000000 1.000000 1.000000 1.000000 1.000000 1.000000 0.040495 0.040495 0.040495
8252.0 1.000000 1.000000 1.000000 1.000000 1.000000 1.000000 1.000000 1.000000 1.000000 0.040424 0.040424 0.040424
8253.0 1.000000 1.000000 1.000000 1.000000 1.000000 1.000000 1.000000 1.000000 1.000000 0.040353 0.040353 0.040353
8254.0 1.000000 1.000000 1.000000 1.000000 1.000000 1.000000 1.000000 1.000000 1.000000 0.040283 0.040283 0.040283
8255.0 1.000000 1.000000 1.000000 1.000000 1.000000 1.000000 1.000000 1.000000 1.000000 0.040212 0.040212 0.040212
8256.0 1.000000 1.000000 1.000000 1.000000 1.000000 1.000000 1.000000 1.000000 1.000000 0.040142 0.040142 0.040142
8257.0 1.000000 1.000000 1.000000 1.000000 1.000000 1.000000 1.000000 1.000000 1.000000 0.040072 0.040072 0.040072
8258.0 1.000000 1.000000 1.000000 1.000000 1.000000 1.000000 1.000000 1.000000 1.000000 0.040001 0.040001 0.040001
8259.0 1.000000 1.000000 1.000000 1.000000 1.000000 1.000000 1.000000 1.000000 1.000000 0.039931 0.039931 0.039931
8260.0 1.000000 1.000000 1.000000 1.000000 1.000000 1.000000 1.000000 1.000000 1.000000 0.039861 0.039861 0.039861
8261.0 1.000000 1.000000 1.000000 1.000000 1.000000 1.000000 1.000000 1.000000 1.000000 0.039791 0.039791 0.039791
8262.0 1.000000 1.000000 1.000000 1.000000 1.000000 1.000000 1.000000 1.000000 1.000000 0.039721 0.039721 0.039721
8263.0 1.000000 1.000000 1.000000 1.000000 1.000000 1.000000 1.000000 1.000000 1.000000 0.039652 0.039652 0.039652
8264.0 1.000000 1.000000 1.000000 1.000000 1.000000 1.000000 1.000000 1.000000 1.000000 0.039582 0.039582 0.039582
8265.0 1.000000 1.000000 1.000000 1.000000 1.000000 1.000000 1.000000 1.000000 1.000000 0.039512 0.039512 0.039512
8266.0 1.000000 1.000000 1.000000 1.000000 1.000000 1.000000 1.000000 1.000000 1.000000 0.039443 0.039443 0.039443
8267.0 1.000000 1.000000 1.000000 1.000000 1.000000 1.000000 1.000000 1.000000 1.000000 0.039374 0.039374 0.039374
8268.0 1.000000 1.000000 1.000000 1.000000 1.000000 1.000000 1.000000 1.000000 1.000000 0.039304 0.039304 0.039304
8269.0 1.000000 1.000000 1.000000 1.000000 1.000000 1.000000 1.000000 1.000000 1.000000 0.039235 0.039235 0.039235
8270.0 1.000000 1.000000 1.000000 1.000000 1.000000 1.000000 1.000000 1.000000 1.000000 0.039166 0.039166 0.039166
8271.0 1.000000 1.000000 1.000000 1.000000 1.000000 1.000000 1.000000 1.000000 1.000000 0.039097 0.039097 0.039097
8272.0 1.000000 1.000000 1.000000 1.000000 1.000000 1.000000 1.000000 1.000000 1.000000 0.039028 0.039028 0.039028
8273.0 1.000000 1.000000 1.000000 1.000000 1.000000 1.000000 1.000000 1.000000 1.000000 0.038959 0.038959 0.038959
8274.0 1.000000 1.000000 1.000000 1.000000 1.000000 1.000000 1.000000 1.000000 1.000000 0.038891 0.038891 0.038891
8275.0 1.000000 1.000000 1.000000 1.000000 1.000000 1.000000 1.000000 1.000000 1.000000 0.038822 0.038822 0.038822
8276.0 1.000000 1.000000 1.000000 1.000000 1.000000 1.000000 1.000000 1.000000 1.000000 0.038753 0.038753 0.038753
8277.0 1.000000 1.000000 1.000000 1.000000 1.000000 1.000000 1.000000 1.000000 1.000000 0.038685 0.038685 0.038685
8278.0 1.000000 1.000000 1.000000 1.000000 1.000000 1.000000 1.000000 1.000000 1.000000 0.038617 0.038617 0.038617
8279.0 1.000000 1.000000 1.000000 1.000000 1.000000 1.000000 1.000000 1.000000 1.000000 0.038548 0.038548 0.038548
8280.0 1.000000 1.000000 1.000000 1.000000 1.000000 1.000000 1.000000 1.000000 1.000000 0.038480 0.038480 0.038480
8281.0 1.000000 1.000000 1.000000 1.000000 1.000000 1.000000 1.000000 1.000000 1.000000 0.038412 0.038412 0.038412
8282.0 1.000000 1.000000 1.000000 1.000000 1.000000 1.000000 1.000000 1.000000 1.000000 0.038344 0.038344 0.038344
8283.0 1.000000 1.000000 1.000000 1.000000 1.000000 1.000000 1.000000 1.000000 1.000000 0.038276 0.038276 0.038276
8284.0 1.000000 1.000000 1.000000 1.000000 1.000000 1.000000 1.000000 1.000000 1.000000 0.038208 0.038208 0.038208
8285.0 1.000000 1.000000 1.000000 1.000000 1.000000 1.000000 1.000000 1.000000 1.000000 0.038141 0.038141 0.038141
8286.0 1.000000 1.000000 1.000000 1.000000 1.000000 1.000000 1.000000 1.000000 1.000000 0.038073 0.038073 0.038073
8287.0 1.000000 1.000000 1.000000 1.000000 1.000000 1.000000 1.000000 1.000000 1.000000 0.038006 0.038006 0.038006
8288.0 1.000000 1.000000 1.000000 1.000000 1.000000 1.000000 1.000000 1.000000 1.000000 0.037938 0.037938 0.037938
8289.0 1.000000 1.000000 1.000000 1.000000 1.000000 1.000000 1.000000 1.000000 1.000000 0.037871 0.037871 0.037871
8290.0 1.000000 1.000000 1.000000 1.000000 1.000000 1.000000 1.000000 1.000000 1.000000 0.037803 0.037803 0.037803
8291.0 1.000000 1.000000 1.000000 1.000000 1.000000 1.000000 1.000000 1.000000 1.000000 0.037736 0.037736 0.037736
8292.0 1.000000 1.000000 1.000000 1.000000 1.000000 1.000000 1.000000 1.000000 1.000000 0.037669 0.037669 0.037669
8293.0 1.000000 1.000000 1.000000 1.000000 1.000000 1.000000 1.000000 1.000000 1.000000 0.037602 0.037602 0.037602
8294.0 1.000000 1.000000 1.000000 1.000000 1.000000 1.000000 1.000000 1.000000 1.000000 0.037535 0.037535 0.037535
8295.0 1.000000 1.000000 1.000000 1.000000 1.000000 1.000000 1.000000 1.000000 1.000000 0.037469 0.037469 0.037469
8296.0 1.000000 1.000000 1.000000 1.000000 1.000000 1.000000 1.000000 1.000000 1.000000 0.037402 0.037402 0.037402
8297.0 1.000000 1.000000 1.000000 1.000000 1.000000 1.000000 1.000000 1.000000 1.000000 0.037335 0.037335 0.037335
8298.0 1.000000 1.000000 1.000000 1.000000 1.000000 1.000000 1.000000 1.000000 1.000000 0.037269 0.037269 0.037269
8299.0 1.000000 1.000000 1.000000 1.000000 1.000000 1.000000 1.000000 1.000000 1.000000 0.037202 0.037202 0.037202
8300.0 1.000000 1.000000 1.000000 1.000000 1.000000 1.000000 1.000000 1.000000 1.000000 0.037136 0.037136 0.037136
8301.0 1.000000 1.000000 1.000000 1.000000 1.000000 1.000000 1.000000 1.000000 1.000000 0.037070 0.037070 0.037070
8302.0 1.000000 1.000000 1.000000 1.000000 1.000000 1.000000 1.000000 1.000000 1.000000 0.037003 0.037003 0.037003
8303.0 1.000000 1.000000 1.000000 1.000000 1.000000 1.000000 1.000000 1.000000 1.000000 0.036937 0.036937 0.036937
8304.0 1.000000 1.000000 1.000000 1.000000 1.000000 1.000000 1.000000 1.000000 1.000000 0.036871 0.036871 0.036871
8305.0 1.000000 1.000000 1.000000 1.000000 1.000000 1.000000 1.000000 1.000000 1.000000 0.036806 0.036806 0.036806
8306.0 1.000000 1.000000 1.000000 1.000000 1.000000 1.000000 1.000000 1.000000 1.000000 0.036740 0.036740 0.036740
8307.0 1.000000 1.000000 1.000000 1.000000 1.000000 1.000000 1.000000 1.000000 1.000000 0.036674 0.036674 0.036674
8308.0 1.000000 1.000000 1.000000 1.000000 1.000000 1.000000 1.000000 1.000000 1.000000 0.036608 0.036608 0.036608
8309.0 1.000000 1.000000 1.000000 1.000000 1.000000 1.000000 1.000000 1.000000 1.000000 0.036543 0.036543 0.036543
8310.0 1.000000 1.000000 1.000000 1.000000 1.000000 1.000000 1.000000 1.000000 1.000000 0.036477 0.036477 0.036477
8311.0 1.000000 1.000000 1.000000 1.000000 1.000000 1.000000 1.000000 1.000000 1.000000 0.036412 0.036412 0.036412
8312.0 1.000000 1.000000 1.000000 1.000000 1.000000 1.000000 1.000000 1.000000 1.000000 0.036347 0.036347 0.036347
8313.0 1.000000 1.000000 1.000000 1.000000 1.000000 1.000000 1.000000 1.000000 1.000000 0.036282 0.036282 0.036282
8314.0 1.000000 1.000000 1.000000 1.000000 1.000000 1.000000 1.000000 1.000000 1.000000 0.036217 0.036217 0.036217
8315.0 1.000000 1.000000 1.000000 1.000000 1.000000 1.000000 1.000000 1.000000 1.000000 0.036152 0.036152 0.036152
8316.0 1.000000 1.000000 1.000000 1.000000 1.000000 1.000000 1.000000 1.000000 1.000000 0.036087 0.036087 0.036087
8317.0 1.000000 1.000000 1.000000 1.000000 1.000000 1.000000 1.000000 1.000000 1.000000 0.036022 0.036022 0.036022
8318.0 1.000000 1.000000 1.000000 1.000000 1.000000 1.000000 1.000000 1.000000 1.000000 0.035957 0.035957 0.035957
8319.0 1.000000 1.000000 1.000000 1.000000 1.000000 1.000000 1.000000 1.000000 1.000000 0.035892 0.035892 0.035892
8320.0 1.000000 1.000000 1.000000 1.000000 1.000000 1.000000 1.000000 1.000000 1.000000 0.035828 0.035828 0.035828
8321.0 1.000000 1.000000 1.000000 1.000000 1.000000 1.000000 1.000000 1.000000 1.000000 0.035763 0.035763 0.035763
8322.0 1.000000 1.000000 1.000000 1.000000 1.000000 1.000000 1.000000 1.000000 1.000000 0.035699 0.035699 0.035699
8323.0 1.000000 1.000000 1.000000 1.000000 1.000000 1.000000 1.000000 1.000000 1.000000 0.035635 0.035635 0.035635
8324.0 1.000000 1.000000 1.000000 1.000000 1.000000 1.000000 1.000000 1.000000 1.000000 0.035571 0.035571 0.035571
8325.0 1.000000 1.000000 1.000000 1.000000 1.000000 1.000000 1.000000 1.000000 1.000000 0.035506 0.035506 0.035506
8326.0 1.000000 1.000000 1.000000 1.000000 1.000000 1.000000 1.000000 1.000000 1.000000 0.035442 0.035442 0.035442
8327.0 1.000000 1.000000 1.000000 1.000000 1.000000 1.000000 1.000000 1.000000 1.000000 0.035378 0.035378 0.035378
8328.0 1.000000 1.000000 1.000000 1.000000 1.000000 1.000000 1.000000 1.000000 1.000000 0.035315 0.035315 0.035315
8329.0 1.000000 1.000000 1.000000 1.000000 1.000000 1.000000 1.000000 1.000000 1.000000 0.035251 0.035251 0.035251
8330.0 1.000000 1.000000 1.000000 1.000000 1.000000 1.000000 1.000000 1.000000 1.000000 0.035187 0.035187 0.035187
8331.0 1.000000 1.000000 1.000000 1.000000 1.000000 1.000000 1.000000 1.000000 1.000000 0.035124 0.035124 0.035124
8332.0 1.000000 1.000000 1.000000 1.000000 1.000000 1.000000 1.000000 1.000000 1.000000 0.035060 0.035060 0.035060
8333.0 1.000000 1.000000 1.000000 1.000000 1.000000 1.000000 1.000000 1.000000 1.000000 0.034997 0.034997 0.034997
8334.0 1.000000 1.000000 1.000000 1.000000 1.000000 1.000000 1.000000 1.000000 1.000000 0.034933 0.034933 0.034933
8335.0 1.000000 1.000000 1.000000 1.000000 1.000000 1.000000 1.000000 1.000000 1.000000 0.034870 0.034870 0.034870
8336.0 1.000000 1.000000 1.000000 1.000000 1.000000 1.000000 1.000000 1.000000 1.000000 0.034807 0.034807 0.034807
8337.0 1.000000 1.000000 1.000000 1.000000 1.000000 1.000000 1.000000 1.000000 1.000000 0.034744 0.034744 0.034744
8338.0 1.000000 1.000000 1.000000 1.000000 1.000000 1.000000 1.000000 1.000000 1.000000 0.034681 0.034681 0.034681
8339.0 1.000000 1.000000 1.000000 1.000000 1.000000 1.000000 1.000000 1.000000 1.000000 0.034618 0.034618 0.034618
8340.0 1.000000 1.000000 1.000000 1.000000 1.000000 1.000000 1.000000 1.000000 1.000000 0.034555 0.034555 0.034555
8341.0 1.000000 1.000000 1.000000 1.000000 1.000000 1.000000 1.000000 1.000000 1.000000 0.034493 0.034493 0.034493
8342.0 1.000000 1.000000 1.000000 1.000000 1.000000 1.000000 1.000000 1.000000 1.000000 0.034430 0.034430 0.034430
8343.0 1.000000 1.000000 1.000000 1.000000 1.000000 1.000000 1.000000 1.000000 1.000000 0.034368 0.034368 0.034368
8344.0 1.000000 1.000000 1.000000 1.000000 1.000000 1.000000 1.000000 1.000000 1.000000 0.034305 0.034305 0.034305
8345.0 1.000000 1.000000 1.000000 1.000000 1.000000 1.000000 1.000000 1.000000 1.000000 0.034243 0.034243 0.034243
8346.0 1.000000 1.000000 1.000000 1.000000 1.000000 1.000000 1.000000 1.000000 1.000000 0.034180 0.034180 0.034180
8347.0 1.000000 1.000000 1.000000 1.000000 1.000000 1.000000 1.000000 1.000000 1.000000 0.034118 0.034118 0.034118
8348.0 1.000000 1.000000 1.000000 1.000000 1.000000 1.000000 1.000000 1.000000 1.000000 0.034056 0.034056 0.034056
8349.0 1.000000 1.000000 1.000000 1.000000 1.000000 1.000000 1.000000 1.000000 1.000000 0.033994 0.033994 0.033994
8350.0 1.000000 1.000000 1.000000 1.000000 1.000000 1.000000 1.000000 1.000000 1.000000 0.033932 0.033932 0.033932
8351.0 1.000000 1.000000 1.000000 1.000000 1.000000 1.000000 1.000000 1.000000 1.000000 0.033870 0.033870 0.033870
8352.0 1.000000 1.000000 1.000000 1.000000 1.000000 1.000000 1.000000 1.000000 1.000000 0.033809 0.033809 0.033809
8353.0 1.000000 1.000000 1.000000 1.000000 1.000000 1.000000 1.000000 1.000000 1.000000 0.033747 0.033747 0.033747
8354.0 1.000000 1.000000 1.000000 1.000000 1.000000 1.000000 1.000000 1.000000 1.000000 0.033685 0.033685 0.033685
8355.0 1.000000 1.000000 1.000000 1.000000 1.000000 1.000000 1.000000 1.000000 1.000000 0.033624 0.033624 0.033624
8356.0 1.000000 1.000000 1.000000 1.000000 1.000000 1.000000 1.000000 1.000000 1.000000 0.033563 0.033563 0.033563
8357.0 1.000000 1.000000 1.000000 1.000000 1.000000 1.000000 1.000000 1.000000 1.000000 0.033501 0.033501 0.033501
8358.0 1.000000 1.000000 1.000000 1.000000 1.000000 1.000000 1.000000 1.000000 1.000000 0.033440 0.033440 0.033440
8359.0 1.000000 1.000000 1.000000 1.000000 1.000000 1.000000 1.000000 1.000000 1.000000 0.033379 0.033379 0.033379
8360.0 1.000000 1.000000 1.000000 1.000000 1.000000 1.000000 1.000000 1.000000 1.000000 0.033318 0.033318 0.033318
8361.0 1.000000 1.000000 1.000000 1.000000 1.000000 1.000000 1.000000 1.000000 1.000000 0.033257 0.033257 0.033257
8362.0 1.000000 1.000000 1.000000 1.000000 1.000000 1.000000 1.000000 1.000000 1.000000 0.033196 0.033196 0.033196
8363.0 1.000000 1.000000 1.000000 1.000000 1.000000 1.000000 1.000000 1.000000 1.000000 0.033135 0.033135 0.033135
8364.0 1.000000 1.000000 1.000000 1.000000 1.000000 1.000000 1.000000 1.000000 1.000000 0.033075 0.033075 0.033075
8365.0 1.000000 1.000000 1.000000 1.000000 1.000000 1.000000 1.000000 1.000000 1.000000 0.033014 0.033014 0.033014
8366.0 1.000000 1.000000 1.000000 1.000000 1.000000 1.000000 1.000000 1.000000 1.000000 0.032953 0.032953 0.032953
8367.0 1.000000 1.000000 1.000000 1.000000 1.000000 1.000000 1.000000 1.000000 1.000000 0.032893 0.032893 0.032893
8368.0 1.000000 1.000000 1.000000 1.000000 1.000000 1.000000 1.000000 1.000000 1.000000 0.032833 0.032833 0.032833
8369.0 1.000000 1.000000 1.000000 1.000000 1.000000 1.000000 1.000000 1.000000 1.000000 0.032772 0.032772 0.032772
8370.0 1.000000 1.000000 1.000000 1.000000 1.000000 1.000000 1.000000 1.000000 1.000000 0.032712 0.032712 0.032712
8371.0 1.000000 1.000000 1.000000 1.000000 1.000000 1.000000 1.000000 1.000000 1.000000 0.032652 0.032652 0.032652
8372.0 1.000000 1.000000 1.000000 1.000000 1.000000 1.000000 1.000000 1.000000 1.000000 0.032592 0.032592 0.032592
8373.0 1.000000 1.000000 1.000000 1.000000 1.000000 1.000000 1.000000 1.000000 1.000000 0.032532 0.032532 0.032532
8374.0 1.000000 1.000000 1.000000 1.000000 1.000000 1.000000 1.000000 1.000000 1.000000 0.032472 0.032472 0.032472
8375.0 1.000000 1.000000 1.000000 1.000000 1.000000 1.000000 1.000000 1.000000 1.000000 0.032412 0.032412 0.032412
8376.0 1.000000 1.000000 1.000000 1.000000 1.000000 1.000000 1.000000 1.000000 1.000000 0.032353 0.032353 0.032353
8377.0 1.000000 1.000000 1.000000 1.000000 1.000000 1.000000 1.000000 1.000000 1.000000 0.032293 0.032293 0.032293
8378.0 1.000000 1.000000 1.000000 1.000000 1.000000 1.000000 1.000000 1.000000 1.000000 0.032234 0.032234 0.032234
8379.0 1.000000 1.000000 1.000000 1.000000 1.000000 1.000000 1.000000 1.000000 1.000000 0.032174 0.032174 0.032174
8380.0 1.000000 1.000000 1.000000 1.000000 1.000000 1.000000 1.000000 1.000000 1.000000 0.032115 0.032115 0.032115
8381.0 1.000000 1.000000 1.000000 1.000000 1.000000 1.000000 1.000000 1.000000 1.000000 0.032056 0.032056 0.032056
8382.0 1.000000 1.000000 1.000000 1.000000 1.000000 1.000000 1.000000 1.000000 1.000000 0.031996 0.031996 0.031996
8383.0 1.000000 1.000000 1.000000 1.000000 1.000000 1.000000 1.000000 1.000000 1.000000 0.031937 0.031937 0.031937
8384.0 1.000000 1.000000 1.000000 1.000000 1.000000 1.000000 1.000000 1.000000 1.000000 0.031878 0.031878 0.031878
8385.0 1.000000 1.000000 1.000000 1.000000 1.000000 1.000000 1.000000 1.000000 1.000000 0.031819 0.031819 0.031819
8386.0 1.000000 1.000000 1.000000 1.000000 1.000000 1.000000 1.000000 1.000000 1.000000 0.031761 0.031761 0.031761
8387.0 1.000000 1.000000 1.000000 1.000000 1.000000 1.000000 1.000000 1.000000 1.000000 0.031702 0.031702 0.031702
8388.0 1.000000 1.000000 1.000000 1.000000 1.000000 1.000000 1.000000 1.000000 1.000000 0.031643 0.031643 0.031643
8389.0 1.000000 1.000000 1.000000 1.000000 1.000000 1.000000 1.000000 1.000000 1.000000 0.031585 0.031585 0.031585
8390.0 1.000000 1.000000 1.000000 1.000000 1.000000 1.000000 1.000000 1.000000 1.000000 0.031526 0.031526 0.031526
8391.0 1.000000 1.000000 1.000000 1.000000 1.000000 1.000000 1.000000 1.000000 1.000000 0.031468 0.031468 0.031468
8392.0 1.000000 1.000000 1.000000 1.000000 1.000000 1.000000 1.000000 1.000000 1.000000 0.031409 0.031409 0.031409
8393.0 1.000000 1.000000 1.000000 1.000000 1.000000 1.000000 1.000000 1.000000 1.000000 0.031351 0.031351 0.031351
8394.0 1.000000 1.000000 1.000000 1.000000 1.000000 1.000000 1.000000 1.000000 1.000000 0.031293 0.031293 0.031293
8395.0 1.000000 1.000000 1.000000 1.000000 1.000000 1.000000 1.000000 1.000000 1.000000 0.031235 0.031235 0.031235
8396.0 1.000000 1.000000 1.000000 1.000000 1.000000 1.000000 1.000000 1.000000 1.000000 0.031177 0.031177 0.031177
8397.0 1.000000 1.000000 1.000000 1.000000 1.000000 1.000000 1.000000 1.000000 1.000000 0.031119 0.031119 0.031119
8398.0 1.000000 1.000000 1.000000 1.000000 1.000000 1.000000 1.000000 1.000000 1.000000 0.031061 0.031061 0.031061
8399.0 1.000000 1.000000 1.000000 1.000000 1.000000 1.000000 1.000000 1.000000 1.000000 0.031003 0.031003 0.031003
8400.0 1.000000 1.000000 1.000000 1.000000 1.000000 1.000000 1.000000 1.000000 1.000000 0.030946 0.030946 0.030946
8401.0 1.000000 1.000000 1.000000 1.000000 1.000000 1.000000 1.000000 1.000000 1.000000 0.030888 0.030888 0.030888
8402.0 1.000000 1.000000 1.000000 1.000000 1.000000 1.000000 1.000000 1.000000 1.000000 0.030831 0.030831 0.030831
8403.0 1.000000 1.000000 1.000000 1.000000 1.000000 1.000000 1.000000 1.000000 1.000000 0.030773 0.030773 0.030773
8404.0 1.000000 1.000000 1.000000 1.000000 1.000000 1.000000 1.000000 1.000000 1.000000 0.030716 0.030716 0.030716
8405.0 1.000000 1.000000 1.000000 1.000000 1.000000 1.000000 1.000000 1.000000 1.000000 0.030659 0.030659 0.030659
8406.0 1.000000 1.000000 1.000000 1.000000 1.000000 1.000000 1.000000 1.000000 1.000000 0.030602 0.030602 0.030602
8407.0 1.000000 1.000000 1.000000 1.000000 1.000000 1.000000 1.000000 1.000000 1.000000 0.030544 0.030544 0.030544
8408.0 1.000000 1.000000 1.000000 1.000000 1.000000 1.000000 1.000000 1.000000 1.000000 0.030488 0.030488 0.030488
8409.0 1.000000 1.000000 1.000000 1.000000 1.000000 1.000000 1.000000 1.000000 1.000000 0.030431 0.030431 0.030431
8410.0 1.000000 1.000000 1.000000 1.000000 1.000000 1.000000 1.000000 1.000000 1.000000 0.030374 0.030374 0.030374
8411.0 1.000000 1.000000 1.000000 1.000000 1.000000 1.000000 1.000000 1.000000 1.000000 0.030317 0.030317 0.030317
8412.0 1.000000 1.000000 1.000000 1.000000 1.000000 1.000000 1.000000 1.000000 1.000000 0.030260 0.030260 0.030260
8413.0 1.000000 1.000000 1.000000 1.000000 1.000000 1.000000 1.000000 1.000000 1.000000 0.030204 0.030204 0.030204
8414.0 1.000000 1.000000 1.000000 1.000000 1.000000 1.000000 1.000000 1.000000 1.000000 0.030147 0.030147 0.030147
8415.0 1.000000 1.000000 1.000000 1.000000 1.000000 1.000000 1.000000 1.000000 1.000000 0.030091 0.030091 0.030091
8416.0 1.000000 1.000000 1.000000 1.000000 1.000000 1.000000 1.000000 1.000000 1.000000 0.030035 0.030035 0.030035
8417.0 1.000000 1.000000 1.000000 1.000000 1.000000 1.000000 1.000000 1.000000 1.000000 0.029978 0.029978 0.029978
8418.0 1.000000 1.000000 1.000000 1.000000 1.000000 1.000000 1.000000 1.000000 1.000000 0.029922 0.029922 0.029922
8419.0 1.000000 1.000000 1.000000 1.000000 1.000000 1.000000 1.000000 1.000000 1.000000 0.029866 0.029866 0.029866
8420.0 1.000000 1.000000 1.000000 1.000000 1.000000 1.000000 1.000000 1.000000 1.000000 0.029810 0.029810 0.029810
8421.0 1.000000 1.000000 1.000000 1.000000 1.000000 1.000000 1.000000 1.000000 1.000000 0.029754 0.029754 0.029754
8422.0 1.000000 1.000000 1.000000 1.000000 1.000000 1.000000 1.000000 1.000000 1.000000 0.029698 0.029698 0.029698
8423.0 1.000000 1.000000 1.000000 1.000000 1.000000 1.000000 1.000000 1.000000 1.000000 0.029642 0.029642 0.029642
8424.0 1.000000 1.000000 1.000000 1.000000 1.000000 1.000000 1.000000 1.000000 1.000000 0.029587 0.029587 0.029587
8425.0 1.000000 1.000000 1.000000 1.000000 1.000000 1.000000 1.000000 1.000000 1.000000 0.029531 0.029531 0.029531
8426.0 1.000000 1.000000 1.000000 1.000000 1.000000 1.000000 1.000000 1.000000 1.000000 0.029476 0.029476 0.029476
8427.0 1.000000 1.000000 1.000000 1.000000 1.000000 1.000000 1.000000 1.000000 1.000000 0.029420 0.029420 0.029420
8428.0 1.000000 1.000000 1.000000 1.000000 1.000000 1.000000 1.000000 1.000000 1.000000 0.029365 0.029365 0.029365
8429.0 1.000000 1.000000 1.000000 1.000000 1.000000 1.000000 1.000000 1.000000 1.000000 0.029310 0.029310 0.029310
8430.0 1.000000 1.000000 1.000000 1.000000 1.000000 1.000000 1.000000 1.000000 1.000000 0.029254 0.029254 0.029254
8431.0 1.000000 1.000000 1.000000 1.000000 1.000000 1.000000 1.000000 1.000000 1.000000 0.029199 0.029199 0.029199
8432.0 1.000000 1.000000 1.000000 1.000000 1.000000 1.000000 1.000000 1.000000 1.000000 0.029144 0.029144 0.029144
8433.0 1.000000 1.000000 1.000000 1.000000 1.000000 1.000000 1.000000 1.000000 1.000000 0.029089 0.029089 0.029089
8434.0 1.000000 1.000000 1.000000 1.000000 1.000000 1.000000 1.000000 1.000000 1.000000 0.029034 0.029034 0.029034
8435.0 1.000000 1.000000 1.000000 1.000000 1.000000 1.000000 1.000000 1.000000 1.000000 0.028980 0.028980 0.028980
8436.0 1.000000 1.000000 1.000000 1.000000 1.000000 1.000000 1.000000 1.000000 1.000000 0.028925 0.028925 0.028925
8437.0 1.000000 1.000000 1.000000 1.000000 1.000000 1.000000 1.000000 1.000000 1.000000 0.028870 0.028870 0.028870
8438.0 1.000000 1.000000 1.000000 1.000000 1.000000 1.000000 1.000000 1.000000 1.000000 0.028816 0.028816 0.028816
8439.0 1.000000 1.000000 1.000000 1.000000 1.000000 1.000000 1.000000 1.000000 1.000000 0.028761 0.028761 0.028761
8440.0 1.000000 1.000000 1.000000 1.000000 1.000000 1.000000 1.000000 1.000000 1.000000 0.028707 0.028707 0.028707
8441.0 1.000000 1.000000 1.000000 1.000000 1.000000 1.000000 1.000000 1.000000 1.000000 0.028653 0.028653 0.028653
8442.0 1.000000 1.000000 1.000000 1.000000 1.000000 1.000000 1.000000 1.000000 1.000000 0.028598 0.028598 0.028598
8443.0 1.000000 1.000000 1.000000 1.000000 1.000000 1.000000 1.000000 1.000000 1.000000 0.028544 0.028544 0.028544
8444.0 1.000000 1.000000 1.000000 1.000000 1.000000 1.000000 1.000000 1.000000 1.000000 0.028490 0.028490 0.028490
8445.0 1.000000 1.000000 1.000000 1.000000 1.000000 1.000000 1.000000 1.000000 1.000000 0.028436 0.028436 0.028436
8446.0 1.000000 1.000000 1.000000 1.000000 1.000000 1.000000 1.000000 1.000000 1.000000 0.028382 0.028382 0.028382
8447.0 1.000000 1.000000 1.000000 1.000000 1.000000 1.000000 1.000000 1.000000 1.000000 0.028328 0.028328 0.028328
8448.0 1.000000 1.000000 1.000000 1.000000 1.000000 1.000000 1.000000 1.000000 1.000000 0.028275 0.028275 0.028275
8449.0 1.000000 1.000000 1.000000 1.000000 1.000000 1.000000 1.000000 1.000000 1.000000 0.028221 0.028221 0.028221
8450.0 1.000000 1.000000 1.000000 1.000000 1.000000 1.000000 1.000000 1.000000 1.000000 0.028167 0.028167 0.028167
8451.0 1.000000 1.000000 1.000000 1.000000 1.000000 1.000000 1.000000 1.000000 1.000000 0.028114 0.028114 0.028114
8452.0 1.000000 1.000000 1.000000 1.000000 1.000000 1.000000 1.000000 1.000000 1.000000 0.028061 0.028061 0.028061
8453.0 1.000000 1.000000 1.000000 1.000000 1.000000 1.000000 1.000000 1.000000 1.000000 0.028007 0.028007 0.028007
8454.0 1.000000 1.000000 1.000000 1.000000 1.000000 1.000000 1.000000 1.000000 1.000000 0.027954 0.027954 0.027954
8455.0 1.000000 1.000000 1.000000 1.000000 1.000000 1.000000 1.000000 1.000000 1.000000 0.027901 0.027901 0.027901
8456.0 1.000000 1.000000 1.000000 1.000000 1.000000 1.000000 1.000000 1.000000 1.000000 0.027848 0.027848 0.027848
8457.0 1.000000 1.000000 1.000000 1.000000 1.000000 1.000000 1.000000 1.000000 1.000000 0.027795 0.027795 0.027795
8458.0 1.000000 1.000000 1.000000 1.000000 1.000000 1.000000 1.000000 1.000000 1.000000 0.027742 0.027742 0.027742
8459.0 1.000000 1.000000 1.000000 1.000000 1.000000 1.000000 1.000000 1.000000 1.000000 0.027689 0.027689 0.027689
8460.0 1.000000 1.000000 1.000000 1.000000 1.000000 1.000000 1.000000 1.000000 1.000000 0.027636 0.027636 0.027636
8461.0 1.000000 1.000000 1.000000 1.000000 1.000000 1.000000 1.000000 1.000000 1.000000 0.027583 0.027583 0.027583
8462.0 1.000000 1.000000 1.000000 1.000000 1.000000 1.000000 1.000000 1.000000 1.000000 0.027531 0.027531 0.027531
8463.0 1.000000 1.000000 1.000000 1.000000 1.000000 1.000000 1.000000 1.000000 1.000000 0.027478 0.027478 0.027478
8464.0 1.000000 1.000000 1.000000 1.000000 1.000000 1.000000 1.000000 1.000000 1.000000 0.027426 0.027426 0.027426
8465.0 1.000000 1.000000 1.000000 1.000000 1.000000 1.000000 1.000000 1.000000 1.000000 0.027373 0.027373 0.027373
8466.0 1.000000 1.000000 1.000000 1.000000 1.000000 1.000000 1.000000 1.000000 1.000000 0.027321 0.027321 0.027321
8467.0 1.000000 1.000000 1.000000 1.000000 1.000000 1.000000 1.000000 1.000000 1.000000 0.027269 0.027269 0.027269
8468.0 1.000000 1.000000 1.000000 1.000000 1.000000 1.000000 1.000000 1.000000 1.000000 0.027216 0.027216 0.027216
8469.0 1.000000 1.000000 1.000000 1.000000 1.000000 1.000000 1.000000 1.000000 1.000000 0.027164 0.027164 0.027164
8470.0 1.000000 1.000000 1.000000 1.000000 1.000000 1.000000 1.000000 1.000000 1.000000 0.027112 0.027112 0.027112
8471.0 1.000000 1.000000 1.000000 1.000000 1.000000 1.000000 1.000000 1.000000 1.000000 0.027060 0.027060 0.027060
8472.0 1.000000 1.000000 1.000000 1.000000 1.000000 1.000000 1.000000 1.000000 1.000000 0.027009 0.027009 0.027009
8473.0 1.000000 1.000000 1.000000 1.000000 1.000000 1.000000 1.000000 1.000000 1.000000 0.026957 0.026957 0.026957
8474.0 1.000000 1.000000 1.000000 1.000000 1.000000 1.000000 1.000000 1.000000 1.000000 0.026905 0.026905 0.026905
8475.0 1.000000 1.000000 1.000000 1.000000 1.000000 1.000000 1.000000 1.000000 1.000000 0.026854 0.026854 0.026854
8476.0 1.000000 1.000000 1.000000 1.000000 1.000000 1.000000 1.000000 1.000000 1.000000 0.026802 0.026802 0.026802
8477.0 1.000000 1.000000 1.000000 1.000000 1.000000 1.000000 1.000000 1.000000 1.000000 0.026751 0.026751 0.026751
8478.0 1.000000 1.000000 1.000000 1.000000 1.000000 1.000000 1.000000 1.000000 1.000000 0.026699 0.026699 0.026699
8479.0 1.000000 1.000000 1.000000 1.000000 1.000000 1.000000 1.000000 1.000000 1.000000 0.026648 0.026648 0.026648
8480.0 1.000000 1.000000 1.000000 1.000000 1.000000 1.000000 1.000000 1.000000 1.000000 0.026597 0.026597 0.026597
8481.0 1.000000 1.000000 1.000000 1.000000 1.000000 1.000000 1.000000 1.000000 1.000000 0.026545 0.026545 0.026545
8482.0 1.000000 1.000000 1.000000 1.000000 1.000000 1.000000 1.000000 1.000000 1.000000 0.026494 0.026494 0.026494
8483.0 1.000000 1.000000 1.000000 1.000000 1.000000 1.000000 1.000000 1.000000 1.000000 0.026443 0.026443 0.026443
8484.0 1.000000 1.000000 1.000000 1.000000 1.000000 1.000000 1.000000 1.000000 1.000000 0.026392 0.026392 0.026392
8485.0 1.000000 1.000000 1.000000 1.000000 1.000000 1.000000 1.000000 1.000000 1.000000 0.026342 0.026342 0.026342
8486.0 1.000000 1.000000 1.000000 1.000000 1.000000 1.000000 1.000000 1.000000 1.000000 0.026291 0.026291 0.026291
8487.0 1.000000 1.000000 1.000000 1.000000 1.000000 1.000000 1.000000 1.000000 1.000000 0.026240 0.026240 0.026240
8488.0 1.000000 1.000000 1.000000 1.000000 1.000000 1.000000 1.000000 1.000000 1.000000 0.026190 0.026190 0.026190
8489.0 1.000000 1.000000 1.000000 1.000000 1.000000 1.000000 1.000000 1.000000 1.000000 0.026139 0.026139 0.026139
8490.0 1.000000 1.000000 1.000000 1.000000 1.000000 1.000000 1.000000 1.000000 1.000000 0.026089 0.026089 0.026089
8491.0 1.000000 1.000000 1.000000 1.000000 1.000000 1.000000 1.000000 1.000000 1.000000 0.026038 0.026038 0.026038
8492.0 1.000000 1.000000 1.000000 1.000000 1.000000 1.000000 1.000000 1.000000 1.000000 0.025988 0.025988 0.025988
8493.0 1.000000 1.000000 1.000000 1.000000 1.000000 1.000000 1.000000 1.000000 1.000000 0.025938 0.025938 0.025938
8494.0 1.000000 1.000000 1.000000 1.000000 1.000000 1.000000 1.000000 1.000000 1.000000 0.025888 0.025888 0.025888
8495.0 1.000000 1.000000 1.000000 1.000000 1.000000 1.000000 1.000000 1.000000 1.000000 0.025837 0.025837 0.025837
8496.0 1.000000 1.000000 1.000000 1.000000 1.000000 1.000000 1.000000 1.000000 1.000000 0.025787 0.025787 0.025787
8497.0 1.000000 1.000000 1.000000 1.000000 1.000000 1.000000 1.000000 1.000000 1.000000 0.025738 0.025738 0.025738
8498.0 1.000000 1.000000 1.000000 1.000000 1.000000 1.000000 1.000000 1.000000 1.000000 0.025688 0.025688 0.025688
8499.0 1.000000 1.000000 1.000000 1.000000 1.000000 1.000000 1.000000 1.000000 1.000000 0.025638 0.025638 0.025638
8500.0 1.000000 1.000000 1.000000 1.000000 1.000000 1.000000 1.000000 1.000000 1.000000 0.025588 0.025588 0.025588
8501.0 1.000000 1.000000 1.000000 1.000000 1.000000 1.000000 1.000000 1.000000 1.000000 0.025539 0.025539 0.025539
8502.0 1.000000 1.000000 1.000000 1.000000 1.000000 1.000000 1.000000 1.000000 1.000000 0.025489 0.025489 0.025489
8503.0 1.000000 1.000000 1.000000 1.000000 1.000000 1.000000 1.000000 1.000000 1.000000 0.025440 0.025440 0.025440
8504.0 1.000000 1.000000 1.000000 1.000000 1.000000 1.000000 1.000000 1.000000 1.000000 0.025390 0.025390 0.025390
8505.0 1.000000 1.000000 1.000000 1.000000 1.000000 1.000000 1.000000 1.000000 1.000000 0.025341 0.025341 0.025341
8506.0 1.000000 1.000000 1.000000 1.000000 1.000000 1.000000 1.000000 1.000000 1.000000 0.025292 0.025292 0.025292
8507.0 1.000000 1.000000 1.000000 1.000000 1.000000 1.000000 1.000000 1.000000 1.000000 0.025242 0.025242 0.025242
8508.0 1.000000 1.000000 1.000000 1.000000 1.000000 1.000000 1.000000 1.000000 1.000000 0.025193 0.025193 0.025193
8509.0 1.000000 1.000000 1.000000 1.000000 1.000000 1.000000 1.000000 1.000000 1.000000 0.025144 0.025144 0.025144
8510.0 1.000000 1.000000 1.000000 1.000000 1.000000 1.000000 1.000000 1.000000 1.000000 1.000000 0.025095 0.025095
8511.0 1.000000 1.000000 1.000000 1.000000 1.000000 1.000000 1.000000 1.000000 1.000000 1.000000 0.025047 0.025047
8512.0 1.000000 1.000000 1.000000 1.000000 1.000000 1.000000 1.000000 1.000000 1.000000 1.000000 0.024998 0.024998
8513.0 1.000000 1.000000 1.000000 1.000000 1.000000 1.000000 1.000000 1.000000 1.000000 1.000000 0.024949 0.024949
8514.0 1.000000 1.000000 1.000000 1.000000 1.000000 1.000000 1.000000 1.000000 1.000000 1.000000 0.024900 0.024900
8515.0 1.000000 1.000000 1.000000 1.000000 1.000000 1.000000 1.000000 1.000000 1.000000 1.000000 0.024852 0.024852
8516.0 1.000000 1.000000 1.000000 1.000000 1.000000 1.000000 1.000000 1.000000 1.000000 1.000000 0.024803 0.024803
8517.0 1.000000 1.000000 1.000000 1.000000 1.000000 1.000000 1.000000 1.000000 1.000000 1.000000 0.024755 0.024755
8518.0 1.000000 1.000000 1.000000 1.000000 1.000000 1.000000 1.000000 1.000000 1.000000 1.000000 0.024707 0.024707
8519.0 1.000000 1.000000 1.000000 1.000000 1.000000 1.000000 1.000000 1.000000 1.000000 1.000000 0.024658 0.024658
8520.0 1.000000 1.000000 1.000000 1.000000 1.000000 1.000000 1.000000 1.000000 1.000000 1.000000 0.024610 0.024610
8521.0 1.000000 1.000000 1.000000 1.000000 1.000000 1.000000 1.000000 1.000000 1.000000 1.000000 0.024562 0.024562
8522.0 1.000000 1.000000 1.000000 1.000000 1.000000 1.000000 1.000000 1.000000 1.000000 1.000000 0.024514 0.024514
8523.0 1.000000 1.000000 1.000000 1.000000 1.000000 1.000000 1.000000 1.000000 1.000000 1.000000 0.024466 0.024466
8524.0 1.000000 1.000000 1.000000 1.000000 1.000000 1.000000 1.000000 1.000000 1.000000 1.000000 0.024418 0.024418
8525.0 1.000000 1.000000 1.000000 1.000000 1.000000 1.000000 1.000000 1.000000 1.000000 1.000000 0.024370 0.024370
8526.0 1.000000 1.000000 1.000000 1.000000 1.000000 1.000000 1.000000 1.000000 1.000000 1.000000 0.024323 0.024323
8527.0 1.000000 1.000000 1.000000 1.000000 1.000000 1.000000 1.000000 1.000000 1.000000 1.000000 0.024275 0.024275
8528.0 1.000000 1.000000 1.000000 1.000000 1.000000 1.000000 1.000000 1.000000 1.000000 1.000000 0.024227 0.024227
8529.0 1.000000 1.000000 1.000000 1.000000 1.000000 1.000000 1.000000 1.000000 1.000000 1.000000 0.024180 0.024180
8530.0 1.000000 1.000000 1.000000 1.000000 1.000000 1.000000 1.000000 1.000000 1.000000 1.000000 0.024132 0.024132
8531.0 1.000000 1.000000 1.000000 1.000000 1.000000 1.000000 1.000000 1.000000 1.000000 1.000000 0.024085 0.024085
8532.0 1.000000 1.000000 1.000000 1.000000 1.000000 1.000000 1.000000 1.000000 1.000000 1.000000 0.024038 0.024038
8533.0 1.000000 1.000000 1.000000 1.000000 1.000000 1.000000 1.000000 1.000000 1.000000 1.000000 0.023990 0.023990
8534.0 1.000000 1.000000 1.000000 1.000000 1.000000 1.000000 1.000000 1.000000 1.000000 1.000000 0.023943 0.023943
8535.0 1.000000 1.000000 1.000000 1.000000 1.000000 1.000000 1.000000 1.000000 1.000000 1.000000 0.023896 0.023896
8536.0 1.000000 1.000000 1.000000 1.000000 1.000000 1.000000 1.000000 1.000000 1.000000 1.000000 0.023849 0.023849
8537.0 1.000000 1.000000 1.000000 1.000000 1.000000 1.000000 1.000000 1.000000 1.000000 1.000000 0.023802 0.023802
8538.0 1.000000 1.000000 1.000000 1.000000 1.000000 1.000000 1.000000 1.000000 1.000000 1.000000 0.023755 0.023755
8539.0 1.000000 1.000000 1.000000 1.000000 1.000000 1.000000 1.000000 1.000000 1.000000 1.000000 0.023709 0.023709
8540.0 1.000000 1.000000 1.000000 1.000000 1.000000 1.000000 1.000000 1.000000 1.000000 1.000000 0.023662 0.023662
8541.0 1.000000 1.000000 1.000000 1.000000 1.000000 1.000000 1.000000 1.000000 1.000000 1.000000 0.023615 0.023615
8542.0 1.000000 1.000000 1.000000 1.000000 1.000000 1.000000 1.000000 1.000000 1.000000 1.000000 0.023569 0.023569
8543.0 1.000000 1.000000 1.000000 1.000000 1.000000 1.000000 1.000000 1.000000 1.000000 1.000000 0.023522 0.023522
8544.0 1.000000 1.000000 1.000000 1.000000 1.000000 1.000000 1.000000 1.000000 1.000000 1.000000 0.023476 0.023476
8545.0 1.000000 1.000000 1.000000 1.000000 1.000000 1.000000 1.000000 1.000000 1.000000 1.000000 0.023429 0.023429
8546.0 1.000000 1.000000 1.000000 1.000000 1.000000 1.000000 1.000000 1.000000 1.000000 1.000000 0.023383 0.023383
8547.0 1.000000 1.000000 1.000000 1.000000 1.000000 1.000000 1.000000 1.000000 1.000000 1.000000 0.023337 0.023337
8548.0 1.000000 1.000000 1.000000 1.000000 1.000000 1.000000 1.000000 1.000000 1.000000 1.000000 0.023291 0.023291
8549.0 1.000000 1.000000 1.000000 1.000000 1.000000 1.000000 1.000000 1.000000 1.000000 1.000000 0.023245 0.023245
8550.0 1.000000 1.000000 1.000000 1.000000 1.000000 1.000000 1.000000 1.000000 1.000000 1.000000 0.023199 0.023199
8551.0 1.000000 1.000000 1.000000 1.000000 1.000000 1.000000 1.000000 1.000000 1.000000 1.000000 0.023153 0.023153
8552.0 1.000000 1.000000 1.000000 1.000000 1.000000 1.000000 1.000000 1.000000 1.000000 1.000000 0.023107 0.023107
8553.0 1.000000 1.000000 1.000000 1.000000 1.000000 1.000000 1.000000 1.000000 1.000000 1.000000 0.023061 0.023061
8554.0 1.000000 1.000000 1.000000 1.000000 1.000000 1.000000 1.000000 1.000000 1.000000 1.000000 0.023015 0.023015
8555.0 1.000000 1.000000 1.000000 1.000000 1.000000 1.000000 1.000000 1.000000 1.000000 1.000000 0.022970 0.022970
8556.0 1.000000 1.000000 1.000000 1.000000 1.000000 1.000000 1.000000 1.000000 1.000000 1.000000 0.022924 0.022924
8557.0 1.000000 1.000000 1.000000 1.000000 1.000000 1.000000 1.000000 1.000000 1.000000 1.000000 0.022879 0.022879
8558.0 1.000000 1.000000 1.000000 1.000000 1.000000 1.000000 1.000000 1.000000 1.000000 1.000000 0.022833 0.022833
8559.0 1.000000 1.000000 1.000000 1.000000 1.000000 1.000000 1.000000 1.000000 1.000000 1.000000 0.022788 0.022788
8560.0 1.000000 1.000000 1.000000 1.000000 1.000000 1.000000 1.000000 1.000000 1.000000 1.000000 0.022743 0.022743
8561.0 1.000000 1.000000 1.000000 1.000000 1.000000 1.000000 1.000000 1.000000 1.000000 1.000000 0.022698 0.022698
8562.0 1.000000 1.000000 1.000000 1.000000 1.000000 1.000000 1.000000 1.000000 1.000000 1.000000 0.022652 0.022652
8563.0 1.000000 1.000000 1.000000 1.000000 1.000000 1.000000 1.000000 1.000000 1.000000 1.000000 0.022607 0.022607
8564.0 1.000000 1.000000 1.000000 1.000000 1.000000 1.000000 1.000000 1.000000 1.000000 1.000000 0.022562 0.022562
8565.0 1.000000 1.000000 1.000000 1.000000 1.000000 1.000000 1.000000 1.000000 1.000000 1.000000 0.022517 0.022517
8566.0 1.000000 1.000000 1.000000 1.000000 1.000000 1.000000 1.000000 1.000000 1.000000 1.000000 0.022473 0.022473
8567.0 1.000000 1.000000 1.000000 1.000000 1.000000 1.000000 1.000000 1.000000 1.000000 1.000000 0.022428 0.022428
8568.0 1.000000 1.000000 1.000000 1.000000 1.000000 1.000000 1.000000 1.000000 1.000000 1.000000 0.022383 0.022383
8569.0 1.000000 1.000000 1.000000 1.000000 1.000000 1.000000 1.000000 1.000000 1.000000 1.000000 0.022339 0.022339
8570.0 1.000000 1.000000 1.000000 1.000000 1.000000 1.000000 1.000000 1.000000 1.000000 1.000000 0.022294 0.022294
8571.0 1.000000 1.000000 1.000000 1.000000 1.000000 1.000000 1.000000 1.000000 1.000000 1.000000 0.022249 0.022249
8572.0 1.000000 1.000000 1.000000 1.000000 1.000000 1.000000 1.000000 1.000000 1.000000 1.000000 0.022205 0.022205
8573.0 1.000000 1.000000 1.000000 1.000000 1.000000 1.000000 1.000000 1.000000 1.000000 1.000000 0.022161 0.022161
8574.0 1.000000 1.000000 1.000000 1.000000 1.000000 1.000000 1.000000 1.000000 1.000000 1.000000 0.022116 0.022116
8575.0 1.000000 1.000000 1.000000 1.000000 1.000000 1.000000 1.000000 1.000000 1.000000 1.000000 0.022072 0.022072
8576.0 1.000000 1.000000 1.000000 1.000000 1.000000 1.000000 1.000000 1.000000 1.000000 1.000000 0.022028 0.022028
8577.0 1.000000 1.000000 1.000000 1.000000 1.000000 1.000000 1.000000 1.000000 1.000000 1.000000 0.021984 0.021984
8578.0 1.000000 1.000000 1.000000 1.000000 1.000000 1.000000 1.000000 1.000000 1.000000 1.000000 0.021940 0.021940
8579.0 1.000000 1.000000 1.000000 1.000000 1.000000 1.000000 1.000000 1.000000 1.000000 1.000000 0.021896 0.021896
8580.0 1.000000 1.000000 1.000000 1.000000 1.000000 1.000000 1.000000 1.000000 1.000000 1.000000 0.021852 0.021852
8581.0 1.000000 1.000000 1.000000 1.000000 1.000000 1.000000 1.000000 1.000000 1.000000 1.000000 0.021808 0.021808
8582.0 1.000000 1.000000 1.000000 1.000000 1.000000 1.000000 1.000000 1.000000 1.000000 1.000000 0.021765 0.021765
8583.0 1.000000 1.000000 1.000000 1.000000 1.000000 1.000000 1.000000 1.000000 1.000000 1.000000 0.021721 0.021721
8584.0 1.000000 1.000000 1.000000 1.000000 1.000000 1.000000 1.000000 1.000000 1.000000 1.000000 0.021678 0.021678
8585.0 1.000000 1.000000 1.000000 1.000000 1.000000 1.000000 1.000000 1.000000 1.000000 1.000000 0.021634 0.021634
8586.0 1.000000 1.000000 1.000000 1.000000 1.000000 1.000000 1.000000 1.000000 1.000000 1.000000 0.021591 0.021591
8587.0 1.000000 1.000000 1.000000 1.000000 1.000000 1.000000 1.000000 1.000000 1.000000 1.000000 0.021547 0.021547
8588.0 1.000000 1.000000 1.000000 1.000000 1.000000 1.000000 1.000000 1.000000 1.000000 1.000000 0.021504 0.021504
8589.0 1.000000 1.000000 1.000000 1.000000 1.000000 1.000000 1.000000 1.000000 1.000000 1.000000 0.021461 0.021461
8590.0 1.000000 1.000000 1.000000 1.000000 1.000000 1.000000 1.000000 1.000000 1.000000 1.000000 0.021418 0.021418
8591.0 1.000000 1.000000 1.000000 1.000000 1.000000 1.000000 1.000000 1.000000 1.000000 1.000000 0.021374 0.021374
8592.0 1.000000 1.000000 1.000000 1.000000 1.000000 1.000000 1.000000 1.000000 1.000000 1.000000 0.021331 0.021331
8593.0 1.000000 1.000000 1.000000 1.000000 1.000000 1.000000 1.000000 1.000000 1.000000 1.000000 0.021288 0.021288
8594.0 1.000000 1.000000 1.000000 1.000000 1.000000 1.000000 1.000000 1.000000 1.000000 1.000000 0.021246 0.021246
8595.0 1.000000 1.000000 1.000000 1.000000 1.000000 1.000000 1.000000 1.000000 1.000000 1.000000 0.021203 0.021203
8596.0 1.000000 1.000000 1.000000 1.000000 1.000000 1.000000 1.000000 1.000000 1.000000 1.000000 0.021160 0.021160
8597.0 1.000000 1.000000 1.000000 1.000000 1.000000 1.000000 1.000000 1.000000 1.000000 1.000000 0.021117 0.021117
8598.0 1.000000 1.000000 1.000000 1.000000 1.000000 1.000000 1.000000 1.000000 1.000000 1.000000 0.021075 0.021075
8599.0 1.000000 1.000000 1.000000 1.000000 1.000000 1.000000 1.000000 1.000000 1.000000 1.000000 0.021032 0.021032
8600.0 1.000000 1.000000 1.000000 1.000000 1.000000 1.000000 1.000000 1.000000 1.000000 1.000000 0.020990 0.020990
8601.0 1.000000 1.000000 1.000000 1.000000 1.000000 1.000000 1.000000 1.000000 1.000000 1.000000 0.020947 0.020947
8602.0 1.000000 1.000000 1.000000 1.000000 1.000000 1.000000 1.000000 1.000000 1.000000 1.000000 0.020905 0.020905
8603.0 1.000000 1.000000 1.000000 1.000000 1.000000 1.000000 1.000000 1.000000 1.000000 1.000000 0.020863 0.020863
8604.0 1.000000 1.000000 1.000000 1.000000 1.000000 1.000000 1.000000 1.000000 1.000000 1.000000 0.020821 0.020821
8605.0 1.000000 1.000000 1.000000 1.000000 1.000000 1.000000 1.000000 1.000000 1.000000 1.000000 0.020778 0.020778
8606.0 1.000000 1.000000 1.000000 1.000000 1.000000 1.000000 1.000000 1.000000 1.000000 1.000000 0.020736 0.020736
8607.0 1.000000 1.000000 1.000000 1.000000 1.000000 1.000000 1.000000 1.000000 1.000000 1.000000 0.020694 0.020694
8608.0 1.000000 1.000000 1.000000 1.000000 1.000000 1.000000 1.000000 1.000000 1.000000 1.000000 0.020652 0.020652
8609.0 1.000000 1.000000 1.000000 1.000000 1.000000 1.000000 1.000000 1.000000 1.000000 1.000000 0.020611 0.020611
8610.0 1.000000 1.000000 1.000000 1.000000 1.000000 1.000000 1.000000 1.000000 1.000000 1.000000 0.020569 0.020569
8611.0 1.000000 1.000000 1.000000 1.000000 1.000000 1.000000 1.000000 1.000000 1.000000 1.000000 0.020527 0.020527
8612.0 1.000000 1.000000 1.000000 1.000000 1.000000 1.000000 1.000000 1.000000 1.000000 1.000000 0.020485 0.020485
8613.0 1.000000 1.000000 1.000000 1.000000 1.000000 1.000000 1.000000 1.000000 1.000000 1.000000 0.020444 0.020444
8614.0 1.000000 1.000000 1.000000 1.000000 1.000000 1.000000 1.000000 1.000000 1.000000 1.000000 0.020402 0.020402
8615.0 1.000000 1.000000 1.000000 1.000000 1.000000 1.000000 1.000000 1.000000 1.000000 1.000000 0.020361 0.020361
8616.0 1.000000 1.000000 1.000000 1.000000 1.000000 1.000000 1.000000 1.000000 1.000000 1.000000 0.020319 0.020319
8617.0 1.000000 1.000000 1.000000 1.000000 1.000000 1.000000 1.000000 1.000000 1.000000 1.000000 0.020278 0.020278
8618.0 1.000000 1.000000 1.000000 1.000000 1.000000 1.000000 1.000000 1.000000 1.000000 1.000000 0.020237 0.020237
8619.0 1.000000 1.000000 1.000000 1.000000 1.000000 1.000000 1.000000 1.000000 1.000000 1.000000 0.020196 0.020196
8620.0 1.000000 1.000000 1.000000 1.000000 1.000000 1.000000 1.000000 1.000000 1.000000 1.000000 0.020155 0.020155
8621.0 1.000000 1.000000 1.000000 1.000000 1.000000 1.000000 1.000000 1.000000 1.000000 1.000000 0.020114 0.020114
8622.0 1.000000 1.000000 1.000000 1.000000 1.000000 1.000000 1.000000 1.000000 1.000000 1.000000 0.020073 0.020073
8623.0 1.000000 1.000000 1.000000 1.000000 1.000000 1.000000 1.000000 1.000000 1.000000 1.000000 0.020032 0.020032
8624.0 1.000000 1.000000 1.000000 1.000000 1.000000 1.000000 1.000000 1.000000 1.000000 1.000000 0.019991 0.019991
8625.0 1.000000 1.000000 1.000000 1.000000 1.000000 1.000000 1.000000 1.000000 1.000000 1.000000 0.019950 0.019950
8626.0 1.000000 1.000000 1.000000 1.000000 1.000000 1.000000 1.000000 1.000000 1.000000 1.000000 0.019909 0.019909
8627.0 1.000000 1.000000 1.000000 1.000000 1.000000 1.000000 1.000000 1.000000 1.000000 1.000000 0.019869 0.019869
8628.0 1.000000 1.000000 1.000000 1.000000 1.000000 1.000000 1.000000 1.000000 1.000000 1.000000 0.019828 0.019828
8629.0 1.000000 1.000000 1.000000 1.000000 1.000000 1.000000 1.000000 1.000000 1.000000 1.000000 0.019788 0.019788
8630.0 1.000000 1.000000 1.000000 1.000000 1.000000 1.000000 1.000000 1.000000 1.000000 1.000000 0.019747 0.019747
8631.0 1.000000 1.000000 1.000000 1.000000 1.000000 1.000000 1.000000 1.000000 1.000000 1.000000 0.019707 0.019707
8632.0 1.000000 1.000000 1.000000 1.000000 1.000000 1.000000 1.000000 1.000000 1.000000 1.000000 0.019667 0.019667
8633.0 1.000000 1.000000 1.000000 1.000000 1.000000 1.000000 1.000000 1.000000 1.000000 1.000000 0.019626 0.019626
8634.0 1.000000 1.000000 1.000000 1.000000 1.000000 1.000000 1.000000 1.000000 1.000000 1.000000 0.019586 0.019586
8635.0 1.000000 1.000000 1.000000 1.000000 1.000000 1.000000 1.000000 1.000000 1.000000 1.000000 0.019546 0.019546
8636.0 1.000000 1.000000 1.000000 1.000000 1.000000 1.000000 1.000000 1.000000 1.000000 1.000000 0.019506 0.019506
8637.0 1.000000 1.000000 1.000000 1.000000 1.000000 1.000000 1.000000 1.000000 1.000000 1.000000 0.019466 0.019466
8638.0 1.000000 1.000000 1.000000 1.000000 1.000000 1.000000 1.000000 1.000000 1.000000 1.000000 0.019426 0.019426
8639.0 1.000000 1.000000 1.000000 1.000000 1.000000 1.000000 1.000000 1.000000 1.000000 1.000000 0.019386 0.019386
8640.0 1.000000 1.000000 1.000000 1.000000 1.000000 1.000000 1.000000 1.000000 1.000000 1.000000 0.019346 0.019346
8641.0 1.000000 1.000000 1.000000 1.000000 1.000000 1.000000 1.000000 1.000000 1.000000 1.000000 0.019307 0.019307
8642.0 1.000000 1.000000 1.000000 1.000000 1.000000 1.000000 1.000000 1.000000 1.000000 1.000000 0.019267 0.019267
8643.0 1.000000 1.000000 1.000000 1.000000 1.000000 1.000000 1.000000 1.000000 1.000000 1.000000 0.019227 0.019227
8644.0 1.000000 1.000000 1.000000 1.000000 1.000000 1.000000 1.000000 1.000000 1.000000 1.000000 0.019188 0.019188
8645.0 1.000000 1.000000 1.000000 1.000000 1.000000 1.000000 1.000000 1.000000 1.000000 1.000000 0.019148 0.019148
8646.0 1.000000 1.000000 1.000000 1.000000 1.000000 1.000000 1.000000 1.000000 1.000000 1.000000 0.019109 0.019109
8647.0 1.000000 1.000000 1.000000 1.000000 1.000000 1.000000 1.000000 1.000000 1.000000 1.000000 0.019070 0.019070
8648.0 1.000000 1.000000 1.000000 1.000000 1.000000 1.000000 1.000000 1.000000 1.000000 1.000000 0.019030 0.019030
8649.0 1.000000 1.000000 1.000000 1.000000 1.000000 1.000000 1.000000 1.000000 1.000000 1.000000 0.018991 0.018991
8650.0 1.000000 1.000000 1.000000 1.000000 1.000000 1.000000 1.000000 1.000000 1.000000 1.000000 0.018952 0.018952
8651.0 1.000000 1.000000 1.000000 1.000000 1.000000 1.000000 1.000000 1.000000 1.000000 1.000000 0.018913 0.018913
8652.0 1.000000 1.000000 1.000000 1.000000 1.000000 1.000000 1.000000 1.000000 1.000000 1.000000 0.018874 0.018874
8653.0 1.000000 1.000000 1.000000 1.000000 1.000000 1.000000 1.000000 1.000000 1.000000 1.000000 0.018835 0.018835
8654.0 1.000000 1.000000 1.000000 1.000000 1.000000 1.000000 1.000000 1.000000 1.000000 1.000000 0.018796 0.018796
8655.0 1.000000 1.000000 1.000000 1.000000 1.000000 1.000000 1.000000 1.000000 1.000000 1.000000 0.018757 0.018757
8656.0 1.000000 1.000000 1.000000 1.000000 1.000000 1.000000 1.000000 1.000000 1.000000 1.000000 0.018719 0.018719
8657.0 1.000000 1.000000 1.000000 1.000000 1.000000 1.000000 1.000000 1.000000 1.000000 1.000000 0.018680 0.018680
8658.0 1.000000 1.000000 1.000000 1.000000 1.000000 1.000000 1.000000 1.000000 1.000000 1.000000 0.018641 0.018641
8659.0 1.000000 1.000000 1.000000 1.000000 1.000000 1.000000 1.000000 1.000000 1.000000 1.000000 0.018603 0.018603
8660.0 1.000000 1.000000 1.000000 1.000000 1.000000 1.000000 1.000000 1.000000 1.000000 1.000000 0.018564 0.018564
8661.0 1.000000 1.000000 1.000000 1.000000 1.000000 1.000000 1.000000 1.000000 1.000000 1.000000 0.018526 0.018526
8662.0 1.000000 1.000000 1.000000 1.000000 1.000000 1.000000 1.000000 1.000000 1.000000 1.000000 0.018488 0.018488
8663.0 1.000000 1.000000 1.000000 1.000000 1.000000 1.000000 1.000000 1.000000 1.000000 1.000000 0.018449 0.018449
8664.0 1.000000 1.000000 1.000000 1.000000 1.000000 1.000000 1.000000 1.000000 1.000000 1.000000 0.018411 0.018411
8665.0 1.000000 1.000000 1.000000 1.000000 1.000000 1.000000 1.000000 1.000000 1.000000 1.000000 0.018373 0.018373
8666.0 1.000000 1.000000 1.000000 1.000000 1.000000 1.000000 1.000000 1.000000 1.000000 1.000000 0.018335 0.018335
8667.0 1.000000 1.000000 1.000000 1.000000 1.000000 1.000000 1.000000 1.000000 1.000000 1.000000 0.018297 0.018297
8668.0 1.000000 1.000000 1.000000 1.000000 1.000000 1.000000 1.000000 1.000000 1.000000 1.000000 0.018259 0.018259
8669.0 1.000000 1.000000 1.000000 1.000000 1.000000 1.000000 1.000000 1.000000 1.000000 1.000000 0.018221 0.018221
8670.0 1.000000 1.000000 1.000000 1.000000 1.000000 1.000000 1.000000 1.000000 1.000000 1.000000 0.018183 0.018183
8671.0 1.000000 1.000000 1.000000 1.000000 1.000000 1.000000 1.000000 1.000000 1.000000 1.000000 0.018145 0.018145
8672.0 1.000000 1.000000 1.000000 1.000000 1.000000 1.000000 1.000000 1.000000 1.000000 1.000000 0.018107 0.018107
8673.0 1.000000 1.000000 1.000000 1.000000 1.000000 1.000000 1.000000 1.000000 1.000000 1.000000 0.018070 0.018070
8674.0 1.000000 1.000000 1.000000 1.000000 1.000000 1.000000 1.000000 1.000000 1.000000 1.000000 0.018032 0.018032
8675.0 1.000000 1.000000 1.000000 1.000000 1.000000 1.000000 1.000000 1.000000 1.000000 1.000000 0.017995 0.017995
8676.0 1.000000 1.000000 1.000000 1.000000 1.000000 1.000000 1.000000 1.000000 1.000000 1.000000 0.017957 0.017957
8677.0 1.000000 1.000000 1.000000 1.000000 1.000000 1.000000 1.000000 1.000000 1.000000 1.000000 0.017920 0.017920
8678.0 1.000000 1.000000 1.000000 1.000000 1.000000 1.000000 1.000000 1.000000 1.000000 1.000000 0.017882 0.017882
8679.0 1.000000 1.000000 1.000000 1.000000 1.000000 1.000000 1.000000 1.000000 1.000000 1.000000 0.017845 0.017845
8680.0 1.000000 1.000000 1.000000 1.000000 1.000000 1.000000 1.000000 1.000000 1.000000 1.000000 0.017808 0.017808
8681.0 1.000000 1.000000 1.000000 1.000000 1.000000 1.000000 1.000000 1.000000 1.000000 1.000000 0.017771 0.017771
8682.0 1.000000 1.000000 1.000000 1.000000 1.000000 1.000000 1.000000 1.000000 1.000000 1.000000 0.017734 0.017734
8683.0 1.000000 1.000000 1.000000 1.000000 1.000000 1.000000 1.000000 1.000000 1.000000 1.000000 0.017697 0.017697
8684.0 1.000000 1.000000 1.000000 1.000000 1.000000 1.000000 1.000000 1.000000 1.000000 1.000000 0.017660 0.017660
8685.0 1.000000 1.000000 1.000000 1.000000 1.000000 1.000000 1.000000 1.000000 1.000000 1.000000 0.017623 0.017623
8686.0 1.000000 1.000000 1.000000 1.000000 1.000000 1.000000 1.000000 1.000000 1.000000 1.000000 0.017586 0.017586
8687.0 1.000000 1.000000 1.000000 1.000000 1.000000 1.000000 1.000000 1.000000 1.000000 1.000000 0.017549 0.017549
8688.0 1.000000 1.000000 1.000000 1.000000 1.000000 1.000000 1.000000 1.000000 1.000000 1.000000 0.017512 0.017512
8689.0 1.000000 1.000000 1.000000 1.000000 1.000000 1.000000 1.000000 1.000000 1.000000 1.000000 0.017476 0.017476
8690.0 1.000000 1.000000 1.000000 1.000000 1.000000 1.000000 1.000000 1.000000 1.000000 1.000000 0.017439 0.017439
8691.0 1.000000 1.000000 1.000000 1.000000 1.000000 1.000000 1.000000 1.000000 1.000000 1.000000 0.017403 0.017403
8692.0 1.000000 1.000000 1.000000 1.000000 1.000000 1.000000 1.000000 1.000000 1.000000 1.000000 0.017366 0.017366
8693.0 1.000000 1.000000 1.000000 1.000000 1.000000 1.000000 1.000000 1.000000 1.000000 1.000000 0.017330 0.017330
8694.0 1.000000 1.000000 1.000000 1.000000 1.000000 1.000000 1.000000 1.000000 1.000000 1.000000 0.017293 0.017293
8695.0 1.000000 1.000000 1.000000 1.000000 1.000000 1.000000 1.000000 1.000000 1.000000 1.000000 0.017257 0.017257
8696.0 1.000000 1.000000 1.000000 1.000000 1.000000 1.000000 1.000000 1.000000 1.000000 1.000000 0.017221 0.017221
8697.0 1.000000 1.000000 1.000000 1.000000 1.000000 1.000000 1.000000 1.000000 1.000000 1.000000 0.017185 0.017185
8698.0 1.000000 1.000000 1.000000 1.000000 1.000000 1.000000 1.000000 1.000000 1.000000 1.000000 0.017149 0.017149
8699.0 1.000000 1.000000 1.000000 1.000000 1.000000 1.000000 1.000000 1.000000 1.000000 1.000000 0.017113 0.017113
8700.0 1.000000 1.000000 1.000000 1.000000 1.000000 1.000000 1.000000 1.000000 1.000000 1.000000 0.017077 0.017077
8701.0 1.000000 1.000000 1.000000 1.000000 1.000000 1.000000 1.000000 1.000000 1.000000 1.000000 0.017041 0.017041
8702.0 1.000000 1.000000 1.000000 1.000000 1.000000 1.000000 1.000000 1.000000 1.000000 1.000000 0.017005 0.017005
8703.0 1.000000 1.000000 1.000000 1.000000 1.000000 1.000000 1.000000 1.000000 1.000000 1.000000 0.016969 0.016969
8704.0 1.000000 1.000000 1.000000 1.000000 1.000000 1.000000 1.000000 1.000000 1.000000 1.000000 0.016933 0.016933
8705.0 1.000000 1.000000 1.000000 1.000000 1.000000 1.000000 1.000000 1.000000 1.000000 1.000000 0.016898 0.016898
8706.0 1.000000 1.000000 1.000000 1.000000 1.000000 1.000000 1.000000 1.000000 1.000000 1.000000 0.016862 0.016862
8707.0 1.000000 1.000000 1.000000 1.000000 1.000000 1.000000 1.000000 1.000000 1.000000 1.000000 0.016826 0.016826
8708.0 1.000000 1.000000 1.000000 1.000000 1.000000 1.000000 1.000000 1.000000 1.000000 1.000000 0.016791 0.016791
8709.0 1.000000 1.000000 1.000000 1.000000 1.000000 1.000000 1.000000 1.000000 1.000000 1.000000 0.016756 0.016756
8710.0 1.000000 1.000000 1.000000 1.000000 1.000000 1.000000 1.000000 1.000000 1.000000 1.000000 0.016720 0.016720
8711.0 1.000000 1.000000 1.000000 1.000000 1.000000 1.000000 1.000000 1.000000 1.000000 1.000000 0.016685 0.016685
8712.0 1.000000 1.000000 1.000000 1.000000 1.000000 1.000000 1.000000 1.000000 1.000000 1.000000 0.016650 0.016650
8713.0 1.000000 1.000000 1.000000 1.000000 1.000000 1.000000 1.000000 1.000000 1.000000 1.000000 0.016614 0.016614
8714.0 1.000000 1.000000 1.000000 1.000000 1.000000 1.000000 1.000000 1.000000 1.000000 1.000000 0.016579 0.016579
8715.0 1.000000 1.000000 1.000000 1.000000 1.000000 1.000000 1.000000 1.000000 1.000000 1.000000 0.016544 0.016544
8716.0 1.000000 1.000000 1.000000 1.000000 1.000000 1.000000 1.000000 1.000000 1.000000 1.000000 0.016509 0.016509
8717.0 1.000000 1.000000 1.000000 1.000000 1.000000 1.000000 1.000000 1.000000 1.000000 1.000000 0.016474 0.016474
8718.0 1.000000 1.000000 1.000000 1.000000 1.000000 1.000000 1.000000 1.000000 1.000000 1.000000 0.016439 0.016439
8719.0 1.000000 1.000000 1.000000 1.000000 1.000000 1.000000 1.000000 1.000000 1.000000 1.000000 0.016405 0.016405
8720.0 1.000000 1.000000 1.000000 1.000000 1.000000 1.000000 1.000000 1.000000 1.000000 1.000000 0.016370 0.016370
8721.0 1.000000 1.000000 1.000000 1.000000 1.000000 1.000000 1.000000 1.000000 1.000000 1.000000 0.016335 0.016335
8722.0 1.000000 1.000000 1.000000 1.000000 1.000000 1.000000 1.000000 1.000000 1.000000 1.000000 0.016300 0.016300
8723.0 1.000000 1.000000 1.000000 1.000000 1.000000 1.000000 1.000000 1.000000 1.000000 1.000000 0.016266 0.016266
8724.0 1.000000 1.000000 1.000000 1.000000 1.000000 1.000000 1.000000 1.000000 1.000000 1.000000 0.016231 0.016231
8725.0 1.000000 1.000000 1.000000 1.000000 1.000000 1.000000 1.000000 1.000000 1.000000 1.000000 0.016197 0.016197
8726.0 1.000000 1.000000 1.000000 1.000000 1.000000 1.000000 1.000000 1.000000 1.000000 1.000000 0.016162 0.016162
8727.0 1.000000 1.000000 1.000000 1.000000 1.000000 1.000000 1.000000 1.000000 1.000000 1.000000 0.016128 0.016128
8728.0 1.000000 1.000000 1.000000 1.000000 1.000000 1.000000 1.000000 1.000000 1.000000 1.000000 0.016094 0.016094
8729.0 1.000000 1.000000 1.000000 1.000000 1.000000 1.000000 1.000000 1.000000 1.000000 1.000000 0.016060 0.016060
8730.0 1.000000 1.000000 1.000000 1.000000 1.000000 1.000000 1.000000 1.000000 1.000000 1.000000 0.016025 0.016025
8731.0 1.000000 1.000000 1.000000 1.000000 1.000000 1.000000 1.000000 1.000000 1.000000 1.000000 0.015991 0.015991
8732.0 1.000000 1.000000 1.000000 1.000000 1.000000 1.000000 1.000000 1.000000 1.000000 1.000000 0.015957 0.015957
8733.0 1.000000 1.000000 1.000000 1.000000 1.000000 1.000000 1.000000 1.000000 1.000000 1.000000 0.015923 0.015923
8734.0 1.000000 1.000000 1.000000 1.000000 1.000000 1.000000 1.000000 1.000000 1.000000 1.000000 0.015889 0.015889
8735.0 1.000000 1.000000 1.000000 1.000000 1.000000 1.000000 1.000000 1.000000 1.000000 1.000000 0.015855 0.015855
8736.0 1.000000 1.000000 1.000000 1.000000 1.000000 1.000000 1.000000 1.000000 1.000000 1.000000 0.015822 0.015822
8737.0 1.000000 1.000000 1.000000 1.000000 1.000000 1.000000 1.000000 1.000000 1.000000 1.000000 0.015788 0.015788
8738.0 1.000000 1.000000 1.000000 1.000000 1.000000 1.000000 1.000000 1.000000 1.000000 1.000000 0.015754 0.015754
8739.0 1.000000 1.000000 1.000000 1.000000 1.000000 1.000000 1.000000 1.000000 1.000000 1.000000 0.015720 0.015720
8740.0 1.000000 1.000000 1.000000 1.000000 1.000000 1.000000 1.000000 1.000000 1.000000 1.000000 0.015687 0.015687
8741.0 1.000000 1.000000 1.000000 1.000000 1.000000 1.000000 1.000000 1.000000 1.000000 1.000000 0.015653 0.015653
8742.0 1.000000 1.000000 1.000000 1.000000 1.000000 1.000000 1.000000 1.000000 1.000000 1.000000 0.015620 0.015620
8743.0 1.000000 1.000000 1.000000 1.000000 1.000000 1.000000 1.000000 1.000000 1.000000 1.000000 0.015586 0.015586
8744.0 1.000000 1.000000 1.000000 1.000000 1.000000 1.000000 1.000000 1.000000 1.000000 1.000000 0.015553 0.015553
8745.0 1.000000 1.000000 1.000000 1.000000 1.000000 1.000000 1.000000 1.000000 1.000000 1.000000 0.015520 0.015520
8746.0 1.000000 1.000000 1.000000 1.000000 1.000000 1.000000 1.000000 1.000000 1.000000 1.000000 0.015487 0.015487
8747.0 1.000000 1.000000 1.000000 1.000000 1.000000 1.000000 1.000000 1.000000 1.000000 1.000000 0.015453 0.015453
8748.0 1.000000 1.000000 1.000000 1.000000 1.000000 1.000000 1.000000 1.000000 1.000000 1.000000 0.015420 0.015420
8749.0 1.000000 1.000000 1.000000 1.000000 1.000000 1.000000 1.000000 1.000000 1.000000 1.000000 0.015387 0.015387
8750.0 1.000000 1.000000 1.000000 1.000000 1.000000 1.000000 1.000000 1.000000 1.000000 1.000000 0.015354 0.015354
8751.0 1.000000 1.000000 1.000000 1.000000 1.000000 1.000000 1.000000 1.000000 1.000000 1.000000 0.015321 0.015321
8752.0 1.000000 1.000000 1.000000 1.000000 1.000000 1.000000 1.000000 1.000000 1.000000 1.000000 0.015288 0.015288
8753.0 1.000000 1.000000 1.000000 1.000000 1.000000 1.000000 1.000000 1.000000 1.000000 1.000000 0.015255 0.015255
8754.0 1.000000 1.000000 1.000000 1.000000 1.000000 1.000000 1.000000 1.000000 1.000000 1.000000 0.015223 0.015223
8755.0 1.000000 1.000000 1.000000 1.000000 1.000000 1.000000 1.000000 1.000000 1.000000 1.000000 0.015190 0.015190
8756.0 1.000000 1.000000 1.000000 1.000000 1.000000 1.000000 1.000000 1.000000 1.000000 1.000000 0.015157 0.015157
8757.0 1.000000 1.000000 1.000000 1.000000 1.000000 1.000000 1.000000 1.000000 1.000000 1.000000 0.015125 0.015125
8758.0 1.000000 1.000000 1.000000 1.000000 1.000000 1.000000 1.000000 1.000000 1.000000 1.000000 0.015092 0.015092
8759.0 1.000000 1.000000 1.000000 1.000000 1.000000 1.000000 1.000000 1.000000 1.000000 1.000000 0.015060 0.015060
8760.0 1.000000 1.000000 1.000000 1.000000 1.000000 1.000000 1.000000 1.000000 1.000000 1.000000 0.015027 0.015027
8761.0 1.000000 1.000000 1.000000 1.000000 1.000000 1.000000 1.000000 1.000000 1.000000 1.000000 0.014995 0.014995
8762.0 1.000000 1.000000 1.000000 1.000000 1.000000 1.000000 1.000000 1.000000 1.000000 1.000000 0.014963 0.014963
8763.0 1.000000 1.000000 1.000000 1.000000 1.000000 1.000000 1.000000 1.000000 1.000000 1.000000 0.014930 0.014930
8764.0 1.000000 1.000000 1.000000 1.000000 1.000000 1.000000 1.000000 1.000000 1.000000 1.000000 0.014898 0.014898
8765.0 1.000000 1.000000 1.000000 1.000000 1.000000 1.000000 1.000000 1.000000 1.000000 1.000000 0.014866 0.014866
8766.0 1.000000 1.000000 1.000000 1.000000 1.000000 1.000000 1.000000 1.000000 1.000000 1.000000 0.014834 0.014834
8767.0 1.000000 1.000000 1.000000 1.000000 1.000000 1.000000 1.000000 1.000000 1.000000 1.000000 0.014802 0.014802
8768.0 1.000000 1.000000 1.000000 1.000000 1.000000 1.000000 1.000000 1.000000 1.000000 1.000000 0.014770 0.014770
8769.0 1.000000 1.000000 1.000000 1.000000 1.000000 1.000000 1.000000 1.000000 1.000000 1.000000 0.014738 0.014738
8770.0 1.000000 1.000000 1.000000 1.000000 1.000000 1.000000 1.000000 1.000000 1.000000 1.000000 0.014706 0.014706
8771.0 1.000000 1.000000 1.000000 1.000000 1.000000 1.000000 1.000000 1.000000 1.000000 1.000000 0.014674 0.014674
8772.0 1.000000 1.000000 1.000000 1.000000 1.000000 1.000000 1.000000 1.000000 1.000000 1.000000 0.014642 0.014642
8773.0 1.000000 1.000000 1.000000 1.000000 1.000000 1.000000 1.000000 1.000000 1.000000 1.000000 0.014611 0.014611
8774.0 1.000000 1.000000 1.000000 1.000000 1.000000 1.000000 1.000000 1.000000 1.000000 1.000000 0.014579 0.014579
8775.0 1.000000 1.000000 1.000000 1.000000 1.000000 1.000000 1.000000 1.000000 1.000000 1.000000 0.014548 0.014548
8776.0 1.000000 1.000000 1.000000 1.000000 1.000000 1.000000 1.000000 1.000000 1.000000 1.000000 0.014516 0.014516
8777.0 1.000000 1.000000 1.000000 1.000000 1.000000 1.000000 1.000000 1.000000 1.000000 1.000000 0.014485 0.014485
8778.0 1.000000 1.000000 1.000000 1.000000 1.000000 1.000000 1.000000 1.000000 1.000000 1.000000 0.014453 0.014453
8779.0 1.000000 1.000000 1.000000 1.000000 1.000000 1.000000 1.000000 1.000000 1.000000 1.000000 0.014422 0.014422
8780.0 1.000000 1.000000 1.000000 1.000000 1.000000 1.000000 1.000000 1.000000 1.000000 1.000000 0.014390 0.014390
8781.0 1.000000 1.000000 1.000000 1.000000 1.000000 1.000000 1.000000 1.000000 1.000000 1.000000 0.014359 0.014359
8782.0 1.000000 1.000000 1.000000 1.000000 1.000000 1.000000 1.000000 1.000000 1.000000 1.000000 0.014328 0.014328
8783.0 1.000000 1.000000 1.000000 1.000000 1.000000 1.000000 1.000000 1.000000 1.000000 1.000000 0.014297 0.014297
8784.0 1.000000 1.000000 1.000000 1.000000 1.000000 1.000000 1.000000 1.000000 1.000000 1.000000 0.014266 0.014266
8785.0 1.000000 1.000000 1.000000 1.000000 1.000000 1.000000 1.000000 1.000000 1.000000 1.000000 0.014235 0.014235
8786.0 1.000000 1.000000 1.000000 1.000000 1.000000 1.000000 1.000000 1.000000 1.000000 1.000000 0.014204 0.014204
8787.0 1.000000 1.000000 1.000000 1.000000 1.000000 1.000000 1.000000 1.000000 1.000000 1.000000 0.014173 0.014173
8788.0 1.000000 1.000000 1.000000 1.000000 1.000000 1.000000 1.000000 1.000000 1.000000 1.000000 0.014142 0.014142
8789.0 1.000000 1.000000 1.000000 1.000000 1.000000 1.000000 1.000000 1.000000 1.000000 1.000000 0.014111 0.014111
8790.0 1.000000 1.000000 1.000000 1.000000 1.000000 1.000000 1.000000 1.000000 1.000000 1.000000 0.014080 0.014080
8791.0 1.000000 1.000000 1.000000 1.000000 1.000000 1.000000 1.000000 1.000000 1.000000 1.000000 0.014050 0.014050
8792.0 1.000000 1.000000 1.000000 1.000000 1.000000 1.000000 1.000000 1.000000 1.000000 1.000000 0.014019 0.014019
8793.0 1.000000 1.000000 1.000000 1.000000 1.000000 1.000000 1.000000 1.000000 1.000000 1.000000 0.013988 0.013988
8794.0 1.000000 1.000000 1.000000 1.000000 1.000000 1.000000 1.000000 1.000000 1.000000 1.000000 0.013958 0.013958
8795.0 1.000000 1.000000 1.000000 1.000000 1.000000 1.000000 1.000000 1.000000 1.000000 1.000000 0.013927 0.013927
8796.0 1.000000 1.000000 1.000000 1.000000 1.000000 1.000000 1.000000 1.000000 1.000000 1.000000 0.013897 0.013897
8797.0 1.000000 1.000000 1.000000 1.000000 1.000000 1.000000 1.000000 1.000000 1.000000 1.000000 0.013867 0.013867
8798.0 1.000000 1.000000 1.000000 1.000000 1.000000 1.000000 1.000000 1.000000 1.000000 1.000000 0.013836 0.013836
8799.0 1.000000 1.000000 1.000000 1.000000 1.000000 1.000000 1.000000 1.000000 1.000000 1.000000 0.013806 0.013806
8800.0 1.000000 1.000000 1.000000 1.000000 1.000000 1.000000 1.000000 1.000000 1.000000 1.000000 0.013776 0.013776
8801.0 1.000000 1.000000 1.000000 1.000000 1.000000 1.000000 1.000000 1.000000 1.000000 1.000000 0.013746 0.013746
8802.0 1.000000 1.000000 1.000000 1.000000 1.000000 1.000000 1.000000 1.000000 1.000000 1.000000 0.013716 0.013716
8803.0 1.000000 1.000000 1.000000 1.000000 1.000000 1.000000 1.000000 1.000000 1.000000 1.000000 0.013685 0.013685
8804.0 1.000000 1.000000 1.000000 1.000000 1.000000 1.000000 1.000000 1.000000 1.000000 1.000000 0.013655 0.013655
8805.0 1.000000 1.000000 1.000000 1.000000 1.000000 1.000000 1.000000 1.000000 1.000000 1.000000 0.013626 0.013626
8806.0 1.000000 1.000000 1.000000 1.000000 1.000000 1.000000 1.000000 1.000000 1.000000 1.000000 0.013596 0.013596
8807.0 1.000000 1.000000 1.000000 1.000000 1.000000 1.000000 1.000000 1.000000 1.000000 1.000000 0.013566 0.013566
8808.0 1.000000 1.000000 1.000000 1.000000 1.000000 1.000000 1.000000 1.000000 1.000000 1.000000 0.013536 0.013536
8809.0 1.000000 1.000000 1.000000 1.000000 1.000000 1.000000 1.000000 1.000000 1.000000 1.000000 0.013506 0.013506
8810.0 1.000000 1.000000 1.000000 1.000000 1.000000 1.000000 1.000000 1.000000 1.000000 1.000000 0.013477 0.013477
8811.0 1.000000 1.000000 1.000000 1.000000 1.000000 1.000000 1.000000 1.000000 1.000000 1.000000 0.013447 0.013447
8812.0 1.000000 1.000000 1.000000 1.000000 1.000000 1.000000 1.000000 1.000000 1.000000 1.000000 0.013417 0.013417
8813.0 1.000000 1.000000 1.000000 1.000000 1.000000 1.000000 1.000000 1.000000 1.000000 1.000000 0.013388 0.013388
8814.0 1.000000 1.000000 1.000000 1.000000 1.000000 1.000000 1.000000 1.000000 1.000000 1.000000 0.013359 0.013359
8815.0 1.000000 1.000000 1.000000 1.000000 1.000000 1.000000 1.000000 1.000000 1.000000 1.000000 0.013329 0.013329
8816.0 1.000000 1.000000 1.000000 1.000000 1.000000 1.000000 1.000000 1.000000 1.000000 1.000000 0.013300 0.013300
8817.0 1.000000 1.000000 1.000000 1.000000 1.000000 1.000000 1.000000 1.000000 1.000000 1.000000 0.013270 0.013270
8818.0 1.000000 1.000000 1.000000 1.000000 1.000000 1.000000 1.000000 1.000000 1.000000 1.000000 0.013241 0.013241
8819.0 1.000000 1.000000 1.000000 1.000000 1.000000 1.000000 1.000000 1.000000 1.000000 1.000000 0.013212 0.013212
8820.0 1.000000 1.000000 1.000000 1.000000 1.000000 1.000000 1.000000 1.000000 1.000000 1.000000 0.013183 0.013183
8821.0 1.000000 1.000000 1.000000 1.000000 1.000000 1.000000 1.000000 1.000000 1.000000 1.000000 0.013154 0.013154
8822.0 1.000000 1.000000 1.000000 1.000000 1.000000 1.000000 1.000000 1.000000 1.000000 1.000000 0.013125 0.013125
8823.0 1.000000 1.000000 1.000000 1.000000 1.000000 1.000000 1.000000 1.000000 1.000000 1.000000 0.013096 0.013096
8824.0 1.000000 1.000000 1.000000 1.000000 1.000000 1.000000 1.000000 1.000000 1.000000 1.000000 0.013067 0.013067
8825.0 1.000000 1.000000 1.000000 1.000000 1.000000 1.000000 1.000000 1.000000 1.000000 1.000000 0.013038 0.013038
8826.0 1.000000 1.000000 1.000000 1.000000 1.000000 1.000000 1.000000 1.000000 1.000000 1.000000 0.013009 0.013009
8827.0 1.000000 1.000000 1.000000 1.000000 1.000000 1.000000 1.000000 1.000000 1.000000 1.000000 0.012980 0.012980
8828.0 1.000000 1.000000 1.000000 1.000000 1.000000 1.000000 1.000000 1.000000 1.000000 1.000000 0.012952 0.012952
8829.0 1.000000 1.000000 1.000000 1.000000 1.000000 1.000000 1.000000 1.000000 1.000000 1.000000 0.012923 0.012923
8830.0 1.000000 1.000000 1.000000 1.000000 1.000000 1.000000 1.000000 1.000000 1.000000 1.000000 0.012894 0.012894
8831.0 1.000000 1.000000 1.000000 1.000000 1.000000 1.000000 1.000000 1.000000 1.000000 1.000000 0.012866 0.012866
8832.0 1.000000 1.000000 1.000000 1.000000 1.000000 1.000000 1.000000 1.000000 1.000000 1.000000 0.012837 0.012837
8833.0 1.000000 1.000000 1.000000 1.000000 1.000000 1.000000 1.000000 1.000000 1.000000 1.000000 0.012809 0.012809
8834.0 1.000000 1.000000 1.000000 1.000000 1.000000 1.000000 1.000000 1.000000 1.000000 1.000000 0.012780 0.012780
8835.0 1.000000 1.000000 1.000000 1.000000 1.000000 1.000000 1.000000 1.000000 1.000000 1.000000 0.012752 0.012752
8836.0 1.000000 1.000000 1.000000 1.000000 1.000000 1.000000 1.000000 1.000000 1.000000 1.000000 0.012724 0.012724
8837.0 1.000000 1.000000 1.000000 1.000000 1.000000 1.000000 1.000000 1.000000 1.000000 1.000000 0.012695 0.012695
8838.0 1.000000 1.000000 1.000000 1.000000 1.000000 1.000000 1.000000 1.000000 1.000000 1.000000 0.012667 0.012667
8839.0 1.000000 1.000000 1.000000 1.000000 1.000000 1.000000 1.000000 1.000000 1.000000 1.000000 0.012639 0.012639
8840.0 1.000000 1.000000 1.000000 1.000000 1.000000 1.000000 1.000000 1.000000 1.000000 1.000000 0.012611 0.012611
8841.0 1.000000 1.000000 1.000000 1.000000 1.000000 1.000000 1.000000 1.000000 1.000000 1.000000 0.012583 0.012583
8842.0 1.000000 1.000000 1.000000 1.000000 1.000000 1.000000 1.000000 1.000000 1.000000 1.000000 0.012555 0.012555
8843.0 1.000000 1.000000 1.000000 1.000000 1.000000 1.000000 1.000000 1.000000 1.000000 1.000000 0.012527 0.012527
8844.0 1.000000 1.000000 1.000000 1.000000 1.000000 1.000000 1.000000 1.000000 1.000000 1.000000 0.012499 0.012499
8845.0 1.000000 1.000000 1.000000 1.000000 1.000000 1.000000 1.000000 1.000000 1.000000 1.000000 0.012471 0.012471
8846.0 1.000000 1.000000 1.000000 1.000000 1.000000 1.000000 1.000000 1.000000 1.000000 1.000000 0.012443 0.012443
8847.0 1.000000 1.000000 1.000000 1.000000 1.000000 1.000000 1.000000 1.000000 1.000000 1.000000 0.012416 0.012416
8848.0 1.000000 1.000000 1.000000 1.000000 1.000000 1.000000 1.000000 1.000000 1.000000 1.000000 0.012388 0.012388
8849.0 1.000000 1.000000 1.000000 1.000000 1.000000 1.000000 1.000000 1.000000 1.000000 1.000000 0.012360 0.012360
8850.0 1.000000 1.000000 1.000000 1.000000 1.000000 1.000000 1.000000 1.000000 1.000000 1.000000 0.012333 0.012333
8851.0 1.000000 1.000000 1.000000 1.000000 1.000000 1.000000 1.000000 1.000000 1.000000 1.000000 0.012305 0.012305
8852.0 1.000000 1.000000 1.000000 1.000000 1.000000 1.000000 1.000000 1.000000 1.000000 1.000000 0.012278 0.012278
8853.0 1.000000 1.000000 1.000000 1.000000 1.000000 1.000000 1.000000 1.000000 1.000000 1.000000 0.012250 0.012250
8854.0 1.000000 1.000000 1.000000 1.000000 1.000000 1.000000 1.000000 1.000000 1.000000 1.000000 0.012223 0.012223
8855.0 1.000000 1.000000 1.000000 1.000000 1.000000 1.000000 1.000000 1.000000 1.000000 1.000000 0.012196 0.012196
8856.0 1.000000 1.000000 1.000000 1.000000 1.000000 1.000000 1.000000 1.000000 1.000000 1.000000 0.012168 0.012168
8857.0 1.000000 1.000000 1.000000 1.000000 1.000000 1.000000 1.000000 1.000000 1.000000 1.000000 0.012141 0.012141
8858.0 1.000000 1.000000 1.000000 1.000000 1.000000 1.000000 1.000000 1.000000 1.000000 1.000000 0.012114 0.012114
8859.0 1.000000 1.000000 1.000000 1.000000 1.000000 1.000000 1.000000 1.000000 1.000000 1.000000 0.012087 0.012087
8860.0 1.000000 1.000000 1.000000 1.000000 1.000000 1.000000 1.000000 1.000000 1.000000 1.000000 0.012060 0.012060
8861.0 1.000000 1.000000 1.000000 1.000000 1.000000 1.000000 1.000000 1.000000 1.000000 1.000000 0.012033 0.012033
8862.0 1.000000 1.000000 1.000000 1.000000 1.000000 1.000000 1.000000 1.000000 1.000000 1.000000 0.012006 0.012006
8863.0 1.000000 1.000000 1.000000 1.000000 1.000000 1.000000 1.000000 1.000000 1.000000 1.000000 0.011979 0.011979
8864.0 1.000000 1.000000 1.000000 1.000000 1.000000 1.000000 1.000000 1.000000 1.000000 1.000000 0.011952 0.011952
8865.0 1.000000 1.000000 1.000000 1.000000 1.000000 1.000000 1.000000 1.000000 1.000000 1.000000 0.011925 0.011925
8866.0 1.000000 1.000000 1.000000 1.000000 1.000000 1.000000 1.000000 1.000000 1.000000 1.000000 0.011898 0.011898
8867.0 1.000000 1.000000 1.000000 1.000000 1.000000 1.000000 1.000000 1.000000 1.000000 1.000000 0.011871 0.011871
8868.0 1.000000 1.000000 1.000000 1.000000 1.000000 1.000000 1.000000 1.000000 1.000000 1.000000 0.011845 0.011845
8869.0 1.000000 1.000000 1.000000 1.000000 1.000000 1.000000 1.000000 1.000000 1.000000 1.000000 0.011818 0.011818
8870.0 1.000000 1.000000 1.000000 1.000000 1.000000 1.000000 1.000000 1.000000 1.000000 1.000000 0.011792 0.011792
8871.0 1.000000 1.000000 1.000000 1.000000 1.000000 1.000000 1.000000 1.000000 1.000000 1.000000 0.011765 0.011765
8872.0 1.000000 1.000000 1.000000 1.000000 1.000000 1.000000 1.000000 1.000000 1.000000 1.000000 0.011739 0.011739
8873.0 1.000000 1.000000 1.000000 1.000000 1.000000 1.000000 1.000000 1.000000 1.000000 1.000000 0.011712 0.011712
8874.0 1.000000 1.000000 1.000000 1.000000 1.000000 1.000000 1.000000 1.000000 1.000000 1.000000 0.011686 0.011686
8875.0 1.000000 1.000000 1.000000 1.000000 1.000000 1.000000 1.000000 1.000000 1.000000 1.000000 0.011659 0.011659
8876.0 1.000000 1.000000 1.000000 1.000000 1.000000 1.000000 1.000000 1.000000 1.000000 1.000000 0.011633 0.011633
8877.0 1.000000 1.000000 1.000000 1.000000 1.000000 1.000000 1.000000 1.000000 1.000000 1.000000 0.011607 0.011607
8878.0 1.000000 1.000000 1.000000 1.000000 1.000000 1.000000 1.000000 1.000000 1.000000 1.000000 0.011581 0.011581
8879.0 1.000000 1.000000 1.000000 1.000000 1.000000 1.000000 1.000000 1.000000 1.000000 1.000000 0.011555 0.011555
8880.0 1.000000 1.000000 1.000000 1.000000 1.000000 1.000000 1.000000 1.000000 1.000000 1.000000 0.011528 0.011528
8881.0 1.000000 1.000000 1.000000 1.000000 1.000000 1.000000 1.000000 1.000000 1.000000 1.000000 0.011502 0.011502
8882.0 1.000000 1.000000 1.000000 1.000000 1.000000 1.000000 1.000000 1.000000 1.000000 1.000000 0.011476 0.011476
8883.0 1.000000 1.000000 1.000000 1.000000 1.000000 1.000000 1.000000 1.000000 1.000000 1.000000 0.011450 0.011450
8884.0 1.000000 1.000000 1.000000 1.000000 1.000000 1.000000 1.000000 1.000000 1.000000 1.000000 0.011425 0.011425
8885.0 1.000000 1.000000 1.000000 1.000000 1.000000 1.000000 1.000000 1.000000 1.000000 1.000000 0.011399 0.011399
8886.0 1.000000 1.000000 1.000000 1.000000 1.000000 1.000000 1.000000 1.000000 1.000000 1.000000 0.011373 0.011373
8887.0 1.000000 1.000000 1.000000 1.000000 1.000000 1.000000 1.000000 1.000000 1.000000 1.000000 0.011347 0.011347
8888.0 1.000000 1.000000 1.000000 1.000000 1.000000 1.000000 1.000000 1.000000 1.000000 1.000000 0.011321 0.011321
8889.0 1.000000 1.000000 1.000000 1.000000 1.000000 1.000000 1.000000 1.000000 1.000000 1.000000 0.011296 0.011296
8890.0 1.000000 1.000000 1.000000 1.000000 1.000000 1.000000 1.000000 1.000000 1.000000 1.000000 0.011270 0.011270
8891.0 1.000000 1.000000 1.000000 1.000000 1.000000 1.000000 1.000000 1.000000 1.000000 1.000000 0.011245 0.011245
8892.0 1.000000 1.000000 1.000000 1.000000 1.000000 1.000000 1.000000 1.000000 1.000000 1.000000 0.011219 0.011219
8893.0 1.000000 1.000000 1.000000 1.000000 1.000000 1.000000 1.000000 1.000000 1.000000 1.000000 0.011194 0.011194
8894.0 1.000000 1.000000 1.000000 1.000000 1.000000 1.000000 1.000000 1.000000 1.000000 1.000000 0.011168 0.011168
8895.0 1.000000 1.000000 1.000000 1.000000 1.000000 1.000000 1.000000 1.000000 1.000000 1.000000 0.011143 0.011143
8896.0 1.000000 1.000000 1.000000 1.000000 1.000000 1.000000 1.000000 1.000000 1.000000 1.000000 0.011117 0.011117
8897.0 1.000000 1.000000 1.000000 1.000000 1.000000 1.000000 1.000000 1.000000 1.000000 1.000000 0.011092 0.011092
8898.0 1.000000 1.000000 1.000000 1.000000 1.000000 1.000000 1.000000 1.000000 1.000000 1.000000 0.011067 0.011067
8899.0 1.000000 1.000000 1.000000 1.000000 1.000000 1.000000 1.000000 1.000000 1.000000 1.000000 0.011042 0.011042
8900.0 1.000000 1.000000 1.000000 1.000000 1.000000 1.000000 1.000000 1.000000 1.000000 1.000000 0.011017 0.011017
8901.0 1.000000 1.000000 1.000000 1.000000 1.000000 1.000000 1.000000 1.000000 1.000000 1.000000 0.010992 0.010992
8902.0 1.000000 1.000000 1.000000 1.000000 1.000000 1.000000 1.000000 1.000000 1.000000 1.000000 0.010966 0.010966
8903.0 1.000000 1.000000 1.000000 1.000000 1.000000 1.000000 1.000000 1.000000 1.000000 1.000000 0.010941 0.010941
8904.0 1.000000 1.000000 1.000000 1.000000 1.000000 1.000000 1.000000 1.000000 1.000000 1.000000 0.010917 0.010917
8905.0 1.000000 1.000000 1.000000 1.000000 1.000000 1.000000 1.000000 1.000000 1.000000 1.000000 0.010892 0.010892
8906.0 1.000000 1.000000 1.000000 1.000000 1.000000 1.000000 1.000000 1.000000 1.000000 1.000000 0.010867 0.010867
8907.0 1.000000 1.000000 1.000000 1.000000 1.000000 1.000000 1.000000 1.000000 1.000000 1.000000 0.010842 0.010842
8908.0 1.000000 1.000000 1.000000 1.000000 1.000000 1.000000 1.000000 1.000000 1.000000 1.000000 0.010817 0.010817
8909.0 1.000000 1.000000 1.000000 1.000000 1.000000 1.000000 1.000000 1.000000 1.000000 1.000000 0.010793 0.010793
8910.0 1.000000 1.000000 1.000000 1.000000 1.000000 1.000000 1.000000 1.000000 1.000000 1.000000 0.010768 0.010768
8911.0 1.000000 1.000000 1.000000 1.000000 1.000000 1.000000 1.000000 1.000000 1.000000 1.000000 0.010743 0.010743
8912.0 1.000000 1.000000 1.000000 1.000000 1.000000 1.000000 1.000000 1.000000 1.000000 1.000000 0.010719 0.010719
8913.0 1.000000 1.000000 1.000000 1.000000 1.000000 1.000000 1.000000 1.000000 1.000000 1.000000 0.010694 0.010694
8914.0 1.000000 1.000000 1.000000 1.000000 1.000000 1.000000 1.000000 1.000000 1.000000 1.000000 0.010670 0.010670
8915.0 1.000000 1.000000 1.000000 1.000000 1.000000 1.000000 1.000000 1.000000 1.000000 1.000000 0.010645 0.010645
8916.0 1.000000 1.000000 1.000000 1.000000 1.000000 1.000000 1.000000 1.000000 1.000000 1.000000 0.010621 0.010621
8917.0 1.000000 1.000000 1.000000 1.000000 1.000000 1.000000 1.000000 1.000000 1.000000 1.000000 0.010596 0.010596
8918.0 1.000000 1.000000 1.000000 1.000000 1.000000 1.000000 1.000000 1.000000 1.000000 1.000000 0.010572 0.010572
8919.0 1.000000 1.000000 1.000000 1.000000 1.000000 1.000000 1.000000 1.000000 1.000000 1.000000 0.010548 0.010548
8920.0 1.000000 1.000000 1.000000 1.000000 1.000000 1.000000 1.000000 1.000000 1.000000 1.000000 0.010524 0.010524
8921.0 1.000000 1.000000 1.000000 1.000000 1.000000 1.000000 1.000000 1.000000 1.000000 1.000000 0.010500 0.010500
8922.0 1.000000 1.000000 1.000000 1.000000 1.000000 1.000000 1.000000 1.000000 1.000000 1.000000 0.010475 0.010475
8923.0 1.000000 1.000000 1.000000 1.000000 1.000000 1.000000 1.000000 1.000000 1.000000 1.000000 0.010451 0.010451
8924.0 1.000000 1.000000 1.000000 1.000000 1.000000 1.000000 1.000000 1.000000 1.000000 1.000000 0.010427 0.010427
8925.0 1.000000 1.000000 1.000000 1.000000 1.000000 1.000000 1.000000 1.000000 1.000000 1.000000 0.010403 0.010403
8926.0 1.000000 1.000000 1.000000 1.000000 1.000000 1.000000 1.000000 1.000000 1.000000 1.000000 0.010379 0.010379
8927.0 1.000000 1.000000 1.000000 1.000000 1.000000 1.000000 1.000000 1.000000 1.000000 1.000000 0.010356 0.010356
8928.0 1.000000 1.000000 1.000000 1.000000 1.000000 1.000000 1.000000 1.000000 1.000000 1.000000 0.010332 0.010332
8929.0 1.000000 1.000000 1.000000 1.000000 1.000000 1.000000 1.000000 1.000000 1.000000 1.000000 0.010308 0.010308
8930.0 1.000000 1.000000 1.000000 1.000000 1.000000 1.000000 1.000000 1.000000 1.000000 1.000000 0.010284 0.010284
8931.0 1.000000 1.000000 1.000000 1.000000 1.000000 1.000000 1.000000 1.000000 1.000000 1.000000 0.010261 0.010261
8932.0 1.000000 1.000000 1.000000 1.000000 1.000000 1.000000 1.000000 1.000000 1.000000 1.000000 0.010237 0.010237
8933.0 1.000000 1.000000 1.000000 1.000000 1.000000 1.000000 1.000000 1.000000 1.000000 1.000000 0.010213 0.010213
8934.0 1.000000 1.000000 1.000000 1.000000 1.000000 1.000000 1.000000 1.000000 1.000000 1.000000 0.010190 0.010190
8935.0 1.000000 1.000000 1.000000 1.000000 1.000000 1.000000 1.000000 1.000000 1.000000 1.000000 0.010166 0.010166
8936.0 1.000000 1.000000 1.000000 1.000000 1.000000 1.000000 1.000000 1.000000 1.000000 1.000000 0.010143 0.010143
8937.0 1.000000 1.000000 1.000000 1.000000 1.000000 1.000000 1.000000 1.000000 1.000000 1.000000 0.010119 0.010119
8938.0 1.000000 1.000000 1.000000 1.000000 1.000000 1.000000 1.000000 1.000000 1.000000 1.000000 0.010096 0.010096
8939.0 1.000000 1.000000 1.000000 1.000000 1.000000 1.000000 1.000000 1.000000 1.000000 1.000000 0.010073 0.010073
8940.0 1.000000 1.000000 1.000000 1.000000 1.000000 1.000000 1.000000 1.000000 1.000000 1.000000 0.010049 0.010049
8941.0 1.000000 1.000000 1.000000 1.000000 1.000000 1.000000 1.000000 1.000000 1.000000 1.000000 0.010026 0.010026
8942.0 1.000000 1.000000 1.000000 1.000000 1.000000 1.000000 1.000000 1.000000 1.000000 1.000000 0.010003 0.010003
8943.0 1.000000 1.000000 1.000000 1.000000 1.000000 1.000000 1.000000 1.000000 1.000000 1.000000 0.009980 0.009980
8944.0 1.000000 1.000000 1.000000 1.000000 1.000000 1.000000 1.000000 1.000000 1.000000 1.000000 0.009957 0.009957
8945.0 1.000000 1.000000 1.000000 1.000000 1.000000 1.000000 1.000000 1.000000 1.000000 1.000000 0.009934 0.009934
8946.0 1.000000 1.000000 1.000000 1.000000 1.000000 1.000000 1.000000 1.000000 1.000000 1.000000 0.009910 0.009910
8947.0 1.000000 1.000000 1.000000 1.000000 1.000000 1.000000 1.000000 1.000000 1.000000 1.000000 0.009888 0.009888
8948.0 1.000000 1.000000 1.000000 1.000000 1.000000 1.000000 1.000000 1.000000 1.000000 1.000000 0.009865 0.009865
8949.0 1.000000 1.000000 1.000000 1.000000 1.000000 1.000000 1.000000 1.000000 1.000000 1.000000 0.009842 0.009842
8950.0 1.000000 1.000000 1.000000 1.000000 1.000000 1.000000 1.000000 1.000000 1.000000 1.000000 0.009819 0.009819
8951.0 1.000000 1.000000 1.000000 1.000000 1.000000 1.000000 1.000000 1.000000 1.000000 1.000000 0.009796 0.009796
8952.0 1.000000 1.000000 1.000000 1.000000 1.000000 1.000000 1.000000 1.000000 1.000000 1.000000 0.009773 0.009773
8953.0 1.000000 1.000000 1.000000 1.000000 1.000000 1.000000 1.000000 1.000000 1.000000 1.000000 0.009751 0.009751
8954.0 1.000000 1.000000 1.000000 1.000000 1.000000 1.000000 1.000000 1.000000 1.000000 1.000000 0.009728 0.009728
8955.0 1.000000 1.000000 1.000000 1.000000 1.000000 1.000000 1.000000 1.000000 1.000000 1.000000 0.009705 0.009705
8956.0 1.000000 1.000000 1.000000 1.000000 1.000000 1.000000 1.000000 1.000000 1.000000 1.000000 0.009683 0.009683
8957.0 1.000000 1.000000 1.000000 1.000000 1.000000 1.000000 1.000000 1.000000 1.000000 1.000000 0.009660 0.009660
8958.0 1.000000 1.000000 1.000000 1.000000 1.000000 1.000000 1.000000 1.000000 1.000000 1.000000 0.009638 0.009638
8959.0 1.000000 1.000000 1.000000 1.000000 1.000000 1.000000 1.000000 1.000000 1.000000 1.000000 0.009615 0.009615
8960.0 1.000000 1.000000 1.000000 1.000000 1.000000 1.000000 1.000000 1.000000 1.000000 1.000000 0.009593 0.009593
8961.0 1.000000 1.000000 1.000000 1.000000 1.000000 1.000000 1.000000 1.000000 1.000000 1.000000 0.009570 0.009570
8962.0 1.000000 1.000000 1.000000 1.000000 1.000000 1.000000 1.000000 1.000000 1.000000 1.000000 0.009548 0.009548
8963.0 1.000000 1.000000 1.000000 1.000000 1.000000 1.000000 1.000000 1.000000 1.000000 1.000000 0.009526 0.009526
8964.0 1.000000 1.000000 1.000000 1.000000 1.000000 1.000000 1.000000 1.000000 1.000000 1.000000 0.009504 0.009504
8965.0 1.000000 1.000000 1.000000 1.000000 1.000000 1.000000 1.000000 1.000000 1.000000 1.000000 0.009481 0.009481
8966.0 1.000000 1.000000 1.000000 1.000000 1.000000 1.000000 1.000000 1.000000 1.000000 1.000000 0.009459 0.009459
8967.0 1.000000 1.000000 1.000000 1.000000 1.000000 1.000000 1.000000 1.000000 1.000000 1.000000 0.009437 0.009437
8968.0 1.000000 1.000000 1.000000 1.000000 1.000000 1.000000 1.000000 1.000000 1.000000 1.000000 0.009415 0.009415
8969.0 1.000000 1.000000 1.000000 1.000000 1.000000 1.000000 1.000000 1.000000 1.000000 1.000000 0.009393 0.009393
8970.0 1.000000 1.000000 1.000000 1.000000 1.000000 1.000000 1.000000 1.000000 1.000000 1.000000 0.009371 0.009371
8971.0 1.000000 1.000000 1.000000 1.000000 1.000000 1.000000 1.000000 1.000000 1.000000 1.000000 0.009349 0.009349
8972.0 1.000000 1.000000 1.000000 1.000000 1.000000 1.000000 1.000000 1.000000 1.000000 1.000000 0.009327 0.009327
8973.0 1.000000 1.000000 1.000000 1.000000 1.000000 1.000000 1.000000 1.000000 1.000000 1.000000 0.009305 0.009305
8974.0 1.000000 1.000000 1.000000 1.000000 1.000000 1.000000 1.000000 1.000000 1.000000 1.000000 0.009284 0.009284
8975.0 1.000000 1.000000 1.000000 1.000000 1.000000 1.000000 1.000000 1.000000 1.000000 1.000000 0.009262 0.009262
8976.0 1.000000 1.000000 1.000000 1.000000 1.000000 1.000000 1.000000 1.000000 1.000000 1.000000 0.009240 0.009240
8977.0 1.000000 1.000000 1.000000 1.000000 1.000000 1.000000 1.000000 1.000000 1.000000 1.000000 0.009218 0.009218
8978.0 1.000000 1.000000 1.000000 1.000000 1.000000 1.000000 1.000000 1.000000 1.000000 1.000000 0.009197 0.009197
8979.0 1.000000 1.000000 1.000000 1.000000 1.000000 1.000000 1.000000 1.000000 1.000000 1.000000 0.009175 0.009175
8980.0 1.000000 1.000000 1.000000 1.000000 1.000000 1.000000 1.000000 1.000000 1.000000 1.000000 0.009154 0.009154
8981.0 1.000000 1.000000 1.000000 1.000000 1.000000 1.000000 1.000000 1.000000 1.000000 1.000000 0.009132 0.009132
8982.0 1.000000 1.000000 1.000000 1.000000 1.000000 1.000000 1.000000 1.000000 1.000000 1.000000 0.009111 0.009111
8983.0 1.000000 1.000000 1.000000 1.000000 1.000000 1.000000 1.000000 1.000000 1.000000 1.000000 0.009089 0.009089
8984.0 1.000000 1.000000 1.000000 1.000000 1.000000 1.000000 1.000000 1.000000 1.000000 1.000000 0.009068 0.009068
8985.0 1.000000 1.000000 1.000000 1.000000 1.000000 1.000000 1.000000 1.000000 1.000000 1.000000 0.009047 0.009047
8986.0 1.000000 1.000000 1.000000 1.000000 1.000000 1.000000 1.000000 1.000000 1.000000 1.000000 0.009025 0.009025
8987.0 1.000000 1.000000 1.000000 1.000000 1.000000 1.000000 1.000000 1.000000 1.000000 1.000000 0.009004 0.009004
8988.0 1.000000 1.000000 1.000000 1.000000 1.000000 1.000000 1.000000 1.000000 1.000000 1.000000 0.008983 0.008983
8989.0 1.000000 1.000000 1.000000 1.000000 1.000000 1.000000 1.000000 1.000000 1.000000 1.000000 0.008962 0.008962
8990.0 1.000000 1.000000 1.000000 1.000000 1.000000 1.000000 1.000000 1.000000 1.000000 1.000000 0.008940 0.008940
8991.0 1.000000 1.000000 1.000000 1.000000 1.000000 1.000000 1.000000 1.000000 1.000000 1.000000 0.008919 0.008919
8992.0 1.000000 1.000000 1.000000 1.000000 1.000000 1.000000 1.000000 1.000000 1.000000 1.000000 0.008898 0.008898
8993.0 1.000000 1.000000 1.000000 1.000000 1.000000 1.000000 1.000000 1.000000 1.000000 1.000000 0.008877 0.008877
8994.0 1.000000 1.000000 1.000000 1.000000 1.000000 1.000000 1.000000 1.000000 1.000000 1.000000 0.008856 0.008856
8995.0 1.000000 1.000000 1.000000 1.000000 1.000000 1.000000 1.000000 1.000000 1.000000 1.000000 0.008835 0.008835
8996.0 1.000000 1.000000 1.000000 1.000000 1.000000 1.000000 1.000000 1.000000 1.000000 1.000000 0.008815 0.008815
8997.0 1.000000 1.000000 1.000000 1.000000 1.000000 1.000000 1.000000 1.000000 1.000000 1.000000 0.008794 0.008794
8998.0 1.000000 1.000000 1.000000 1.000000 1.000000 1.000000 1.000000 1.000000 1.000000 1.000000 0.008773 0.008773
8999.0 1.000000 1.000000 1.000000 1.000000 1.000000 1.000000 1.000000 1.000000 1.000000 1.000000 0.008752 0.008752
9000.0 1.000000 1.000000 1.000000 1.000000 1.000000 1.000000 1.000000 1.000000 1.000000 1.000000 0.008731 0.008731
9001.0 1.000000 1.000000 1.000000 1.000000 1.000000 1.000000 1.000000 1.000000 1.000000 1.000000 0.008711 0.008711
9002.0 1.000000 1.000000 1.000000 1.000000 1.000000 1.000000 1.000000 1.000000 1.000000 1.000000 0.008690 0.008690
9003.0 1.000000 1.000000 1.000000 1.000000 1.000000 1.000000 1.000000 1.000000 1.000000 1.000000 0.008670 0.008670
9004.0 1.000000 1.000000 1.000000 1.000000 1.000000 1.000000 1.000000 1.000000 1.000000 1.000000 0.008649 0.008649
9005.0 1.000000 1.000000 1.000000 1.000000 1.000000 1.000000 1.000000 1.000000 1.000000 1.000000 0.008628 0.008628
9006.0 1.000000 1.000000 1.000000 1.000000 1.000000 1.000000 1.000000 1.000000 1.000000 1.000000 0.008608 0.008608
9007.0 1.000000 1.000000 1.000000 1.000000 1.000000 1.000000 1.000000 1.000000 1.000000 1.000000 0.008588 0.008588
9008.0 1.000000 1.000000 1.000000 1.000000 1.000000 1.000000 1.000000 1.000000 1.000000 1.000000 0.008567 0.008567
9009.0 1.000000 1.000000 1.000000 1.000000 1.000000 1.000000 1.000000 1.000000 1.000000 1.000000 0.008547 0.008547
9010.0 1.000000 1.000000 1.000000 1.000000 1.000000 1.000000 1.000000 1.000000 1.000000 1.000000 0.008526 0.008526
9011.0 1.000000 1.000000 1.000000 1.000000 1.000000 1.000000 1.000000 1.000000 1.000000 1.000000 0.008506 0.008506
9012.0 1.000000 1.000000 1.000000 1.000000 1.000000 1.000000 1.000000 1.000000 1.000000 1.000000 0.008486 0.008486
9013.0 1.000000 1.000000 1.000000 1.000000 1.000000 1.000000 1.000000 1.000000 1.000000 1.000000 0.008466 0.008466
9014.0 1.000000 1.000000 1.000000 1.000000 1.000000 1.000000 1.000000 1.000000 1.000000 1.000000 0.008446 0.008446
9015.0 1.000000 1.000000 1.000000 1.000000 1.000000 1.000000 1.000000 1.000000 1.000000 1.000000 0.008426 0.008426
9016.0 1.000000 1.000000 1.000000 1.000000 1.000000 1.000000 1.000000 1.000000 1.000000 1.000000 0.008405 0.008405
9017.0 1.000000 1.000000 1.000000 1.000000 1.000000 1.000000 1.000000 1.000000 1.000000 1.000000 0.008385 0.008385
9018.0 1.000000 1.000000 1.000000 1.000000 1.000000 1.000000 1.000000 1.000000 1.000000 1.000000 0.008365 0.008365
9019.0 1.000000 1.000000 1.000000 1.000000 1.000000 1.000000 1.000000 1.000000 1.000000 1.000000 0.008346 0.008346
9020.0 1.000000 1.000000 1.000000 1.000000 1.000000 1.000000 1.000000 1.000000 1.000000 1.000000 0.008326 0.008326
9021.0 1.000000 1.000000 1.000000 1.000000 1.000000 1.000000 1.000000 1.000000 1.000000 1.000000 0.008306 0.008306
9022.0 1.000000 1.000000 1.000000 1.000000 1.000000 1.000000 1.000000 1.000000 1.000000 1.000000 0.008286 0.008286
9023.0 1.000000 1.000000 1.000000 1.000000 1.000000 1.000000 1.000000 1.000000 1.000000 1.000000 0.008266 0.008266
9024.0 1.000000 1.000000 1.000000 1.000000 1.000000 1.000000 1.000000 1.000000 1.000000 1.000000 0.008246 0.008246
9025.0 1.000000 1.000000 1.000000 1.000000 1.000000 1.000000 1.000000 1.000000 1.000000 1.000000 0.008227 0.008227
9026.0 1.000000 1.000000 1.000000 1.000000 1.000000 1.000000 1.000000 1.000000 1.000000 1.000000 0.008207 0.008207
9027.0 1.000000 1.000000 1.000000 1.000000 1.000000 1.000000 1.000000 1.000000 1.000000 1.000000 0.008187 0.008187
9028.0 1.000000 1.000000 1.000000 1.000000 1.000000 1.000000 1.000000 1.000000 1.000000 1.000000 0.008168 0.008168
9029.0 1.000000 1.000000 1.000000 1.000000 1.000000 1.000000 1.000000 1.000000 1.000000 1.000000 0.008148 0.008148
9030.0 1.000000 1.000000 1.000000 1.000000 1.000000 1.000000 1.000000 1.000000 1.000000 1.000000 0.008129 0.008129
9031.0 1.000000 1.000000 1.000000 1.000000 1.000000 1.000000 1.000000 1.000000 1.000000 1.000000 0.008109 0.008109
9032.0 1.000000 1.000000 1.000000 1.000000 1.000000 1.000000 1.000000 1.000000 1.000000 1.000000 0.008090 0.008090
9033.0 1.000000 1.000000 1.000000 1.000000 1.000000 1.000000 1.000000 1.000000 1.000000 1.000000 0.008070 0.008070
9034.0 1.000000 1.000000 1.000000 1.000000 1.000000 1.000000 1.000000 1.000000 1.000000 1.000000 0.008051 0.008051
9035.0 1.000000 1.000000 1.000000 1.000000 1.000000 1.000000 1.000000 1.000000 1.000000 1.000000 0.008032 0.008032
9036.0 1.000000 1.000000 1.000000 1.000000 1.000000 1.000000 1.000000 1.000000 1.000000 1.000000 0.008012 0.008012
9037.0 1.000000 1.000000 1.000000 1.000000 1.000000 1.000000 1.000000 1.000000 1.000000 1.000000 0.007993 0.007993
9038.0 1.000000 1.000000 1.000000 1.000000 1.000000 1.000000 1.000000 1.000000 1.000000 1.000000 0.007974 0.007974
9039.0 1.000000 1.000000 1.000000 1.000000 1.000000 1.000000 1.000000 1.000000 1.000000 1.000000 0.007955 0.007955
9040.0 1.000000 1.000000 1.000000 1.000000 1.000000 1.000000 1.000000 1.000000 1.000000 1.000000 0.007936 0.007936
9041.0 1.000000 1.000000 1.000000 1.000000 1.000000 1.000000 1.000000 1.000000 1.000000 1.000000 0.007917 0.007917
9042.0 1.000000 1.000000 1.000000 1.000000 1.000000 1.000000 1.000000 1.000000 1.000000 1.000000 0.007898 0.007898
9043.0 1.000000 1.000000 1.000000 1.000000 1.000000 1.000000 1.000000 1.000000 1.000000 1.000000 0.007879 0.007879
9044.0 1.000000 1.000000 1.000000 1.000000 1.000000 1.000000 1.000000 1.000000 1.000000 1.000000 0.007860 0.007860
9045.0 1.000000 1.000000 1.000000 1.000000 1.000000 1.000000 1.000000 1.000000 1.000000 1.000000 0.007841 0.007841
9046.0 1.000000 1.000000 1.000000 1.000000 1.000000 1.000000 1.000000 1.000000 1.000000 1.000000 0.007822 0.007822
9047.0 1.000000 1.000000 1.000000 1.000000 1.000000 1.000000 1.000000 1.000000 1.000000 1.000000 0.007803 0.007803
9048.0 1.000000 1.000000 1.000000 1.000000 1.000000 1.000000 1.000000 1.000000 1.000000 1.000000 0.007784 0.007784
9049.0 1.000000 1.000000 1.000000 1.000000 1.000000 1.000000 1.000000 1.000000 1.000000 1.000000 0.007765 0.007765
9050.0 1.000000 1.000000 1.000000 1.000000 1.000000 1.000000 1.000000 1.000000 1.000000 1.000000 0.007747 0.007747
9051.0 1.000000 1.000000 1.000000 1.000000 1.000000 1.000000 1.000000 1.000000 1.000000 1.000000 0.007728 0.007728
9052.0 1.000000 1.000000 1.000000 1.000000 1.000000 1.000000 1.000000 1.000000 1.000000 1.000000 0.007709 0.007709
9053.0 1.000000 1.000000 1.000000 1.000000 1.000000 1.000000 1.000000 1.000000 1.000000 1.000000 0.007691 0.007691
9054.0 1.000000 1.000000 1.000000 1.000000 1.000000 1.000000 1.000000 1.000000 1.000000 1.000000 0.007672 0.007672
9055.0 1.000000 1.000000 1.000000 1.000000 1.000000 1.000000 1.000000 1.000000 1.000000 1.000000 0.007653 0.007653
9056.0 1.000000 1.000000 1.000000 1.000000 1.000000 1.000000 1.000000 1.000000 1.000000 1.000000 0.007635 0.007635
9057.0 1.000000 1.000000 1.000000 1.000000 1.000000 1.000000 1.000000 1.000000 1.000000 1.000000 0.007616 0.007616
9058.0 1.000000 1.000000 1.000000 1.000000 1.000000 1.000000 1.000000 1.000000 1.000000 1.000000 0.007598 0.007598
9059.0 1.000000 1.000000 1.000000 1.000000 1.000000 1.000000 1.000000 1.000000 1.000000 1.000000 0.007580 0.007580
9060.0 1.000000 1.000000 1.000000 1.000000 1.000000 1.000000 1.000000 1.000000 1.000000 1.000000 0.007561 0.007561
9061.0 1.000000 1.000000 1.000000 1.000000 1.000000 1.000000 1.000000 1.000000 1.000000 1.000000 0.007543 0.007543
9062.0 1.000000 1.000000 1.000000 1.000000 1.000000 1.000000 1.000000 1.000000 1.000000 1.000000 0.007525 0.007525
9063.0 1.000000 1.000000 1.000000 1.000000 1.000000 1.000000 1.000000 1.000000 1.000000 1.000000 0.007506 0.007506
9064.0 1.000000 1.000000 1.000000 1.000000 1.000000 1.000000 1.000000 1.000000 1.000000 1.000000 0.007488 0.007488
9065.0 1.000000 1.000000 1.000000 1.000000 1.000000 1.000000 1.000000 1.000000 1.000000 1.000000 0.007470 0.007470
9066.0 1.000000 1.000000 1.000000 1.000000 1.000000 1.000000 1.000000 1.000000 1.000000 1.000000 0.007452 0.007452
9067.0 1.000000 1.000000 1.000000 1.000000 1.000000 1.000000 1.000000 1.000000 1.000000 1.000000 0.007434 0.007434
9068.0 1.000000 1.000000 1.000000 1.000000 1.000000 1.000000 1.000000 1.000000 1.000000 1.000000 0.007416 0.007416
9069.0 1.000000 1.000000 1.000000 1.000000 1.000000 1.000000 1.000000 1.000000 1.000000 1.000000 0.007398 0.007398
9070.0 1.000000 1.000000 1.000000 1.000000 1.000000 1.000000 1.000000 1.000000 1.000000 1.000000 0.007380 0.007380
9071.0 1.000000 1.000000 1.000000 1.000000 1.000000 1.000000 1.000000 1.000000 1.000000 1.000000 0.007362 0.007362
9072.0 1.000000 1.000000 1.000000 1.000000 1.000000 1.000000 1.000000 1.000000 1.000000 1.000000 0.007344 0.007344
9073.0 1.000000 1.000000 1.000000 1.000000 1.000000 1.000000 1.000000 1.000000 1.000000 1.000000 0.007326 0.007326
9074.0 1.000000 1.000000 1.000000 1.000000 1.000000 1.000000 1.000000 1.000000 1.000000 1.000000 0.007308 0.007308
9075.0 1.000000 1.000000 1.000000 1.000000 1.000000 1.000000 1.000000 1.000000 1.000000 1.000000 0.007290 0.007290
9076.0 1.000000 1.000000 1.000000 1.000000 1.000000 1.000000 1.000000 1.000000 1.000000 1.000000 0.007272 0.007272
9077.0 1.000000 1.000000 1.000000 1.000000 1.000000 1.000000 1.000000 1.000000 1.000000 1.000000 0.007255 0.007255
9078.0 1.000000 1.000000 1.000000 1.000000 1.000000 1.000000 1.000000 1.000000 1.000000 1.000000 0.007237 0.007237
9079.0 1.000000 1.000000 1.000000 1.000000 1.000000 1.000000 1.000000 1.000000 1.000000 1.000000 0.007219 0.007219
9080.0 1.000000 1.000000 1.000000 1.000000 1.000000 1.000000 1.000000 1.000000 1.000000 1.000000 0.007202 0.007202
9081.0 1.000000 1.000000 1.000000 1.000000 1.000000 1.000000 1.000000 1.000000 1.000000 1.000000 0.007184 0.007184
9082.0 1.000000 1.000000 1.000000 1.000000 1.000000 1.000000 1.000000 1.000000 1.000000 1.000000 0.007167 0.007167
9083.0 1.000000 1.000000 1.000000 1.000000 1.000000 1.000000 1.000000 1.000000 1.000000 1.000000 0.007149 0.007149
9084.0 1.000000 1.000000 1.000000 1.000000 1.000000 1.000000 1.000000 1.000000 1.000000 1.000000 0.007132 0.007132
9085.0 1.000000 1.000000 1.000000 1.000000 1.000000 1.000000 1.000000 1.000000 1.000000 1.000000 0.007114 0.007114
9086.0 1.000000 1.000000 1.000000 1.000000 1.000000 1.000000 1.000000 1.000000 1.000000 1.000000 0.007097 0.007097
9087.0 1.000000 1.000000 1.000000 1.000000 1.000000 1.000000 1.000000 1.000000 1.000000 1.000000 0.007079 0.007079
9088.0 1.000000 1.000000 1.000000 1.000000 1.000000 1.000000 1.000000 1.000000 1.000000 1.000000 0.007062 0.007062
9089.0 1.000000 1.000000 1.000000 1.000000 1.000000 1.000000 1.000000 1.000000 1.000000 1.000000 0.007045 0.007045
9090.0 1.000000 1.000000 1.000000 1.000000 1.000000 1.000000 1.000000 1.000000 1.000000 1.000000 0.007027 0.007027
9091.0 1.000000 1.000000 1.000000 1.000000 1.000000 1.000000 1.000000 1.000000 1.000000 1.000000 0.007010 0.007010
9092.0 1.000000 1.000000 1.000000 1.000000 1.000000 1.000000 1.000000 1.000000 1.000000 1.000000 0.006993 0.006993
9093.0 1.000000 1.000000 1.000000 1.000000 1.000000 1.000000 1.000000 1.000000 1.000000 1.000000 0.006976 0.006976
9094.0 1.000000 1.000000 1.000000 1.000000 1.000000 1.000000 1.000000 1.000000 1.000000 1.000000 0.006959 0.006959
9095.0 1.000000 1.000000 1.000000 1.000000 1.000000 1.000000 1.000000 1.000000 1.000000 1.000000 0.006942 0.006942
9096.0 1.000000 1.000000 1.000000 1.000000 1.000000 1.000000 1.000000 1.000000 1.000000 1.000000 0.006925 0.006925
9097.0 1.000000 1.000000 1.000000 1.000000 1.000000 1.000000 1.000000 1.000000 1.000000 1.000000 0.006908 0.006908
9098.0 1.000000 1.000000 1.000000 1.000000 1.000000 1.000000 1.000000 1.000000 1.000000 1.000000 0.006891 0.006891
9099.0 1.000000 1.000000 1.000000 1.000000 1.000000 1.000000 1.000000 1.000000 1.000000 1.000000 0.006874 0.006874
9100.0 1.000000 1.000000 1.000000 1.000000 1.000000 1.000000 1.000000 1.000000 1.000000 1.000000 0.006857 0.006857
9101.0 1.000000 1.000000 1.000000 1.000000 1.000000 1.000000 1.000000 1.000000 1.000000 1.000000 0.006840 0.006840
9102.0 1.000000 1.000000 1.000000 1.000000 1.000000 1.000000 1.000000 1.000000 1.000000 1.000000 0.006823 0.006823
9103.0 1.000000 1.000000 1.000000 1.000000 1.000000 1.000000 1.000000 1.000000 1.000000 1.000000 0.006806 0.006806
9104.0 1.000000 1.000000 1.000000 1.000000 1.000000 1.000000 1.000000 1.000000 1.000000 1.000000 0.006789 0.006789
9105.0 1.000000 1.000000 1.000000 1.000000 1.000000 1.000000 1.000000 1.000000 1.000000 1.000000 0.006773 0.006773
9106.0 1.000000 1.000000 1.000000 1.000000 1.000000 1.000000 1.000000 1.000000 1.000000 1.000000 0.006756 0.006756
9107.0 1.000000 1.000000 1.000000 1.000000 1.000000 1.000000 1.000000 1.000000 1.000000 1.000000 0.006739 0.006739
9108.0 1.000000 1.000000 1.000000 1.000000 1.000000 1.000000 1.000000 1.000000 1.000000 1.000000 0.006723 0.006723
9109.0 1.000000 1.000000 1.000000 1.000000 1.000000 1.000000 1.000000 1.000000 1.000000 1.000000 0.006706 0.006706
9110.0 1.000000 1.000000 1.000000 1.000000 1.000000 1.000000 1.000000 1.000000 1.000000 1.000000 0.006690 0.006690
9111.0 1.000000 1.000000 1.000000 1.000000 1.000000 1.000000 1.000000 1.000000 1.000000 1.000000 0.006673 0.006673
9112.0 1.000000 1.000000 1.000000 1.000000 1.000000 1.000000 1.000000 1.000000 1.000000 1.000000 0.006657 0.006657
9113.0 1.000000 1.000000 1.000000 1.000000 1.000000 1.000000 1.000000 1.000000 1.000000 1.000000 0.006640 0.006640
9114.0 1.000000 1.000000 1.000000 1.000000 1.000000 1.000000 1.000000 1.000000 1.000000 1.000000 0.006624 0.006624
9115.0 1.000000 1.000000 1.000000 1.000000 1.000000 1.000000 1.000000 1.000000 1.000000 1.000000 0.006607 0.006607
9116.0 1.000000 1.000000 1.000000 1.000000 1.000000 1.000000 1.000000 1.000000 1.000000 1.000000 0.006591 0.006591
9117.0 1.000000 1.000000 1.000000 1.000000 1.000000 1.000000 1.000000 1.000000 1.000000 1.000000 0.006575 0.006575
9118.0 1.000000 1.000000 1.000000 1.000000 1.000000 1.000000 1.000000 1.000000 1.000000 1.000000 1.000000 0.006558
9119.0 1.000000 1.000000 1.000000 1.000000 1.000000 1.000000 1.000000 1.000000 1.000000 1.000000 1.000000 0.006542
9120.0 1.000000 1.000000 1.000000 1.000000 1.000000 1.000000 1.000000 1.000000 1.000000 1.000000 1.000000 0.006526
9121.0 1.000000 1.000000 1.000000 1.000000 1.000000 1.000000 1.000000 1.000000 1.000000 1.000000 1.000000 0.006510
9122.0 1.000000 1.000000 1.000000 1.000000 1.000000 1.000000 1.000000 1.000000 1.000000 1.000000 1.000000 0.006493
9123.0 1.000000 1.000000 1.000000 1.000000 1.000000 1.000000 1.000000 1.000000 1.000000 1.000000 1.000000 0.006477
9124.0 1.000000 1.000000 1.000000 1.000000 1.000000 1.000000 1.000000 1.000000 1.000000 1.000000 1.000000 0.006461
9125.0 1.000000 1.000000 1.000000 1.000000 1.000000 1.000000 1.000000 1.000000 1.000000 1.000000 1.000000 0.006445
9126.0 1.000000 1.000000 1.000000 1.000000 1.000000 1.000000 1.000000 1.000000 1.000000 1.000000 1.000000 0.006429
9127.0 1.000000 1.000000 1.000000 1.000000 1.000000 1.000000 1.000000 1.000000 1.000000 1.000000 1.000000 0.006413
9128.0 1.000000 1.000000 1.000000 1.000000 1.000000 1.000000 1.000000 1.000000 1.000000 1.000000 1.000000 0.006397
9129.0 1.000000 1.000000 1.000000 1.000000 1.000000 1.000000 1.000000 1.000000 1.000000 1.000000 1.000000 0.006381
9130.0 1.000000 1.000000 1.000000 1.000000 1.000000 1.000000 1.000000 1.000000 1.000000 1.000000 1.000000 0.006365
9131.0 1.000000 1.000000 1.000000 1.000000 1.000000 1.000000 1.000000 1.000000 1.000000 1.000000 1.000000 0.006350
9132.0 1.000000 1.000000 1.000000 1.000000 1.000000 1.000000 1.000000 1.000000 1.000000 1.000000 1.000000 0.006334
9133.0 1.000000 1.000000 1.000000 1.000000 1.000000 1.000000 1.000000 1.000000 1.000000 1.000000 1.000000 0.006318
9134.0 1.000000 1.000000 1.000000 1.000000 1.000000 1.000000 1.000000 1.000000 1.000000 1.000000 1.000000 0.006302
9135.0 1.000000 1.000000 1.000000 1.000000 1.000000 1.000000 1.000000 1.000000 1.000000 1.000000 1.000000 0.006287
9136.0 1.000000 1.000000 1.000000 1.000000 1.000000 1.000000 1.000000 1.000000 1.000000 1.000000 1.000000 0.006271
9137.0 1.000000 1.000000 1.000000 1.000000 1.000000 1.000000 1.000000 1.000000 1.000000 1.000000 1.000000 0.006255
9138.0 1.000000 1.000000 1.000000 1.000000 1.000000 1.000000 1.000000 1.000000 1.000000 1.000000 1.000000 0.006240
9139.0 1.000000 1.000000 1.000000 1.000000 1.000000 1.000000 1.000000 1.000000 1.000000 1.000000 1.000000 0.006224
9140.0 1.000000 1.000000 1.000000 1.000000 1.000000 1.000000 1.000000 1.000000 1.000000 1.000000 1.000000 0.006209
9141.0 1.000000 1.000000 1.000000 1.000000 1.000000 1.000000 1.000000 1.000000 1.000000 1.000000 1.000000 0.006193
9142.0 1.000000 1.000000 1.000000 1.000000 1.000000 1.000000 1.000000 1.000000 1.000000 1.000000 1.000000 0.006177
9143.0 1.000000 1.000000 1.000000 1.000000 1.000000 1.000000 1.000000 1.000000 1.000000 1.000000 1.000000 0.006162
9144.0 1.000000 1.000000 1.000000 1.000000 1.000000 1.000000 1.000000 1.000000 1.000000 1.000000 1.000000 0.006147
9145.0 1.000000 1.000000 1.000000 1.000000 1.000000 1.000000 1.000000 1.000000 1.000000 1.000000 1.000000 0.006131
9146.0 1.000000 1.000000 1.000000 1.000000 1.000000 1.000000 1.000000 1.000000 1.000000 1.000000 1.000000 0.006116
9147.0 1.000000 1.000000 1.000000 1.000000 1.000000 1.000000 1.000000 1.000000 1.000000 1.000000 1.000000 0.006101
9148.0 1.000000 1.000000 1.000000 1.000000 1.000000 1.000000 1.000000 1.000000 1.000000 1.000000 1.000000 0.006085
9149.0 1.000000 1.000000 1.000000 1.000000 1.000000 1.000000 1.000000 1.000000 1.000000 1.000000 1.000000 0.006070
9150.0 1.000000 1.000000 1.000000 1.000000 1.000000 1.000000 1.000000 1.000000 1.000000 1.000000 1.000000 0.006055
9151.0 1.000000 1.000000 1.000000 1.000000 1.000000 1.000000 1.000000 1.000000 1.000000 1.000000 1.000000 0.006040
9152.0 1.000000 1.000000 1.000000 1.000000 1.000000 1.000000 1.000000 1.000000 1.000000 1.000000 1.000000 0.006024
9153.0 1.000000 1.000000 1.000000 1.000000 1.000000 1.000000 1.000000 1.000000 1.000000 1.000000 1.000000 0.006009
9154.0 1.000000 1.000000 1.000000 1.000000 1.000000 1.000000 1.000000 1.000000 1.000000 1.000000 1.000000 0.005994
9155.0 1.000000 1.000000 1.000000 1.000000 1.000000 1.000000 1.000000 1.000000 1.000000 1.000000 1.000000 0.005979
9156.0 1.000000 1.000000 1.000000 1.000000 1.000000 1.000000 1.000000 1.000000 1.000000 1.000000 1.000000 0.005964
9157.0 1.000000 1.000000 1.000000 1.000000 1.000000 1.000000 1.000000 1.000000 1.000000 1.000000 1.000000 0.005949
9158.0 1.000000 1.000000 1.000000 1.000000 1.000000 1.000000 1.000000 1.000000 1.000000 1.000000 1.000000 0.005934
9159.0 1.000000 1.000000 1.000000 1.000000 1.000000 1.000000 1.000000 1.000000 1.000000 1.000000 1.000000 0.005919
9160.0 1.000000 1.000000 1.000000 1.000000 1.000000 1.000000 1.000000 1.000000 1.000000 1.000000 1.000000 0.005904
9161.0 1.000000 1.000000 1.000000 1.000000 1.000000 1.000000 1.000000 1.000000 1.000000 1.000000 1.000000 0.005889
9162.0 1.000000 1.000000 1.000000 1.000000 1.000000 1.000000 1.000000 1.000000 1.000000 1.000000 1.000000 0.005875
9163.0 1.000000 1.000000 1.000000 1.000000 1.000000 1.000000 1.000000 1.000000 1.000000 1.000000 1.000000 0.005860
9164.0 1.000000 1.000000 1.000000 1.000000 1.000000 1.000000 1.000000 1.000000 1.000000 1.000000 1.000000 0.005845
9165.0 1.000000 1.000000 1.000000 1.000000 1.000000 1.000000 1.000000 1.000000 1.000000 1.000000 1.000000 0.005830
9166.0 1.000000 1.000000 1.000000 1.000000 1.000000 1.000000 1.000000 1.000000 1.000000 1.000000 1.000000 0.005816
9167.0 1.000000 1.000000 1.000000 1.000000 1.000000 1.000000 1.000000 1.000000 1.000000 1.000000 1.000000 0.005801
9168.0 1.000000 1.000000 1.000000 1.000000 1.000000 1.000000 1.000000 1.000000 1.000000 1.000000 1.000000 0.005786
9169.0 1.000000 1.000000 1.000000 1.000000 1.000000 1.000000 1.000000 1.000000 1.000000 1.000000 1.000000 0.005772
9170.0 1.000000 1.000000 1.000000 1.000000 1.000000 1.000000 1.000000 1.000000 1.000000 1.000000 1.000000 0.005757
9171.0 1.000000 1.000000 1.000000 1.000000 1.000000 1.000000 1.000000 1.000000 1.000000 1.000000 1.000000 0.005743
9172.0 1.000000 1.000000 1.000000 1.000000 1.000000 1.000000 1.000000 1.000000 1.000000 1.000000 1.000000 0.005728
9173.0 1.000000 1.000000 1.000000 1.000000 1.000000 1.000000 1.000000 1.000000 1.000000 1.000000 1.000000 0.005713
9174.0 1.000000 1.000000 1.000000 1.000000 1.000000 1.000000 1.000000 1.000000 1.000000 1.000000 1.000000 0.005699
9175.0 1.000000 1.000000 1.000000 1.000000 1.000000 1.000000 1.000000 1.000000 1.000000 1.000000 1.000000 0.005685
9176.0 1.000000 1.000000 1.000000 1.000000 1.000000 1.000000 1.000000 1.000000 1.000000 1.000000 1.000000 0.005670
9177.0 1.000000 1.000000 1.000000 1.000000 1.000000 1.000000 1.000000 1.000000 1.000000 1.000000 1.000000 0.005656
9178.0 1.000000 1.000000 1.000000 1.000000 1.000000 1.000000 1.000000 1.000000 1.000000 1.000000 1.000000 0.005641
9179.0 1.000000 1.000000 1.000000 1.000000 1.000000 1.000000 1.000000 1.000000 1.000000 1.000000 1.000000 0.005627
9180.0 1.000000 1.000000 1.000000 1.000000 1.000000 1.000000 1.000000 1.000000 1.000000 1.000000 1.000000 0.005613
9181.0 1.000000 1.000000 1.000000 1.000000 1.000000 1.000000 1.000000 1.000000 1.000000 1.000000 1.000000 0.005599
9182.0 1.000000 1.000000 1.000000 1.000000 1.000000 1.000000 1.000000 1.000000 1.000000 1.000000 1.000000 0.005584
9183.0 1.000000 1.000000 1.000000 1.000000 1.000000 1.000000 1.000000 1.000000 1.000000 1.000000 1.000000 0.005570
9184.0 1.000000 1.000000 1.000000 1.000000 1.000000 1.000000 1.000000 1.000000 1.000000 1.000000 1.000000 0.005556
9185.0 1.000000 1.000000 1.000000 1.000000 1.000000 1.000000 1.000000 1.000000 1.000000 1.000000 1.000000 0.005542
9186.0 1.000000 1.000000 1.000000 1.000000 1.000000 1.000000 1.000000 1.000000 1.000000 1.000000 1.000000 0.005528
9187.0 1.000000 1.000000 1.000000 1.000000 1.000000 1.000000 1.000000 1.000000 1.000000 1.000000 1.000000 0.005514
9188.0 1.000000 1.000000 1.000000 1.000000 1.000000 1.000000 1.000000 1.000000 1.000000 1.000000 1.000000 0.005500
9189.0 1.000000 1.000000 1.000000 1.000000 1.000000 1.000000 1.000000 1.000000 1.000000 1.000000 1.000000 0.005486
9190.0 1.000000 1.000000 1.000000 1.000000 1.000000 1.000000 1.000000 1.000000 1.000000 1.000000 1.000000 0.005472
9191.0 1.000000 1.000000 1.000000 1.000000 1.000000 1.000000 1.000000 1.000000 1.000000 1.000000 1.000000 0.005458
9192.0 1.000000 1.000000 1.000000 1.000000 1.000000 1.000000 1.000000 1.000000 1.000000 1.000000 1.000000 0.005444
9193.0 1.000000 1.000000 1.000000 1.000000 1.000000 1.000000 1.000000 1.000000 1.000000 1.000000 1.000000 0.005430
9194.0 1.000000 1.000000 1.000000 1.000000 1.000000 1.000000 1.000000 1.000000 1.000000 1.000000 1.000000 0.005416
9195.0 1.000000 1.000000 1.000000 1.000000 1.000000 1.000000 1.000000 1.000000 1.000000 1.000000 1.000000 0.005402
9196.0 1.000000 1.000000 1.000000 1.000000 1.000000 1.000000 1.000000 1.000000 1.000000 1.000000 1.000000 0.005389
9197.0 1.000000 1.000000 1.000000 1.000000 1.000000 1.000000 1.000000 1.000000 1.000000 1.000000 1.000000 0.005375
9198.0 1.000000 1.000000 1.000000 1.000000 1.000000 1.000000 1.000000 1.000000 1.000000 1.000000 1.000000 0.005361
9199.0 1.000000 1.000000 1.000000 1.000000 1.000000 1.000000 1.000000 1.000000 1.000000 1.000000 1.000000 0.005347
9200.0 1.000000 1.000000 1.000000 1.000000 1.000000 1.000000 1.000000 1.000000 1.000000 1.000000 1.000000 0.005334
9201.0 1.000000 1.000000 1.000000 1.000000 1.000000 1.000000 1.000000 1.000000 1.000000 1.000000 1.000000 0.005320
9202.0 1.000000 1.000000 1.000000 1.000000 1.000000 1.000000 1.000000 1.000000 1.000000 1.000000 1.000000 0.005307
9203.0 1.000000 1.000000 1.000000 1.000000 1.000000 1.000000 1.000000 1.000000 1.000000 1.000000 1.000000 0.005293
9204.0 1.000000 1.000000 1.000000 1.000000 1.000000 1.000000 1.000000 1.000000 1.000000 1.000000 1.000000 0.005279
9205.0 1.000000 1.000000 1.000000 1.000000 1.000000 1.000000 1.000000 1.000000 1.000000 1.000000 1.000000 0.005266
9206.0 1.000000 1.000000 1.000000 1.000000 1.000000 1.000000 1.000000 1.000000 1.000000 1.000000 1.000000 0.005252
9207.0 1.000000 1.000000 1.000000 1.000000 1.000000 1.000000 1.000000 1.000000 1.000000 1.000000 1.000000 0.005239
9208.0 1.000000 1.000000 1.000000 1.000000 1.000000 1.000000 1.000000 1.000000 1.000000 1.000000 1.000000 0.005226
9209.0 1.000000 1.000000 1.000000 1.000000 1.000000 1.000000 1.000000 1.000000 1.000000 1.000000 1.000000 0.005212
9210.0 1.000000 1.000000 1.000000 1.000000 1.000000 1.000000 1.000000 1.000000 1.000000 1.000000 1.000000 0.005199
9211.0 1.000000 1.000000 1.000000 1.000000 1.000000 1.000000 1.000000 1.000000 1.000000 1.000000 1.000000 0.005185
9212.0 1.000000 1.000000 1.000000 1.000000 1.000000 1.000000 1.000000 1.000000 1.000000 1.000000 1.000000 0.005172
9213.0 1.000000 1.000000 1.000000 1.000000 1.000000 1.000000 1.000000 1.000000 1.000000 1.000000 1.000000 0.005159
9214.0 1.000000 1.000000 1.000000 1.000000 1.000000 1.000000 1.000000 1.000000 1.000000 1.000000 1.000000 0.005146
9215.0 1.000000 1.000000 1.000000 1.000000 1.000000 1.000000 1.000000 1.000000 1.000000 1.000000 1.000000 0.005132
9216.0 1.000000 1.000000 1.000000 1.000000 1.000000 1.000000 1.000000 1.000000 1.000000 1.000000 1.000000 0.005119
9217.0 1.000000 1.000000 1.000000 1.000000 1.000000 1.000000 1.000000 1.000000 1.000000 1.000000 1.000000 0.005106
9218.0 1.000000 1.000000 1.000000 1.000000 1.000000 1.000000 1.000000 1.000000 1.000000 1.000000 1.000000 0.005093
9219.0 1.000000 1.000000 1.000000 1.000000 1.000000 1.000000 1.000000 1.000000 1.000000 1.000000 1.000000 0.005080
9220.0 1.000000 1.000000 1.000000 1.000000 1.000000 1.000000 1.000000 1.000000 1.000000 1.000000 1.000000 0.005067
9221.0 1.000000 1.000000 1.000000 1.000000 1.000000 1.000000 1.000000 1.000000 1.000000 1.000000 1.000000 0.005054
9222.0 1.000000 1.000000 1.000000 1.000000 1.000000 1.000000 1.000000 1.000000 1.000000 1.000000 1.000000 0.005041
9223.0 1.000000 1.000000 1.000000 1.000000 1.000000 1.000000 1.000000 1.000000 1.000000 1.000000 1.000000 0.005028
9224.0 1.000000 1.000000 1.000000 1.000000 1.000000 1.000000 1.000000 1.000000 1.000000 1.000000 1.000000 0.005015
9225.0 1.000000 1.000000 1.000000 1.000000 1.000000 1.000000 1.000000 1.000000 1.000000 1.000000 1.000000 0.005002
9226.0 1.000000 1.000000 1.000000 1.000000 1.000000 1.000000 1.000000 1.000000 1.000000 1.000000 1.000000 0.004989
9227.0 1.000000 1.000000 1.000000 1.000000 1.000000 1.000000 1.000000 1.000000 1.000000 1.000000 1.000000 0.004976
9228.0 1.000000 1.000000 1.000000 1.000000 1.000000 1.000000 1.000000 1.000000 1.000000 1.000000 1.000000 0.004963
9229.0 1.000000 1.000000 1.000000 1.000000 1.000000 1.000000 1.000000 1.000000 1.000000 1.000000 1.000000 0.004950
9230.0 1.000000 1.000000 1.000000 1.000000 1.000000 1.000000 1.000000 1.000000 1.000000 1.000000 1.000000 0.004937
9231.0 1.000000 1.000000 1.000000 1.000000 1.000000 1.000000 1.000000 1.000000 1.000000 1.000000 1.000000 0.004925
9232.0 1.000000 1.000000 1.000000 1.000000 1.000000 1.000000 1.000000 1.000000 1.000000 1.000000 1.000000 0.004912
9233.0 1.000000 1.000000 1.000000 1.000000 1.000000 1.000000 1.000000 1.000000 1.000000 1.000000 1.000000 0.004899
9234.0 1.000000 1.000000 1.000000 1.000000 1.000000 1.000000 1.000000 1.000000 1.000000 1.000000 1.000000 0.004886
9235.0 1.000000 1.000000 1.000000 1.000000 1.000000 1.000000 1.000000 1.000000 1.000000 1.000000 1.000000 0.004874
9236.0 1.000000 1.000000 1.000000 1.000000 1.000000 1.000000 1.000000 1.000000 1.000000 1.000000 1.000000 0.004861
9237.0 1.000000 1.000000 1.000000 1.000000 1.000000 1.000000 1.000000 1.000000 1.000000 1.000000 1.000000 0.004849
9238.0 1.000000 1.000000 1.000000 1.000000 1.000000 1.000000 1.000000 1.000000 1.000000 1.000000 1.000000 0.004836
9239.0 1.000000 1.000000 1.000000 1.000000 1.000000 1.000000 1.000000 1.000000 1.000000 1.000000 1.000000 0.004823
9240.0 1.000000 1.000000 1.000000 1.000000 1.000000 1.000000 1.000000 1.000000 1.000000 1.000000 1.000000 0.004811
9241.0 1.000000 1.000000 1.000000 1.000000 1.000000 1.000000 1.000000 1.000000 1.000000 1.000000 1.000000 0.004798
9242.0 1.000000 1.000000 1.000000 1.000000 1.000000 1.000000 1.000000 1.000000 1.000000 1.000000 1.000000 0.004786
9243.0 1.000000 1.000000 1.000000 1.000000 1.000000 1.000000 1.000000 1.000000 1.000000 1.000000 1.000000 0.004774
9244.0 1.000000 1.000000 1.000000 1.000000 1.000000 1.000000 1.000000 1.000000 1.000000 1.000000 1.000000 0.004761
9245.0 1.000000 1.000000 1.000000 1.000000 1.000000 1.000000 1.000000 1.000000 1.000000 1.000000 1.000000 0.004749
9246.0 1.000000 1.000000 1.000000 1.000000 1.000000 1.000000 1.000000 1.000000 1.000000 1.000000 1.000000 0.004736
9247.0 1.000000 1.000000 1.000000 1.000000 1.000000 1.000000 1.000000 1.000000 1.000000 1.000000 1.000000 0.004724
9248.0 1.000000 1.000000 1.000000 1.000000 1.000000 1.000000 1.000000 1.000000 1.000000 1.000000 1.000000 0.004712
9249.0 1.000000 1.000000 1.000000 1.000000 1.000000 1.000000 1.000000 1.000000 1.000000 1.000000 1.000000 0.004699
9250.0 1.000000 1.000000 1.000000 1.000000 1.000000 1.000000 1.000000 1.000000 1.000000 1.000000 1.000000 0.004687
9251.0 1.000000 1.000000 1.000000 1.000000 1.000000 1.000000 1.000000 1.000000 1.000000 1.000000 1.000000 0.004675
9252.0 1.000000 1.000000 1.000000 1.000000 1.000000 1.000000 1.000000 1.000000 1.000000 1.000000 1.000000 0.004663
9253.0 1.000000 1.000000 1.000000 1.000000 1.000000 1.000000 1.000000 1.000000 1.000000 1.000000 1.000000 0.004651
9254.0 1.000000 1.000000 1.000000 1.000000 1.000000 1.000000 1.000000 1.000000 1.000000 1.000000 1.000000 0.004639
9255.0 1.000000 1.000000 1.000000 1.000000 1.000000 1.000000 1.000000 1.000000 1.000000 1.000000 1.000000 0.004626
9256.0 1.000000 1.000000 1.000000 1.000000 1.000000 1.000000 1.000000 1.000000 1.000000 1.000000 1.000000 0.004614
9257.0 1.000000 1.000000 1.000000 1.000000 1.000000 1.000000 1.000000 1.000000 1.000000 1.000000 1.000000 0.004602
9258.0 1.000000 1.000000 1.000000 1.000000 1.000000 1.000000 1.000000 1.000000 1.000000 1.000000 1.000000 0.004590
9259.0 1.000000 1.000000 1.000000 1.000000 1.000000 1.000000 1.000000 1.000000 1.000000 1.000000 1.000000 0.004578
9260.0 1.000000 1.000000 1.000000 1.000000 1.000000 1.000000 1.000000 1.000000 1.000000 1.000000 1.000000 0.004566
9261.0 1.000000 1.000000 1.000000 1.000000 1.000000 1.000000 1.000000 1.000000 1.000000 1.000000 1.000000 0.004554
9262.0 1.000000 1.000000 1.000000 1.000000 1.000000 1.000000 1.000000 1.000000 1.000000 1.000000 1.000000 0.004542
9263.0 1.000000 1.000000 1.000000 1.000000 1.000000 1.000000 1.000000 1.000000 1.000000 1.000000 1.000000 0.004531
9264.0 1.000000 1.000000 1.000000 1.000000 1.000000 1.000000 1.000000 1.000000 1.000000 1.000000 1.000000 0.004519
9265.0 1.000000 1.000000 1.000000 1.000000 1.000000 1.000000 1.000000 1.000000 1.000000 1.000000 1.000000 0.004507
9266.0 1.000000 1.000000 1.000000 1.000000 1.000000 1.000000 1.000000 1.000000 1.000000 1.000000 1.000000 0.004495
9267.0 1.000000 1.000000 1.000000 1.000000 1.000000 1.000000 1.000000 1.000000 1.000000 1.000000 1.000000 0.004483
9268.0 1.000000 1.000000 1.000000 1.000000 1.000000 1.000000 1.000000 1.000000 1.000000 1.000000 1.000000 0.004471
9269.0 1.000000 1.000000 1.000000 1.000000 1.000000 1.000000 1.000000 1.000000 1.000000 1.000000 1.000000 0.004460
9270.0 1.000000 1.000000 1.000000 1.000000 1.000000 1.000000 1.000000 1.000000 1.000000 1.000000 1.000000 0.004448
9271.0 1.000000 1.000000 1.000000 1.000000 1.000000 1.000000 1.000000 1.000000 1.000000 1.000000 1.000000 0.004436
9272.0 1.000000 1.000000 1.000000 1.000000 1.000000 1.000000 1.000000 1.000000 1.000000 1.000000 1.000000 0.004425
9273.0 1.000000 1.000000 1.000000 1.000000 1.000000 1.000000 1.000000 1.000000 1.000000 1.000000 1.000000 0.004413
9274.0 1.000000 1.000000 1.000000 1.000000 1.000000 1.000000 1.000000 1.000000 1.000000 1.000000 1.000000 0.004401
9275.0 1.000000 1.000000 1.000000 1.000000 1.000000 1.000000 1.000000 1.000000 1.000000 1.000000 1.000000 0.004390
9276.0 1.000000 1.000000 1.000000 1.000000 1.000000 1.000000 1.000000 1.000000 1.000000 1.000000 1.000000 0.004378
9277.0 1.000000 1.000000 1.000000 1.000000 1.000000 1.000000 1.000000 1.000000 1.000000 1.000000 1.000000 0.004367
9278.0 1.000000 1.000000 1.000000 1.000000 1.000000 1.000000 1.000000 1.000000 1.000000 1.000000 1.000000 0.004355
9279.0 1.000000 1.000000 1.000000 1.000000 1.000000 1.000000 1.000000 1.000000 1.000000 1.000000 1.000000 0.004344
9280.0 1.000000 1.000000 1.000000 1.000000 1.000000 1.000000 1.000000 1.000000 1.000000 1.000000 1.000000 0.004332
9281.0 1.000000 1.000000 1.000000 1.000000 1.000000 1.000000 1.000000 1.000000 1.000000 1.000000 1.000000 0.004321
9282.0 1.000000 1.000000 1.000000 1.000000 1.000000 1.000000 1.000000 1.000000 1.000000 1.000000 1.000000 0.004310
9283.0 1.000000 1.000000 1.000000 1.000000 1.000000 1.000000 1.000000 1.000000 1.000000 1.000000 1.000000 0.004298
9284.0 1.000000 1.000000 1.000000 1.000000 1.000000 1.000000 1.000000 1.000000 1.000000 1.000000 1.000000 0.004287
9285.0 1.000000 1.000000 1.000000 1.000000 1.000000 1.000000 1.000000 1.000000 1.000000 1.000000 1.000000 0.004276
9286.0 1.000000 1.000000 1.000000 1.000000 1.000000 1.000000 1.000000 1.000000 1.000000 1.000000 1.000000 0.004264
9287.0 1.000000 1.000000 1.000000 1.000000 1.000000 1.000000 1.000000 1.000000 1.000000 1.000000 1.000000 0.004253
9288.0 1.000000 1.000000 1.000000 1.000000 1.000000 1.000000 1.000000 1.000000 1.000000 1.000000 1.000000 0.004242
9289.0 1.000000 1.000000 1.000000 1.000000 1.000000 1.000000 1.000000 1.000000 1.000000 1.000000 1.000000 0.004231
9290.0 1.000000 1.000000 1.000000 1.000000 1.000000 1.000000 1.000000 1.000000 1.000000 1.000000 1.000000 0.004219
9291.0 1.000000 1.000000 1.000000 1.000000 1.000000 1.000000 1.000000 1.000000 1.000000 1.000000 1.000000 0.004208
9292.0 1.000000 1.000000 1.000000 1.000000 1.000000 1.000000 1.000000 1.000000 1.000000 1.000000 1.000000 0.004197
9293.0 1.000000 1.000000 1.000000 1.000000 1.000000 1.000000 1.000000 1.000000 1.000000 1.000000 1.000000 0.004186
9294.0 1.000000 1.000000 1.000000 1.000000 1.000000 1.000000 1.000000 1.000000 1.000000 1.000000 1.000000 0.004175
9295.0 1.000000 1.000000 1.000000 1.000000 1.000000 1.000000 1.000000 1.000000 1.000000 1.000000 1.000000 0.004164
9296.0 1.000000 1.000000 1.000000 1.000000 1.000000 1.000000 1.000000 1.000000 1.000000 1.000000 1.000000 0.004153
9297.0 1.000000 1.000000 1.000000 1.000000 1.000000 1.000000 1.000000 1.000000 1.000000 1.000000 1.000000 0.004142
9298.0 1.000000 1.000000 1.000000 1.000000 1.000000 1.000000 1.000000 1.000000 1.000000 1.000000 1.000000 0.004131
9299.0 1.000000 1.000000 1.000000 1.000000 1.000000 1.000000 1.000000 1.000000 1.000000 1.000000 1.000000 0.004120
9300.0 1.000000 1.000000 1.000000 1.000000 1.000000 1.000000 1.000000 1.000000 1.000000 1.000000 1.000000 0.004109
9301.0 1.000000 1.000000 1.000000 1.000000 1.000000 1.000000 1.000000 1.000000 1.000000 1.000000 1.000000 0.004098
9302.0 1.000000 1.000000 1.000000 1.000000 1.000000 1.000000 1.000000 1.000000 1.000000 1.000000 1.000000 0.004087
9303.0 1.000000 1.000000 1.000000 1.000000 1.000000 1.000000 1.000000 1.000000 1.000000 1.000000 1.000000 0.004076
9304.0 1.000000 1.000000 1.000000 1.000000 1.000000 1.000000 1.000000 1.000000 1.000000 1.000000 1.000000 0.004065
9305.0 1.000000 1.000000 1.000000 1.000000 1.000000 1.000000 1.000000 1.000000 1.000000 1.000000 1.000000 0.004055
9306.0 1.000000 1.000000 1.000000 1.000000 1.000000 1.000000 1.000000 1.000000 1.000000 1.000000 1.000000 0.004044
9307.0 1.000000 1.000000 1.000000 1.000000 1.000000 1.000000 1.000000 1.000000 1.000000 1.000000 1.000000 0.004033
9308.0 1.000000 1.000000 1.000000 1.000000 1.000000 1.000000 1.000000 1.000000 1.000000 1.000000 1.000000 0.004022
9309.0 1.000000 1.000000 1.000000 1.000000 1.000000 1.000000 1.000000 1.000000 1.000000 1.000000 1.000000 0.004012
9310.0 1.000000 1.000000 1.000000 1.000000 1.000000 1.000000 1.000000 1.000000 1.000000 1.000000 1.000000 0.004001
9311.0 1.000000 1.000000 1.000000 1.000000 1.000000 1.000000 1.000000 1.000000 1.000000 1.000000 1.000000 0.003990
9312.0 1.000000 1.000000 1.000000 1.000000 1.000000 1.000000 1.000000 1.000000 1.000000 1.000000 1.000000 0.003980
9313.0 1.000000 1.000000 1.000000 1.000000 1.000000 1.000000 1.000000 1.000000 1.000000 1.000000 1.000000 0.003969
9314.0 1.000000 1.000000 1.000000 1.000000 1.000000 1.000000 1.000000 1.000000 1.000000 1.000000 1.000000 0.003958
9315.0 1.000000 1.000000 1.000000 1.000000 1.000000 1.000000 1.000000 1.000000 1.000000 1.000000 1.000000 0.003948
9316.0 1.000000 1.000000 1.000000 1.000000 1.000000 1.000000 1.000000 1.000000 1.000000 1.000000 1.000000 0.003937
9317.0 1.000000 1.000000 1.000000 1.000000 1.000000 1.000000 1.000000 1.000000 1.000000 1.000000 1.000000 0.003927
9318.0 1.000000 1.000000 1.000000 1.000000 1.000000 1.000000 1.000000 1.000000 1.000000 1.000000 1.000000 0.003916
9319.0 1.000000 1.000000 1.000000 1.000000 1.000000 1.000000 1.000000 1.000000 1.000000 1.000000 1.000000 0.003906
9320.0 1.000000 1.000000 1.000000 1.000000 1.000000 1.000000 1.000000 1.000000 1.000000 1.000000 1.000000 0.003895
9321.0 1.000000 1.000000 1.000000 1.000000 1.000000 1.000000 1.000000 1.000000 1.000000 1.000000 1.000000 0.003885
9322.0 1.000000 1.000000 1.000000 1.000000 1.000000 1.000000 1.000000 1.000000 1.000000 1.000000 1.000000 0.003875
9323.0 1.000000 1.000000 1.000000 1.000000 1.000000 1.000000 1.000000 1.000000 1.000000 1.000000 1.000000 0.003864
9324.0 1.000000 1.000000 1.000000 1.000000 1.000000 1.000000 1.000000 1.000000 1.000000 1.000000 1.000000 0.003854
9325.0 1.000000 1.000000 1.000000 1.000000 1.000000 1.000000 1.000000 1.000000 1.000000 1.000000 1.000000 0.003843
9326.0 1.000000 1.000000 1.000000 1.000000 1.000000 1.000000 1.000000 1.000000 1.000000 1.000000 1.000000 0.003833
9327.0 1.000000 1.000000 1.000000 1.000000 1.000000 1.000000 1.000000 1.000000 1.000000 1.000000 1.000000 0.003823
9328.0 1.000000 1.000000 1.000000 1.000000 1.000000 1.000000 1.000000 1.000000 1.000000 1.000000 1.000000 0.003813
9329.0 1.000000 1.000000 1.000000 1.000000 1.000000 1.000000 1.000000 1.000000 1.000000 1.000000 1.000000 0.003802
9330.0 1.000000 1.000000 1.000000 1.000000 1.000000 1.000000 1.000000 1.000000 1.000000 1.000000 1.000000 0.003792
9331.0 1.000000 1.000000 1.000000 1.000000 1.000000 1.000000 1.000000 1.000000 1.000000 1.000000 1.000000 0.003782
9332.0 1.000000 1.000000 1.000000 1.000000 1.000000 1.000000 1.000000 1.000000 1.000000 1.000000 1.000000 0.003772
9333.0 1.000000 1.000000 1.000000 1.000000 1.000000 1.000000 1.000000 1.000000 1.000000 1.000000 1.000000 0.003762
9334.0 1.000000 1.000000 1.000000 1.000000 1.000000 1.000000 1.000000 1.000000 1.000000 1.000000 1.000000 0.003752
9335.0 1.000000 1.000000 1.000000 1.000000 1.000000 1.000000 1.000000 1.000000 1.000000 1.000000 1.000000 0.003742
9336.0 1.000000 1.000000 1.000000 1.000000 1.000000 1.000000 1.000000 1.000000 1.000000 1.000000 1.000000 0.003731
9337.0 1.000000 1.000000 1.000000 1.000000 1.000000 1.000000 1.000000 1.000000 1.000000 1.000000 1.000000 0.003721
9338.0 1.000000 1.000000 1.000000 1.000000 1.000000 1.000000 1.000000 1.000000 1.000000 1.000000 1.000000 0.003711
9339.0 1.000000 1.000000 1.000000 1.000000 1.000000 1.000000 1.000000 1.000000 1.000000 1.000000 1.000000 0.003701
9340.0 1.000000 1.000000 1.000000 1.000000 1.000000 1.000000 1.000000 1.000000 1.000000 1.000000 1.000000 0.003691
9341.0 1.000000 1.000000 1.000000 1.000000 1.000000 1.000000 1.000000 1.000000 1.000000 1.000000 1.000000 0.003681
9342.0 1.000000 1.000000 1.000000 1.000000 1.000000 1.000000 1.000000 1.000000 1.000000 1.000000 1.000000 0.003672
9343.0 1.000000 1.000000 1.000000 1.000000 1.000000 1.000000 1.000000 1.000000 1.000000 1.000000 1.000000 0.003662
9344.0 1.000000 1.000000 1.000000 1.000000 1.000000 1.000000 1.000000 1.000000 1.000000 1.000000 1.000000 0.003652
9345.0 1.000000 1.000000 1.000000 1.000000 1.000000 1.000000 1.000000 1.000000 1.000000 1.000000 1.000000 0.003642
9346.0 1.000000 1.000000 1.000000 1.000000 1.000000 1.000000 1.000000 1.000000 1.000000 1.000000 1.000000 0.003632
9347.0 1.000000 1.000000 1.000000 1.000000 1.000000 1.000000 1.000000 1.000000 1.000000 1.000000 1.000000 0.003622
9348.0 1.000000 1.000000 1.000000 1.000000 1.000000 1.000000 1.000000 1.000000 1.000000 1.000000 1.000000 0.003612
9349.0 1.000000 1.000000 1.000000 1.000000 1.000000 1.000000 1.000000 1.000000 1.000000 1.000000 1.000000 0.003603
9350.0 1.000000 1.000000 1.000000 1.000000 1.000000 1.000000 1.000000 1.000000 1.000000 1.000000 1.000000 0.003593
9351.0 1.000000 1.000000 1.000000 1.000000 1.000000 1.000000 1.000000 1.000000 1.000000 1.000000 1.000000 0.003583
9352.0 1.000000 1.000000 1.000000 1.000000 1.000000 1.000000 1.000000 1.000000 1.000000 1.000000 1.000000 0.003573
9353.0 1.000000 1.000000 1.000000 1.000000 1.000000 1.000000 1.000000 1.000000 1.000000 1.000000 1.000000 0.003564
9354.0 1.000000 1.000000 1.000000 1.000000 1.000000 1.000000 1.000000 1.000000 1.000000 1.000000 1.000000 0.003554
9355.0 1.000000 1.000000 1.000000 1.000000 1.000000 1.000000 1.000000 1.000000 1.000000 1.000000 1.000000 0.003545
9356.0 1.000000 1.000000 1.000000 1.000000 1.000000 1.000000 1.000000 1.000000 1.000000 1.000000 1.000000 0.003535
9357.0 1.000000 1.000000 1.000000 1.000000 1.000000 1.000000 1.000000 1.000000 1.000000 1.000000 1.000000 0.003525
9358.0 1.000000 1.000000 1.000000 1.000000 1.000000 1.000000 1.000000 1.000000 1.000000 1.000000 1.000000 0.003516
9359.0 1.000000 1.000000 1.000000 1.000000 1.000000 1.000000 1.000000 1.000000 1.000000 1.000000 1.000000 0.003506
9360.0 1.000000 1.000000 1.000000 1.000000 1.000000 1.000000 1.000000 1.000000 1.000000 1.000000 1.000000 0.003497
9361.0 1.000000 1.000000 1.000000 1.000000 1.000000 1.000000 1.000000 1.000000 1.000000 1.000000 1.000000 0.003487
9362.0 1.000000 1.000000 1.000000 1.000000 1.000000 1.000000 1.000000 1.000000 1.000000 1.000000 1.000000 0.003478
9363.0 1.000000 1.000000 1.000000 1.000000 1.000000 1.000000 1.000000 1.000000 1.000000 1.000000 1.000000 0.003468
9364.0 1.000000 1.000000 1.000000 1.000000 1.000000 1.000000 1.000000 1.000000 1.000000 1.000000 1.000000 0.003459
9365.0 1.000000 1.000000 1.000000 1.000000 1.000000 1.000000 1.000000 1.000000 1.000000 1.000000 1.000000 0.003449
9366.0 1.000000 1.000000 1.000000 1.000000 1.000000 1.000000 1.000000 1.000000 1.000000 1.000000 1.000000 0.003440
9367.0 1.000000 1.000000 1.000000 1.000000 1.000000 1.000000 1.000000 1.000000 1.000000 1.000000 1.000000 0.003431
9368.0 1.000000 1.000000 1.000000 1.000000 1.000000 1.000000 1.000000 1.000000 1.000000 1.000000 1.000000 0.003421
9369.0 1.000000 1.000000 1.000000 1.000000 1.000000 1.000000 1.000000 1.000000 1.000000 1.000000 1.000000 0.003412
9370.0 1.000000 1.000000 1.000000 1.000000 1.000000 1.000000 1.000000 1.000000 1.000000 1.000000 1.000000 0.003403
9371.0 1.000000 1.000000 1.000000 1.000000 1.000000 1.000000 1.000000 1.000000 1.000000 1.000000 1.000000 0.003393
9372.0 1.000000 1.000000 1.000000 1.000000 1.000000 1.000000 1.000000 1.000000 1.000000 1.000000 1.000000 0.003384
9373.0 1.000000 1.000000 1.000000 1.000000 1.000000 1.000000 1.000000 1.000000 1.000000 1.000000 1.000000 0.003375
9374.0 1.000000 1.000000 1.000000 1.000000 1.000000 1.000000 1.000000 1.000000 1.000000 1.000000 1.000000 0.003366
9375.0 1.000000 1.000000 1.000000 1.000000 1.000000 1.000000 1.000000 1.000000 1.000000 1.000000 1.000000 0.003357
9376.0 1.000000 1.000000 1.000000 1.000000 1.000000 1.000000 1.000000 1.000000 1.000000 1.000000 1.000000 0.003347
9377.0 1.000000 1.000000 1.000000 1.000000 1.000000 1.000000 1.000000 1.000000 1.000000 1.000000 1.000000 0.003338
9378.0 1.000000 1.000000 1.000000 1.000000 1.000000 1.000000 1.000000 1.000000 1.000000 1.000000 1.000000 0.003329
9379.0 1.000000 1.000000 1.000000 1.000000 1.000000 1.000000 1.000000 1.000000 1.000000 1.000000 1.000000 0.003320
9380.0 1.000000 1.000000 1.000000 1.000000 1.000000 1.000000 1.000000 1.000000 1.000000 1.000000 1.000000 0.003311
9381.0 1.000000 1.000000 1.000000 1.000000 1.000000 1.000000 1.000000 1.000000 1.000000 1.000000 1.000000 0.003302
9382.0 1.000000 1.000000 1.000000 1.000000 1.000000 1.000000 1.000000 1.000000 1.000000 1.000000 1.000000 0.003293
9383.0 1.000000 1.000000 1.000000 1.000000 1.000000 1.000000 1.000000 1.000000 1.000000 1.000000 1.000000 0.003284
9384.0 1.000000 1.000000 1.000000 1.000000 1.000000 1.000000 1.000000 1.000000 1.000000 1.000000 1.000000 0.003275
9385.0 1.000000 1.000000 1.000000 1.000000 1.000000 1.000000 1.000000 1.000000 1.000000 1.000000 1.000000 0.003266
9386.0 1.000000 1.000000 1.000000 1.000000 1.000000 1.000000 1.000000 1.000000 1.000000 1.000000 1.000000 0.003257
9387.0 1.000000 1.000000 1.000000 1.000000 1.000000 1.000000 1.000000 1.000000 1.000000 1.000000 1.000000 0.003248
9388.0 1.000000 1.000000 1.000000 1.000000 1.000000 1.000000 1.000000 1.000000 1.000000 1.000000 1.000000 0.003239
9389.0 1.000000 1.000000 1.000000 1.000000 1.000000 1.000000 1.000000 1.000000 1.000000 1.000000 1.000000 0.003230
9390.0 1.000000 1.000000 1.000000 1.000000 1.000000 1.000000 1.000000 1.000000 1.000000 1.000000 1.000000 0.003221
9391.0 1.000000 1.000000 1.000000 1.000000 1.000000 1.000000 1.000000 1.000000 1.000000 1.000000 1.000000 0.003212
9392.0 1.000000 1.000000 1.000000 1.000000 1.000000 1.000000 1.000000 1.000000 1.000000 1.000000 1.000000 0.003204
9393.0 1.000000 1.000000 1.000000 1.000000 1.000000 1.000000 1.000000 1.000000 1.000000 1.000000 1.000000 0.003195
9394.0 1.000000 1.000000 1.000000 1.000000 1.000000 1.000000 1.000000 1.000000 1.000000 1.000000 1.000000 0.003186
9395.0 1.000000 1.000000 1.000000 1.000000 1.000000 1.000000 1.000000 1.000000 1.000000 1.000000 1.000000 0.003177
9396.0 1.000000 1.000000 1.000000 1.000000 1.000000 1.000000 1.000000 1.000000 1.000000 1.000000 1.000000 0.003169
9397.0 1.000000 1.000000 1.000000 1.000000 1.000000 1.000000 1.000000 1.000000 1.000000 1.000000 1.000000 0.003160
9398.0 1.000000 1.000000 1.000000 1.000000 1.000000 1.000000 1.000000 1.000000 1.000000 1.000000 1.000000 0.003151
9399.0 1.000000 1.000000 1.000000 1.000000 1.000000 1.000000 1.000000 1.000000 1.000000 1.000000 1.000000 0.003142
9400.0 1.000000 1.000000 1.000000 1.000000 1.000000 1.000000 1.000000 1.000000 1.000000 1.000000 1.000000 0.003134
9401.0 1.000000 1.000000 1.000000 1.000000 1.000000 1.000000 1.000000 1.000000 1.000000 1.000000 1.000000 0.003125
9402.0 1.000000 1.000000 1.000000 1.000000 1.000000 1.000000 1.000000 1.000000 1.000000 1.000000 1.000000 0.003117
9403.0 1.000000 1.000000 1.000000 1.000000 1.000000 1.000000 1.000000 1.000000 1.000000 1.000000 1.000000 0.003108
9404.0 1.000000 1.000000 1.000000 1.000000 1.000000 1.000000 1.000000 1.000000 1.000000 1.000000 1.000000 0.003099
9405.0 1.000000 1.000000 1.000000 1.000000 1.000000 1.000000 1.000000 1.000000 1.000000 1.000000 1.000000 0.003091
9406.0 1.000000 1.000000 1.000000 1.000000 1.000000 1.000000 1.000000 1.000000 1.000000 1.000000 1.000000 0.003082
9407.0 1.000000 1.000000 1.000000 1.000000 1.000000 1.000000 1.000000 1.000000 1.000000 1.000000 1.000000 0.003074
9408.0 1.000000 1.000000 1.000000 1.000000 1.000000 1.000000 1.000000 1.000000 1.000000 1.000000 1.000000 0.003065
9409.0 1.000000 1.000000 1.000000 1.000000 1.000000 1.000000 1.000000 1.000000 1.000000 1.000000 1.000000 0.003057
9410.0 1.000000 1.000000 1.000000 1.000000 1.000000 1.000000 1.000000 1.000000 1.000000 1.000000 1.000000 0.003048
9411.0 1.000000 1.000000 1.000000 1.000000 1.000000 1.000000 1.000000 1.000000 1.000000 1.000000 1.000000 0.003040
9412.0 1.000000 1.000000 1.000000 1.000000 1.000000 1.000000 1.000000 1.000000 1.000000 1.000000 1.000000 0.003031
9413.0 1.000000 1.000000 1.000000 1.000000 1.000000 1.000000 1.000000 1.000000 1.000000 1.000000 1.000000 0.003023
9414.0 1.000000 1.000000 1.000000 1.000000 1.000000 1.000000 1.000000 1.000000 1.000000 1.000000 1.000000 0.003015
9415.0 1.000000 1.000000 1.000000 1.000000 1.000000 1.000000 1.000000 1.000000 1.000000 1.000000 1.000000 0.003006
9416.0 1.000000 1.000000 1.000000 1.000000 1.000000 1.000000 1.000000 1.000000 1.000000 1.000000 1.000000 0.002998
9417.0 1.000000 1.000000 1.000000 1.000000 1.000000 1.000000 1.000000 1.000000 1.000000 1.000000 1.000000 0.002990
9418.0 1.000000 1.000000 1.000000 1.000000 1.000000 1.000000 1.000000 1.000000 1.000000 1.000000 1.000000 0.002981
9419.0 1.000000 1.000000 1.000000 1.000000 1.000000 1.000000 1.000000 1.000000 1.000000 1.000000 1.000000 0.002973
9420.0 1.000000 1.000000 1.000000 1.000000 1.000000 1.000000 1.000000 1.000000 1.000000 1.000000 1.000000 0.002965
9421.0 1.000000 1.000000 1.000000 1.000000 1.000000 1.000000 1.000000 1.000000 1.000000 1.000000 1.000000 0.002957
9422.0 1.000000 1.000000 1.000000 1.000000 1.000000 1.000000 1.000000 1.000000 1.000000 1.000000 1.000000 0.002948
9423.0 1.000000 1.000000 1.000000 1.000000 1.000000 1.000000 1.000000 1.000000 1.000000 1.000000 1.000000 0.002940
9424.0 1.000000 1.000000 1.000000 1.000000 1.000000 1.000000 1.000000 1.000000 1.000000 1.000000 1.000000 0.002932
9425.0 1.000000 1.000000 1.000000 1.000000 1.000000 1.000000 1.000000 1.000000 1.000000 1.000000 1.000000 0.002924
9426.0 1.000000 1.000000 1.000000 1.000000 1.000000 1.000000 1.000000 1.000000 1.000000 1.000000 1.000000 0.002916
9427.0 1.000000 1.000000 1.000000 1.000000 1.000000 1.000000 1.000000 1.000000 1.000000 1.000000 1.000000 0.002908
9428.0 1.000000 1.000000 1.000000 1.000000 1.000000 1.000000 1.000000 1.000000 1.000000 1.000000 1.000000 0.002900
9429.0 1.000000 1.000000 1.000000 1.000000 1.000000 1.000000 1.000000 1.000000 1.000000 1.000000 1.000000 0.002891
9430.0 1.000000 1.000000 1.000000 1.000000 1.000000 1.000000 1.000000 1.000000 1.000000 1.000000 1.000000 0.002883
9431.0 1.000000 1.000000 1.000000 1.000000 1.000000 1.000000 1.000000 1.000000 1.000000 1.000000 1.000000 0.002875
9432.0 1.000000 1.000000 1.000000 1.000000 1.000000 1.000000 1.000000 1.000000 1.000000 1.000000 1.000000 0.002867
9433.0 1.000000 1.000000 1.000000 1.000000 1.000000 1.000000 1.000000 1.000000 1.000000 1.000000 1.000000 0.002859
9434.0 1.000000 1.000000 1.000000 1.000000 1.000000 1.000000 1.000000 1.000000 1.000000 1.000000 1.000000 0.002851
9435.0 1.000000 1.000000 1.000000 1.000000 1.000000 1.000000 1.000000 1.000000 1.000000 1.000000 1.000000 0.002843
9436.0 1.000000 1.000000 1.000000 1.000000 1.000000 1.000000 1.000000 1.000000 1.000000 1.000000 1.000000 0.002835
9437.0 1.000000 1.000000 1.000000 1.000000 1.000000 1.000000 1.000000 1.000000 1.000000 1.000000 1.000000 0.002828
9438.0 1.000000 1.000000 1.000000 1.000000 1.000000 1.000000 1.000000 1.000000 1.000000 1.000000 1.000000 0.002820
9439.0 1.000000 1.000000 1.000000 1.000000 1.000000 1.000000 1.000000 1.000000 1.000000 1.000000 1.000000 0.002812
9440.0 1.000000 1.000000 1.000000 1.000000 1.000000 1.000000 1.000000 1.000000 1.000000 1.000000 1.000000 0.002804
9441.0 1.000000 1.000000 1.000000 1.000000 1.000000 1.000000 1.000000 1.000000 1.000000 1.000000 1.000000 0.002796
9442.0 1.000000 1.000000 1.000000 1.000000 1.000000 1.000000 1.000000 1.000000 1.000000 1.000000 1.000000 0.002788
9443.0 1.000000 1.000000 1.000000 1.000000 1.000000 1.000000 1.000000 1.000000 1.000000 1.000000 1.000000 0.002780
9444.0 1.000000 1.000000 1.000000 1.000000 1.000000 1.000000 1.000000 1.000000 1.000000 1.000000 1.000000 0.002773
9445.0 1.000000 1.000000 1.000000 1.000000 1.000000 1.000000 1.000000 1.000000 1.000000 1.000000 1.000000 0.002765
9446.0 1.000000 1.000000 1.000000 1.000000 1.000000 1.000000 1.000000 1.000000 1.000000 1.000000 1.000000 0.002757
9447.0 1.000000 1.000000 1.000000 1.000000 1.000000 1.000000 1.000000 1.000000 1.000000 1.000000 1.000000 0.002749
9448.0 1.000000 1.000000 1.000000 1.000000 1.000000 1.000000 1.000000 1.000000 1.000000 1.000000 1.000000 0.002742
9449.0 1.000000 1.000000 1.000000 1.000000 1.000000 1.000000 1.000000 1.000000 1.000000 1.000000 1.000000 0.002734
9450.0 1.000000 1.000000 1.000000 1.000000 1.000000 1.000000 1.000000 1.000000 1.000000 1.000000 1.000000 0.002726
9451.0 1.000000 1.000000 1.000000 1.000000 1.000000 1.000000 1.000000 1.000000 1.000000 1.000000 1.000000 0.002719
9452.0 1.000000 1.000000 1.000000 1.000000 1.000000 1.000000 1.000000 1.000000 1.000000 1.000000 1.000000 0.002711
9453.0 1.000000 1.000000 1.000000 1.000000 1.000000 1.000000 1.000000 1.000000 1.000000 1.000000 1.000000 0.002703
9454.0 1.000000 1.000000 1.000000 1.000000 1.000000 1.000000 1.000000 1.000000 1.000000 1.000000 1.000000 0.002696
9455.0 1.000000 1.000000 1.000000 1.000000 1.000000 1.000000 1.000000 1.000000 1.000000 1.000000 1.000000 0.002688
9456.0 1.000000 1.000000 1.000000 1.000000 1.000000 1.000000 1.000000 1.000000 1.000000 1.000000 1.000000 0.002681
9457.0 1.000000 1.000000 1.000000 1.000000 1.000000 1.000000 1.000000 1.000000 1.000000 1.000000 1.000000 0.002673
9458.0 1.000000 1.000000 1.000000 1.000000 1.000000 1.000000 1.000000 1.000000 1.000000 1.000000 1.000000 0.002666
9459.0 1.000000 1.000000 1.000000 1.000000 1.000000 1.000000 1.000000 1.000000 1.000000 1.000000 1.000000 0.002658
9460.0 1.000000 1.000000 1.000000 1.000000 1.000000 1.000000 1.000000 1.000000 1.000000 1.000000 1.000000 0.002651
9461.0 1.000000 1.000000 1.000000 1.000000 1.000000 1.000000 1.000000 1.000000 1.000000 1.000000 1.000000 0.002643
9462.0 1.000000 1.000000 1.000000 1.000000 1.000000 1.000000 1.000000 1.000000 1.000000 1.000000 1.000000 0.002636
9463.0 1.000000 1.000000 1.000000 1.000000 1.000000 1.000000 1.000000 1.000000 1.000000 1.000000 1.000000 0.002628
9464.0 1.000000 1.000000 1.000000 1.000000 1.000000 1.000000 1.000000 1.000000 1.000000 1.000000 1.000000 0.002621
9465.0 1.000000 1.000000 1.000000 1.000000 1.000000 1.000000 1.000000 1.000000 1.000000 1.000000 1.000000 0.002613
9466.0 1.000000 1.000000 1.000000 1.000000 1.000000 1.000000 1.000000 1.000000 1.000000 1.000000 1.000000 0.002606
9467.0 1.000000 1.000000 1.000000 1.000000 1.000000 1.000000 1.000000 1.000000 1.000000 1.000000 1.000000 0.002599
9468.0 1.000000 1.000000 1.000000 1.000000 1.000000 1.000000 1.000000 1.000000 1.000000 1.000000 1.000000 0.002591
9469.0 1.000000 1.000000 1.000000 1.000000 1.000000 1.000000 1.000000 1.000000 1.000000 1.000000 1.000000 0.002584
9470.0 1.000000 1.000000 1.000000 1.000000 1.000000 1.000000 1.000000 1.000000 1.000000 1.000000 1.000000 0.002577
9471.0 1.000000 1.000000 1.000000 1.000000 1.000000 1.000000 1.000000 1.000000 1.000000 1.000000 1.000000 0.002569
9472.0 1.000000 1.000000 1.000000 1.000000 1.000000 1.000000 1.000000 1.000000 1.000000 1.000000 1.000000 0.002562
9473.0 1.000000 1.000000 1.000000 1.000000 1.000000 1.000000 1.000000 1.000000 1.000000 1.000000 1.000000 0.002555
9474.0 1.000000 1.000000 1.000000 1.000000 1.000000 1.000000 1.000000 1.000000 1.000000 1.000000 1.000000 0.002548
9475.0 1.000000 1.000000 1.000000 1.000000 1.000000 1.000000 1.000000 1.000000 1.000000 1.000000 1.000000 0.002540
9476.0 1.000000 1.000000 1.000000 1.000000 1.000000 1.000000 1.000000 1.000000 1.000000 1.000000 1.000000 0.002533
9477.0 1.000000 1.000000 1.000000 1.000000 1.000000 1.000000 1.000000 1.000000 1.000000 1.000000 1.000000 0.002526
9478.0 1.000000 1.000000 1.000000 1.000000 1.000000 1.000000 1.000000 1.000000 1.000000 1.000000 1.000000 0.002519
9479.0 1.000000 1.000000 1.000000 1.000000 1.000000 1.000000 1.000000 1.000000 1.000000 1.000000 1.000000 0.002512
9480.0 1.000000 1.000000 1.000000 1.000000 1.000000 1.000000 1.000000 1.000000 1.000000 1.000000 1.000000 0.002505
9481.0 1.000000 1.000000 1.000000 1.000000 1.000000 1.000000 1.000000 1.000000 1.000000 1.000000 1.000000 0.002497
9482.0 1.000000 1.000000 1.000000 1.000000 1.000000 1.000000 1.000000 1.000000 1.000000 1.000000 1.000000 0.002490
9483.0 1.000000 1.000000 1.000000 1.000000 1.000000 1.000000 1.000000 1.000000 1.000000 1.000000 1.000000 0.002483
9484.0 1.000000 1.000000 1.000000 1.000000 1.000000 1.000000 1.000000 1.000000 1.000000 1.000000 1.000000 0.002476
9485.0 1.000000 1.000000 1.000000 1.000000 1.000000 1.000000 1.000000 1.000000 1.000000 1.000000 1.000000 0.002469
9486.0 1.000000 1.000000 1.000000 1.000000 1.000000 1.000000 1.000000 1.000000 1.000000 1.000000 1.000000 0.002462
9487.0 1.000000 1.000000 1.000000 1.000000 1.000000 1.000000 1.000000 1.000000 1.000000 1.000000 1.000000 0.002455
9488.0 1.000000 1.000000 1.000000 1.000000 1.000000 1.000000 1.000000 1.000000 1.000000 1.000000 1.000000 0.002448
9489.0 1.000000 1.000000 1.000000 1.000000 1.000000 1.000000 1.000000 1.000000 1.000000 1.000000 1.000000 0.002441
9490.0 1.000000 1.000000 1.000000 1.000000 1.000000 1.000000 1.000000 1.000000 1.000000 1.000000 1.000000 0.002434
9491.0 1.000000 1.000000 1.000000 1.000000 1.000000 1.000000 1.000000 1.000000 1.000000 1.000000 1.000000 0.002427
9492.0 1.000000 1.000000 1.000000 1.000000 1.000000 1.000000 1.000000 1.000000 1.000000 1.000000 1.000000 0.002420
9493.0 1.000000 1.000000 1.000000 1.000000 1.000000 1.000000 1.000000 1.000000 1.000000 1.000000 1.000000 0.002413
9494.0 1.000000 1.000000 1.000000 1.000000 1.000000 1.000000 1.000000 1.000000 1.000000 1.000000 1.000000 0.002407
9495.0 1.000000 1.000000 1.000000 1.000000 1.000000 1.000000 1.000000 1.000000 1.000000 1.000000 1.000000 0.002400
9496.0 1.000000 1.000000 1.000000 1.000000 1.000000 1.000000 1.000000 1.000000 1.000000 1.000000 1.000000 0.002393
9497.0 1.000000 1.000000 1.000000 1.000000 1.000000 1.000000 1.000000 1.000000 1.000000 1.000000 1.000000 0.002386
9498.0 1.000000 1.000000 1.000000 1.000000 1.000000 1.000000 1.000000 1.000000 1.000000 1.000000 1.000000 0.002379
9499.0 1.000000 1.000000 1.000000 1.000000 1.000000 1.000000 1.000000 1.000000 1.000000 1.000000 1.000000 0.002372
9500.0 1.000000 1.000000 1.000000 1.000000 1.000000 1.000000 1.000000 1.000000 1.000000 1.000000 1.000000 0.002366
9501.0 1.000000 1.000000 1.000000 1.000000 1.000000 1.000000 1.000000 1.000000 1.000000 1.000000 1.000000 0.002359
9502.0 1.000000 1.000000 1.000000 1.000000 1.000000 1.000000 1.000000 1.000000 1.000000 1.000000 1.000000 0.002352
9503.0 1.000000 1.000000 1.000000 1.000000 1.000000 1.000000 1.000000 1.000000 1.000000 1.000000 1.000000 0.002345
9504.0 1.000000 1.000000 1.000000 1.000000 1.000000 1.000000 1.000000 1.000000 1.000000 1.000000 1.000000 0.002339
9505.0 1.000000 1.000000 1.000000 1.000000 1.000000 1.000000 1.000000 1.000000 1.000000 1.000000 1.000000 0.002332
9506.0 1.000000 1.000000 1.000000 1.000000 1.000000 1.000000 1.000000 1.000000 1.000000 1.000000 1.000000 0.002325
9507.0 1.000000 1.000000 1.000000 1.000000 1.000000 1.000000 1.000000 1.000000 1.000000 1.000000 1.000000 0.002319
9508.0 1.000000 1.000000 1.000000 1.000000 1.000000 1.000000 1.000000 1.000000 1.000000 1.000000 1.000000 0.002312
9509.0 1.000000 1.000000 1.000000 1.000000 1.000000 1.000000 1.000000 1.000000 1.000000 1.000000 1.000000 0.002305
9510.0 1.000000 1.000000 1.000000 1.000000 1.000000 1.000000 1.000000 1.000000 1.000000 1.000000 1.000000 0.002299
9511.0 1.000000 1.000000 1.000000 1.000000 1.000000 1.000000 1.000000 1.000000 1.000000 1.000000 1.000000 0.002292
9512.0 1.000000 1.000000 1.000000 1.000000 1.000000 1.000000 1.000000 1.000000 1.000000 1.000000 1.000000 0.002286
9513.0 1.000000 1.000000 1.000000 1.000000 1.000000 1.000000 1.000000 1.000000 1.000000 1.000000 1.000000 0.002279
9514.0 1.000000 1.000000 1.000000 1.000000 1.000000 1.000000 1.000000 1.000000 1.000000 1.000000 1.000000 0.002272
9515.0 1.000000 1.000000 1.000000 1.000000 1.000000 1.000000 1.000000 1.000000 1.000000 1.000000 1.000000 0.002266
9516.0 1.000000 1.000000 1.000000 1.000000 1.000000 1.000000 1.000000 1.000000 1.000000 1.000000 1.000000 0.002259
9517.0 1.000000 1.000000 1.000000 1.000000 1.000000 1.000000 1.000000 1.000000 1.000000 1.000000 1.000000 0.002253
9518.0 1.000000 1.000000 1.000000 1.000000 1.000000 1.000000 1.000000 1.000000 1.000000 1.000000 1.000000 0.002246
9519.0 1.000000 1.000000 1.000000 1.000000 1.000000 1.000000 1.000000 1.000000 1.000000 1.000000 1.000000 0.002240
9520.0 1.000000 1.000000 1.000000 1.000000 1.000000 1.000000 1.000000 1.000000 1.000000 1.000000 1.000000 0.002233
9521.0 1.000000 1.000000 1.000000 1.000000 1.000000 1.000000 1.000000 1.000000 1.000000 1.000000 1.000000 0.002227
9522.0 1.000000 1.000000 1.000000 1.000000 1.000000 1.000000 1.000000 1.000000 1.000000 1.000000 1.000000 0.002221
9523.0 1.000000 1.000000 1.000000 1.000000 1.000000 1.000000 1.000000 1.000000 1.000000 1.000000 1.000000 0.002214
9524.0 1.000000 1.000000 1.000000 1.000000 1.000000 1.000000 1.000000 1.000000 1.000000 1.000000 1.000000 0.002208
9525.0 1.000000 1.000000 1.000000 1.000000 1.000000 1.000000 1.000000 1.000000 1.000000 1.000000 1.000000 0.002201
9526.0 1.000000 1.000000 1.000000 1.000000 1.000000 1.000000 1.000000 1.000000 1.000000 1.000000 1.000000 0.002195
9527.0 1.000000 1.000000 1.000000 1.000000 1.000000 1.000000 1.000000 1.000000 1.000000 1.000000 1.000000 0.002189
9528.0 1.000000 1.000000 1.000000 1.000000 1.000000 1.000000 1.000000 1.000000 1.000000 1.000000 1.000000 0.002182
9529.0 1.000000 1.000000 1.000000 1.000000 1.000000 1.000000 1.000000 1.000000 1.000000 1.000000 1.000000 0.002176
9530.0 1.000000 1.000000 1.000000 1.000000 1.000000 1.000000 1.000000 1.000000 1.000000 1.000000 1.000000 0.002170
9531.0 1.000000 1.000000 1.000000 1.000000 1.000000 1.000000 1.000000 1.000000 1.000000 1.000000 1.000000 0.002164
9532.0 1.000000 1.000000 1.000000 1.000000 1.000000 1.000000 1.000000 1.000000 1.000000 1.000000 1.000000 0.002157
9533.0 1.000000 1.000000 1.000000 1.000000 1.000000 1.000000 1.000000 1.000000 1.000000 1.000000 1.000000 0.002151
9534.0 1.000000 1.000000 1.000000 1.000000 1.000000 1.000000 1.000000 1.000000 1.000000 1.000000 1.000000 0.002145
9535.0 1.000000 1.000000 1.000000 1.000000 1.000000 1.000000 1.000000 1.000000 1.000000 1.000000 1.000000 0.002139
9536.0 1.000000 1.000000 1.000000 1.000000 1.000000 1.000000 1.000000 1.000000 1.000000 1.000000 1.000000 0.002132
9537.0 1.000000 1.000000 1.000000 1.000000 1.000000 1.000000 1.000000 1.000000 1.000000 1.000000 1.000000 0.002126
9538.0 1.000000 1.000000 1.000000 1.000000 1.000000 1.000000 1.000000 1.000000 1.000000 1.000000 1.000000 0.002120
9539.0 1.000000 1.000000 1.000000 1.000000 1.000000 1.000000 1.000000 1.000000 1.000000 1.000000 1.000000 0.002114
9540.0 1.000000 1.000000 1.000000 1.000000 1.000000 1.000000 1.000000 1.000000 1.000000 1.000000 1.000000 0.002108
9541.0 1.000000 1.000000 1.000000 1.000000 1.000000 1.000000 1.000000 1.000000 1.000000 1.000000 1.000000 0.002102
9542.0 1.000000 1.000000 1.000000 1.000000 1.000000 1.000000 1.000000 1.000000 1.000000 1.000000 1.000000 0.002096
9543.0 1.000000 1.000000 1.000000 1.000000 1.000000 1.000000 1.000000 1.000000 1.000000 1.000000 1.000000 0.002089
9544.0 1.000000 1.000000 1.000000 1.000000 1.000000 1.000000 1.000000 1.000000 1.000000 1.000000 1.000000 0.002083
9545.0 1.000000 1.000000 1.000000 1.000000 1.000000 1.000000 1.000000 1.000000 1.000000 1.000000 1.000000 0.002077
9546.0 1.000000 1.000000 1.000000 1.000000 1.000000 1.000000 1.000000 1.000000 1.000000 1.000000 1.000000 0.002071
9547.0 1.000000 1.000000 1.000000 1.000000 1.000000 1.000000 1.000000 1.000000 1.000000 1.000000 1.000000 0.002065
9548.0 1.000000 1.000000 1.000000 1.000000 1.000000 1.000000 1.000000 1.000000 1.000000 1.000000 1.000000 0.002059
9549.0 1.000000 1.000000 1.000000 1.000000 1.000000 1.000000 1.000000 1.000000 1.000000 1.000000 1.000000 0.002053
9550.0 1.000000 1.000000 1.000000 1.000000 1.000000 1.000000 1.000000 1.000000 1.000000 1.000000 1.000000 0.002047
9551.0 1.000000 1.000000 1.000000 1.000000 1.000000 1.000000 1.000000 1.000000 1.000000 1.000000 1.000000 0.002041
9552.0 1.000000 1.000000 1.000000 1.000000 1.000000 1.000000 1.000000 1.000000 1.000000 1.000000 1.000000 0.002035
9553.0 1.000000 1.000000 1.000000 1.000000 1.000000 1.000000 1.000000 1.000000 1.000000 1.000000 1.000000 0.002029
9554.0 1.000000 1.000000 1.000000 1.000000 1.000000 1.000000 1.000000 1.000000 1.000000 1.000000 1.000000 0.002024
9555.0 1.000000 1.000000 1.000000 1.000000 1.000000 1.000000 1.000000 1.000000 1.000000 1.000000 1.000000 0.002018
9556.0 1.000000 1.000000 1.000000 1.000000 1.000000 1.000000 1.000000 1.000000 1.000000 1.000000 1.000000 0.002012
9557.0 1.000000 1.000000 1.000000 1.000000 1.000000 1.000000 1.000000 1.000000 1.000000 1.000000 1.000000 0.002006
9558.0 1.000000 1.000000 1.000000 1.000000 1.000000 1.000000 1.000000 1.000000 1.000000 1.000000 1.000000 0.002000
9559.0 1.000000 1.000000 1.000000 1.000000 1.000000 1.000000 1.000000 1.000000 1.000000 1.000000 1.000000 0.001994
9560.0 1.000000 1.000000 1.000000 1.000000 1.000000 1.000000 1.000000 1.000000 1.000000 1.000000 1.000000 0.001988
9561.0 1.000000 1.000000 1.000000 1.000000 1.000000 1.000000 1.000000 1.000000 1.000000 1.000000 1.000000 0.001982
9562.0 1.000000 1.000000 1.000000 1.000000 1.000000 1.000000 1.000000 1.000000 1.000000 1.000000 1.000000 0.001977
9563.0 1.000000 1.000000 1.000000 1.000000 1.000000 1.000000 1.000000 1.000000 1.000000 1.000000 1.000000 0.001971
9564.0 1.000000 1.000000 1.000000 1.000000 1.000000 1.000000 1.000000 1.000000 1.000000 1.000000 1.000000 0.001965
9565.0 1.000000 1.000000 1.000000 1.000000 1.000000 1.000000 1.000000 1.000000 1.000000 1.000000 1.000000 0.001959
9566.0 1.000000 1.000000 1.000000 1.000000 1.000000 1.000000 1.000000 1.000000 1.000000 1.000000 1.000000 0.001954
9567.0 1.000000 1.000000 1.000000 1.000000 1.000000 1.000000 1.000000 1.000000 1.000000 1.000000 1.000000 0.001948
9568.0 1.000000 1.000000 1.000000 1.000000 1.000000 1.000000 1.000000 1.000000 1.000000 1.000000 1.000000 0.001942
9569.0 1.000000 1.000000 1.000000 1.000000 1.000000 1.000000 1.000000 1.000000 1.000000 1.000000 1.000000 0.001937
9570.0 1.000000 1.000000 1.000000 1.000000 1.000000 1.000000 1.000000 1.000000 1.000000 1.000000 1.000000 0.001931
9571.0 1.000000 1.000000 1.000000 1.000000 1.000000 1.000000 1.000000 1.000000 1.000000 1.000000 1.000000 0.001925
9572.0 1.000000 1.000000 1.000000 1.000000 1.000000 1.000000 1.000000 1.000000 1.000000 1.000000 1.000000 0.001920
9573.0 1.000000 1.000000 1.000000 1.000000 1.000000 1.000000 1.000000 1.000000 1.000000 1.000000 1.000000 0.001914
9574.0 1.000000 1.000000 1.000000 1.000000 1.000000 1.000000 1.000000 1.000000 1.000000 1.000000 1.000000 0.001908
9575.0 1.000000 1.000000 1.000000 1.000000 1.000000 1.000000 1.000000 1.000000 1.000000 1.000000 1.000000 0.001903
9576.0 1.000000 1.000000 1.000000 1.000000 1.000000 1.000000 1.000000 1.000000 1.000000 1.000000 1.000000 0.001897
9577.0 1.000000 1.000000 1.000000 1.000000 1.000000 1.000000 1.000000 1.000000 1.000000 1.000000 1.000000 0.001891
9578.0 1.000000 1.000000 1.000000 1.000000 1.000000 1.000000 1.000000 1.000000 1.000000 1.000000 1.000000 0.001886
9579.0 1.000000 1.000000 1.000000 1.000000 1.000000 1.000000 1.000000 1.000000 1.000000 1.000000 1.000000 0.001880
9580.0 1.000000 1.000000 1.000000 1.000000 1.000000 1.000000 1.000000 1.000000 1.000000 1.000000 1.000000 0.001875
9581.0 1.000000 1.000000 1.000000 1.000000 1.000000 1.000000 1.000000 1.000000 1.000000 1.000000 1.000000 0.001869
9582.0 1.000000 1.000000 1.000000 1.000000 1.000000 1.000000 1.000000 1.000000 1.000000 1.000000 1.000000 0.001864
9583.0 1.000000 1.000000 1.000000 1.000000 1.000000 1.000000 1.000000 1.000000 1.000000 1.000000 1.000000 0.001858
9584.0 1.000000 1.000000 1.000000 1.000000 1.000000 1.000000 1.000000 1.000000 1.000000 1.000000 1.000000 0.001853
9585.0 1.000000 1.000000 1.000000 1.000000 1.000000 1.000000 1.000000 1.000000 1.000000 1.000000 1.000000 0.001847
9586.0 1.000000 1.000000 1.000000 1.000000 1.000000 1.000000 1.000000 1.000000 1.000000 1.000000 1.000000 0.001842
9587.0 1.000000 1.000000 1.000000 1.000000 1.000000 1.000000 1.000000 1.000000 1.000000 1.000000 1.000000 0.001836
9588.0 1.000000 1.000000 1.000000 1.000000 1.000000 1.000000 1.000000 1.000000 1.000000 1.000000 1.000000 0.001831
9589.0 1.000000 1.000000 1.000000 1.000000 1.000000 1.000000 1.000000 1.000000 1.000000 1.000000 1.000000 0.001826
9590.0 1.000000 1.000000 1.000000 1.000000 1.000000 1.000000 1.000000 1.000000 1.000000 1.000000 1.000000 0.001820
9591.0 1.000000 1.000000 1.000000 1.000000 1.000000 1.000000 1.000000 1.000000 1.000000 1.000000 1.000000 0.001815
9592.0 1.000000 1.000000 1.000000 1.000000 1.000000 1.000000 1.000000 1.000000 1.000000 1.000000 1.000000 0.001809
9593.0 1.000000 1.000000 1.000000 1.000000 1.000000 1.000000 1.000000 1.000000 1.000000 1.000000 1.000000 0.001804
9594.0 1.000000 1.000000 1.000000 1.000000 1.000000 1.000000 1.000000 1.000000 1.000000 1.000000 1.000000 0.001799
9595.0 1.000000 1.000000 1.000000 1.000000 1.000000 1.000000 1.000000 1.000000 1.000000 1.000000 1.000000 0.001793
9596.0 1.000000 1.000000 1.000000 1.000000 1.000000 1.000000 1.000000 1.000000 1.000000 1.000000 1.000000 0.001788
9597.0 1.000000 1.000000 1.000000 1.000000 1.000000 1.000000 1.000000 1.000000 1.000000 1.000000 1.000000 0.001783
9598.0 1.000000 1.000000 1.000000 1.000000 1.000000 1.000000 1.000000 1.000000 1.000000 1.000000 1.000000 0.001778
9599.0 1.000000 1.000000 1.000000 1.000000 1.000000 1.000000 1.000000 1.000000 1.000000 1.000000 1.000000 0.001772
9600.0 1.000000 1.000000 1.000000 1.000000 1.000000 1.000000 1.000000 1.000000 1.000000 1.000000 1.000000 0.001767
9601.0 1.000000 1.000000 1.000000 1.000000 1.000000 1.000000 1.000000 1.000000 1.000000 1.000000 1.000000 0.001762
9602.0 1.000000 1.000000 1.000000 1.000000 1.000000 1.000000 1.000000 1.000000 1.000000 1.000000 1.000000 0.001757
9603.0 1.000000 1.000000 1.000000 1.000000 1.000000 1.000000 1.000000 1.000000 1.000000 1.000000 1.000000 0.001751
9604.0 1.000000 1.000000 1.000000 1.000000 1.000000 1.000000 1.000000 1.000000 1.000000 1.000000 1.000000 0.001746
9605.0 1.000000 1.000000 1.000000 1.000000 1.000000 1.000000 1.000000 1.000000 1.000000 1.000000 1.000000 0.001741
9606.0 1.000000 1.000000 1.000000 1.000000 1.000000 1.000000 1.000000 1.000000 1.000000 1.000000 1.000000 0.001736
9607.0 1.000000 1.000000 1.000000 1.000000 1.000000 1.000000 1.000000 1.000000 1.000000 1.000000 1.000000 0.001731
9608.0 1.000000 1.000000 1.000000 1.000000 1.000000 1.000000 1.000000 1.000000 1.000000 1.000000 1.000000 0.001725
9609.0 1.000000 1.000000 1.000000 1.000000 1.000000 1.000000 1.000000 1.000000 1.000000 1.000000 1.000000 0.001720
9610.0 1.000000 1.000000 1.000000 1.000000 1.000000 1.000000 1.000000 1.000000 1.000000 1.000000 1.000000 0.001715
9611.0 1.000000 1.000000 1.000000 1.000000 1.000000 1.000000 1.000000 1.000000 1.000000 1.000000 1.000000 0.001710
9612.0 1.000000 1.000000 1.000000 1.000000 1.000000 1.000000 1.000000 1.000000 1.000000 1.000000 1.000000 0.001705
9613.0 1.000000 1.000000 1.000000 1.000000 1.000000 1.000000 1.000000 1.000000 1.000000 1.000000 1.000000 0.001700
9614.0 1.000000 1.000000 1.000000 1.000000 1.000000 1.000000 1.000000 1.000000 1.000000 1.000000 1.000000 0.001695
9615.0 1.000000 1.000000 1.000000 1.000000 1.000000 1.000000 1.000000 1.000000 1.000000 1.000000 1.000000 0.001690
9616.0 1.000000 1.000000 1.000000 1.000000 1.000000 1.000000 1.000000 1.000000 1.000000 1.000000 1.000000 0.001685
9617.0 1.000000 1.000000 1.000000 1.000000 1.000000 1.000000 1.000000 1.000000 1.000000 1.000000 1.000000 0.001680
9618.0 1.000000 1.000000 1.000000 1.000000 1.000000 1.000000 1.000000 1.000000 1.000000 1.000000 1.000000 0.001675
9619.0 1.000000 1.000000 1.000000 1.000000 1.000000 1.000000 1.000000 1.000000 1.000000 1.000000 1.000000 0.001670
9620.0 1.000000 1.000000 1.000000 1.000000 1.000000 1.000000 1.000000 1.000000 1.000000 1.000000 1.000000 0.001665
9621.0 1.000000 1.000000 1.000000 1.000000 1.000000 1.000000 1.000000 1.000000 1.000000 1.000000 1.000000 0.001660
9622.0 1.000000 1.000000 1.000000 1.000000 1.000000 1.000000 1.000000 1.000000 1.000000 1.000000 1.000000 0.001655
9623.0 1.000000 1.000000 1.000000 1.000000 1.000000 1.000000 1.000000 1.000000 1.000000 1.000000 1.000000 0.001650
9624.0 1.000000 1.000000 1.000000 1.000000 1.000000 1.000000 1.000000 1.000000 1.000000 1.000000 1.000000 0.001645
9625.0 1.000000 1.000000 1.000000 1.000000 1.000000 1.000000 1.000000 1.000000 1.000000 1.000000 1.000000 0.001640
9626.0 1.000000 1.000000 1.000000 1.000000 1.000000 1.000000 1.000000 1.000000 1.000000 1.000000 1.000000 0.001635
9627.0 1.000000 1.000000 1.000000 1.000000 1.000000 1.000000 1.000000 1.000000 1.000000 1.000000 1.000000 0.001630
9628.0 1.000000 1.000000 1.000000 1.000000 1.000000 1.000000 1.000000 1.000000 1.000000 1.000000 1.000000 0.001625
9629.0 1.000000 1.000000 1.000000 1.000000 1.000000 1.000000 1.000000 1.000000 1.000000 1.000000 1.000000 0.001620
9630.0 1.000000 1.000000 1.000000 1.000000 1.000000 1.000000 1.000000 1.000000 1.000000 1.000000 1.000000 0.001616
9631.0 1.000000 1.000000 1.000000 1.000000 1.000000 1.000000 1.000000 1.000000 1.000000 1.000000 1.000000 0.001611
9632.0 1.000000 1.000000 1.000000 1.000000 1.000000 1.000000 1.000000 1.000000 1.000000 1.000000 1.000000 0.001606
9633.0 1.000000 1.000000 1.000000 1.000000 1.000000 1.000000 1.000000 1.000000 1.000000 1.000000 1.000000 0.001601
9634.0 1.000000 1.000000 1.000000 1.000000 1.000000 1.000000 1.000000 1.000000 1.000000 1.000000 1.000000 0.001596
9635.0 1.000000 1.000000 1.000000 1.000000 1.000000 1.000000 1.000000 1.000000 1.000000 1.000000 1.000000 0.001591
9636.0 1.000000 1.000000 1.000000 1.000000 1.000000 1.000000 1.000000 1.000000 1.000000 1.000000 1.000000 0.001587
9637.0 1.000000 1.000000 1.000000 1.000000 1.000000 1.000000 1.000000 1.000000 1.000000 1.000000 1.000000 0.001582
9638.0 1.000000 1.000000 1.000000 1.000000 1.000000 1.000000 1.000000 1.000000 1.000000 1.000000 1.000000 0.001577
9639.0 1.000000 1.000000 1.000000 1.000000 1.000000 1.000000 1.000000 1.000000 1.000000 1.000000 1.000000 0.001572
9640.0 1.000000 1.000000 1.000000 1.000000 1.000000 1.000000 1.000000 1.000000 1.000000 1.000000 1.000000 0.001568
9641.0 1.000000 1.000000 1.000000 1.000000 1.000000 1.000000 1.000000 1.000000 1.000000 1.000000 1.000000 0.001563
9642.0 1.000000 1.000000 1.000000 1.000000 1.000000 1.000000 1.000000 1.000000 1.000000 1.000000 1.000000 0.001558
9643.0 1.000000 1.000000 1.000000 1.000000 1.000000 1.000000 1.000000 1.000000 1.000000 1.000000 1.000000 0.001554
9644.0 1.000000 1.000000 1.000000 1.000000 1.000000 1.000000 1.000000 1.000000 1.000000 1.000000 1.000000 0.001549
9645.0 1.000000 1.000000 1.000000 1.000000 1.000000 1.000000 1.000000 1.000000 1.000000 1.000000 1.000000 0.001544
9646.0 1.000000 1.000000 1.000000 1.000000 1.000000 1.000000 1.000000 1.000000 1.000000 1.000000 1.000000 0.001540
9647.0 1.000000 1.000000 1.000000 1.000000 1.000000 1.000000 1.000000 1.000000 1.000000 1.000000 1.000000 0.001535
9648.0 1.000000 1.000000 1.000000 1.000000 1.000000 1.000000 1.000000 1.000000 1.000000 1.000000 1.000000 0.001530
9649.0 1.000000 1.000000 1.000000 1.000000 1.000000 1.000000 1.000000 1.000000 1.000000 1.000000 1.000000 0.001526
9650.0 1.000000 1.000000 1.000000 1.000000 1.000000 1.000000 1.000000 1.000000 1.000000 1.000000 1.000000 0.001521
9651.0 1.000000 1.000000 1.000000 1.000000 1.000000 1.000000 1.000000 1.000000 1.000000 1.000000 1.000000 0.001516
9652.0 1.000000 1.000000 1.000000 1.000000 1.000000 1.000000 1.000000 1.000000 1.000000 1.000000 1.000000 0.001512
9653.0 1.000000 1.000000 1.000000 1.000000 1.000000 1.000000 1.000000 1.000000 1.000000 1.000000 1.000000 0.001507
9654.0 1.000000 1.000000 1.000000 1.000000 1.000000 1.000000 1.000000 1.000000 1.000000 1.000000 1.000000 0.001503
9655.0 1.000000 1.000000 1.000000 1.000000 1.000000 1.000000 1.000000 1.000000 1.000000 1.000000 1.000000 0.001498
9656.0 1.000000 1.000000 1.000000 1.000000 1.000000 1.000000 1.000000 1.000000 1.000000 1.000000 1.000000 0.001494
9657.0 1.000000 1.000000 1.000000 1.000000 1.000000 1.000000 1.000000 1.000000 1.000000 1.000000 1.000000 0.001489
9658.0 1.000000 1.000000 1.000000 1.000000 1.000000 1.000000 1.000000 1.000000 1.000000 1.000000 1.000000 0.001485
9659.0 1.000000 1.000000 1.000000 1.000000 1.000000 1.000000 1.000000 1.000000 1.000000 1.000000 1.000000 0.001480
9660.0 1.000000 1.000000 1.000000 1.000000 1.000000 1.000000 1.000000 1.000000 1.000000 1.000000 1.000000 0.001476
9661.0 1.000000 1.000000 1.000000 1.000000 1.000000 1.000000 1.000000 1.000000 1.000000 1.000000 1.000000 0.001471
9662.0 1.000000 1.000000 1.000000 1.000000 1.000000 1.000000 1.000000 1.000000 1.000000 1.000000 1.000000 0.001467
9663.0 1.000000 1.000000 1.000000 1.000000 1.000000 1.000000 1.000000 1.000000 1.000000 1.000000 1.000000 0.001462
9664.0 1.000000 1.000000 1.000000 1.000000 1.000000 1.000000 1.000000 1.000000 1.000000 1.000000 1.000000 0.001458
9665.0 1.000000 1.000000 1.000000 1.000000 1.000000 1.000000 1.000000 1.000000 1.000000 1.000000 1.000000 0.001453
9666.0 1.000000 1.000000 1.000000 1.000000 1.000000 1.000000 1.000000 1.000000 1.000000 1.000000 1.000000 0.001449
9667.0 1.000000 1.000000 1.000000 1.000000 1.000000 1.000000 1.000000 1.000000 1.000000 1.000000 1.000000 0.001445
9668.0 1.000000 1.000000 1.000000 1.000000 1.000000 1.000000 1.000000 1.000000 1.000000 1.000000 1.000000 0.001440
9669.0 1.000000 1.000000 1.000000 1.000000 1.000000 1.000000 1.000000 1.000000 1.000000 1.000000 1.000000 0.001436
9670.0 1.000000 1.000000 1.000000 1.000000 1.000000 1.000000 1.000000 1.000000 1.000000 1.000000 1.000000 0.001431
9671.0 1.000000 1.000000 1.000000 1.000000 1.000000 1.000000 1.000000 1.000000 1.000000 1.000000 1.000000 0.001427
9672.0 1.000000 1.000000 1.000000 1.000000 1.000000 1.000000 1.000000 1.000000 1.000000 1.000000 1.000000 0.001423
9673.0 1.000000 1.000000 1.000000 1.000000 1.000000 1.000000 1.000000 1.000000 1.000000 1.000000 1.000000 0.001418
9674.0 1.000000 1.000000 1.000000 1.000000 1.000000 1.000000 1.000000 1.000000 1.000000 1.000000 1.000000 0.001414
9675.0 1.000000 1.000000 1.000000 1.000000 1.000000 1.000000 1.000000 1.000000 1.000000 1.000000 1.000000 0.001410
9676.0 1.000000 1.000000 1.000000 1.000000 1.000000 1.000000 1.000000 1.000000 1.000000 1.000000 1.000000 0.001405
9677.0 1.000000 1.000000 1.000000 1.000000 1.000000 1.000000 1.000000 1.000000 1.000000 1.000000 1.000000 0.001401
9678.0 1.000000 1.000000 1.000000 1.000000 1.000000 1.000000 1.000000 1.000000 1.000000 1.000000 1.000000 0.001397
9679.0 1.000000 1.000000 1.000000 1.000000 1.000000 1.000000 1.000000 1.000000 1.000000 1.000000 1.000000 0.001393
9680.0 1.000000 1.000000 1.000000 1.000000 1.000000 1.000000 1.000000 1.000000 1.000000 1.000000 1.000000 0.001388
9681.0 1.000000 1.000000 1.000000 1.000000 1.000000 1.000000 1.000000 1.000000 1.000000 1.000000 1.000000 0.001384
9682.0 1.000000 1.000000 1.000000 1.000000 1.000000 1.000000 1.000000 1.000000 1.000000 1.000000 1.000000 0.001380
9683.0 1.000000 1.000000 1.000000 1.000000 1.000000 1.000000 1.000000 1.000000 1.000000 1.000000 1.000000 0.001376
9684.0 1.000000 1.000000 1.000000 1.000000 1.000000 1.000000 1.000000 1.000000 1.000000 1.000000 1.000000 0.001371
9685.0 1.000000 1.000000 1.000000 1.000000 1.000000 1.000000 1.000000 1.000000 1.000000 1.000000 1.000000 0.001367
9686.0 1.000000 1.000000 1.000000 1.000000 1.000000 1.000000 1.000000 1.000000 1.000000 1.000000 1.000000 0.001363
9687.0 1.000000 1.000000 1.000000 1.000000 1.000000 1.000000 1.000000 1.000000 1.000000 1.000000 1.000000 0.001359
9688.0 1.000000 1.000000 1.000000 1.000000 1.000000 1.000000 1.000000 1.000000 1.000000 1.000000 1.000000 0.001355
9689.0 1.000000 1.000000 1.000000 1.000000 1.000000 1.000000 1.000000 1.000000 1.000000 1.000000 1.000000 0.001351
9690.0 1.000000 1.000000 1.000000 1.000000 1.000000 1.000000 1.000000 1.000000 1.000000 1.000000 1.000000 0.001346
9691.0 1.000000 1.000000 1.000000 1.000000 1.000000 1.000000 1.000000 1.000000 1.000000 1.000000 1.000000 0.001342
9692.0 1.000000 1.000000 1.000000 1.000000 1.000000 1.000000 1.000000 1.000000 1.000000 1.000000 1.000000 0.001338
9693.0 1.000000 1.000000 1.000000 1.000000 1.000000 1.000000 1.000000 1.000000 1.000000 1.000000 1.000000 0.001334
9694.0 1.000000 1.000000 1.000000 1.000000 1.000000 1.000000 1.000000 1.000000 1.000000 1.000000 1.000000 0.001330
9695.0 1.000000 1.000000 1.000000 1.000000 1.000000 1.000000 1.000000 1.000000 1.000000 1.000000 1.000000 0.001326
9696.0 1.000000 1.000000 1.000000 1.000000 1.000000 1.000000 1.000000 1.000000 1.000000 1.000000 1.000000 0.001322
9697.0 1.000000 1.000000 1.000000 1.000000 1.000000 1.000000 1.000000 1.000000 1.000000 1.000000 1.000000 0.001318
9698.0 1.000000 1.000000 1.000000 1.000000 1.000000 1.000000 1.000000 1.000000 1.000000 1.000000 1.000000 0.001314
9699.0 1.000000 1.000000 1.000000 1.000000 1.000000 1.000000 1.000000 1.000000 1.000000 1.000000 1.000000 0.001310
9700.0 1.000000 1.000000 1.000000 1.000000 1.000000 1.000000 1.000000 1.000000 1.000000 1.000000 1.000000 0.001306
9701.0 1.000000 1.000000 1.000000 1.000000 1.000000 1.000000 1.000000 1.000000 1.000000 1.000000 1.000000 0.001302
9702.0 1.000000 1.000000 1.000000 1.000000 1.000000 1.000000 1.000000 1.000000 1.000000 1.000000 1.000000 0.001298
9703.0 1.000000 1.000000 1.000000 1.000000 1.000000 1.000000 1.000000 1.000000 1.000000 1.000000 1.000000 0.001294
9704.0 1.000000 1.000000 1.000000 1.000000 1.000000 1.000000 1.000000 1.000000 1.000000 1.000000 1.000000 0.001290
9705.0 1.000000 1.000000 1.000000 1.000000 1.000000 1.000000 1.000000 1.000000 1.000000 1.000000 1.000000 0.001286
9706.0 1.000000 1.000000 1.000000 1.000000 1.000000 1.000000 1.000000 1.000000 1.000000 1.000000 1.000000 0.001282
9707.0 1.000000 1.000000 1.000000 1.000000 1.000000 1.000000 1.000000 1.000000 1.000000 1.000000 1.000000 0.001278
9708.0 1.000000 1.000000 1.000000 1.000000 1.000000 1.000000 1.000000 1.000000 1.000000 1.000000 1.000000 0.001274
9709.0 1.000000 1.000000 1.000000 1.000000 1.000000 1.000000 1.000000 1.000000 1.000000 1.000000 1.000000 0.001270
9710.0 1.000000 1.000000 1.000000 1.000000 1.000000 1.000000 1.000000 1.000000 1.000000 1.000000 1.000000 0.001266
9711.0 1.000000 1.000000 1.000000 1.000000 1.000000 1.000000 1.000000 1.000000 1.000000 1.000000 1.000000 0.001262
9712.0 1.000000 1.000000 1.000000 1.000000 1.000000 1.000000 1.000000 1.000000 1.000000 1.000000 1.000000 0.001258
9713.0 1.000000 1.000000 1.000000 1.000000 1.000000 1.000000 1.000000 1.000000 1.000000 1.000000 1.000000 0.001254
9714.0 1.000000 1.000000 1.000000 1.000000 1.000000 1.000000 1.000000 1.000000 1.000000 1.000000 1.000000 0.001250
9715.0 1.000000 1.000000 1.000000 1.000000 1.000000 1.000000 1.000000 1.000000 1.000000 1.000000 1.000000 0.001247
9716.0 1.000000 1.000000 1.000000 1.000000 1.000000 1.000000 1.000000 1.000000 1.000000 1.000000 1.000000 0.001243
9717.0 1.000000 1.000000 1.000000 1.000000 1.000000 1.000000 1.000000 1.000000 1.000000 1.000000 1.000000 0.001239
9718.0 1.000000 1.000000 1.000000 1.000000 1.000000 1.000000 1.000000 1.000000 1.000000 1.000000 1.000000 0.001235
9719.0 1.000000 1.000000 1.000000 1.000000 1.000000 1.000000 1.000000 1.000000 1.000000 1.000000 1.000000 0.001231
9720.0 1.000000 1.000000 1.000000 1.000000 1.000000 1.000000 1.000000 1.000000 1.000000 1.000000 1.000000 0.001227
9721.0 1.000000 1.000000 1.000000 1.000000 1.000000 1.000000 1.000000 1.000000 1.000000 1.000000 1.000000 0.001224
9722.0 1.000000 1.000000 1.000000 1.000000 1.000000 1.000000 1.000000 1.000000 1.000000 1.000000 1.000000 0.001220
9723.0 1.000000 1.000000 1.000000 1.000000 1.000000 1.000000 1.000000 1.000000 1.000000 1.000000 1.000000 0.001216
9724.0 1.000000 1.000000 1.000000 1.000000 1.000000 1.000000 1.000000 1.000000 1.000000 1.000000 1.000000 0.001212
9725.0 1.000000 1.000000 1.000000 1.000000 1.000000 1.000000 1.000000 1.000000 1.000000 1.000000 1.000000 0.001208
9726.0 1.000000 1.000000 1.000000 1.000000 1.000000 1.000000 1.000000 1.000000 1.000000 1.000000 1.000000 1.000000
9727.0 1.000000 1.000000 1.000000 1.000000 1.000000 1.000000 1.000000 1.000000 1.000000 1.000000 1.000000 1.000000
9728.0 1.000000 1.000000 1.000000 1.000000 1.000000 1.000000 1.000000 1.000000 1.000000 1.000000 1.000000 1.000000
9729.0 1.000000 1.000000 1.000000 1.000000 1.000000 1.000000 1.000000 1.000000 1.000000 1.000000 1.000000 1.000000
